// Auto-generated. Delta-encoded 128x64 1-bit video for the OLED player.
#pragma once
#include <Arduino.h>

#define VIDEO_FPS 15
#define VIDEO_FRAMES 361
#define VIDEO_BYTES 20666

const uint8_t videoData[] PROGMEM = {
  0x00,0x00,0x00,0x00,0x00,0x00,0x00,0x00,0x00,0x00,0x00,0x00,0x00,0x00,0x00,0x00,
  0x00,0x00,0x00,0x00,0x00,0x00,0x00,0x00,0xFF,0x00,0x0F,0x21,0xF8,0x00,0x04,0x04,
  0x04,0x04,0x04,0xFC,0x7C,0x3C,0xE4,0x04,0xFC,0xFC,0x04,0x04,0xCC,0xFC,0x84,0x04,
  0x04,0xFC,0x04,0xFC,0xFC,0x04,0xC4,0xE4,0xE4,0x34,0x3E,0xFE,0x0C,0x5F,0x02,0x1E,
  0x1C,0x04,0x03,0x0E,0x1C,0x1C,0x03,0x14,0x0F,0x0F,0x00,0x0F,0x0F,0x1F,0x00,0x00,
  0x01,0x1F,0x00,0x3F,0x0F,0x00,0x00,0x3F,0x3F,0x00,0x3E,0x1F,0x00,0x00,0xFF,0x00,
  0x0E,0x06,0xC0,0x80,0x04,0x02,0x00,0x80,0x04,0x01,0xC0,0x05,0x0B,0x80,0x00,0x00,
  0x40,0x00,0x98,0x02,0x02,0x02,0x02,0x02,0x65,0x21,0x03,0x1E,0x1C,0x00,0x00,0x03,
  0x02,0x0E,0x1C,0x1C,0x01,0x01,0x00,0x0C,0x0E,0x00,0x0E,0x0E,0x1E,0x01,0x01,0x02,
  0x1C,0x00,0x3C,0x0C,0x00,0x00,0x26,0x00,0x01,0x3E,0x1C,0x00,0x00,0xFF,0x00,0x0F,
  0x15,0x40,0x00,0x00,0x02,0x02,0x02,0x04,0x00,0x00,0x02,0x02,0x02,0x02,0x02,0x02,
  0x02,0x02,0x02,0x02,0x02,0x02,0x05,0x02,0x02,0x02,0x63,0x03,0x04,0x0C,0x08,0x03,
  0x1B,0x04,0x0C,0x08,0x0C,0x06,0x02,0x00,0x0C,0x06,0x00,0x06,0x0E,0x0E,0x00,0x00,
  0x04,0x0C,0x00,0x0C,0x0C,0x00,0x00,0x10,0x20,0x06,0x0E,0x0C,0x00,0x00,0xFF,0x00,
  0x15,0x01,0x04,0x09,0x05,0x10,0x00,0x00,0x80,0x60,0x7C,0x01,0x01,0x09,0x01,0x10,
  0x00,0x00,0xFF,0x00,0x0E,0x01,0x20,0x06,0x03,0x02,0x02,0x02,0x07,0x01,0x10,0x0B,
  0x02,0x02,0x02,0x63,0x01,0x04,0x00,0x00,0xB3,0x05,0xC0,0x00,0x80,0x80,0x80,0x56,
  0x02,0x40,0x08,0x0E,0x01,0x10,0x07,0x01,0x80,0x0B,0x10,0x06,0xFF,0x06,0xFF,0xFF,
  0xC7,0xC7,0xC6,0x04,0x04,0x84,0xC4,0xC4,0x84,0xFC,0xFC,0x5B,0x01,0x08,0x08,0x01,
  0x03,0x0C,0x0F,0x0F,0x00,0x03,0x03,0x01,0x00,0x0F,0x00,0x06,0x0F,0x07,0x00,0x00,
  0x07,0x0F,0x00,0x00,0xB2,0x01,0x80,0x61,0x01,0x40,0x03,0x01,0x02,0x0D,0x02,0x80,
  0x02,0x06,0x01,0x02,0x03,0x01,0x01,0x05,0x01,0x20,0x5A,0x01,0x01,0x04,0x04,0x02,
  0x00,0x00,0x08,0x04,0x01,0x04,0x05,0x01,0x03,0x00,0x00,0xB8,0x01,0x80,0x58,0x04,
  0x80,0x00,0x00,0x20,0x03,0x13,0x02,0x00,0x00,0x02,0x02,0x00,0x02,0x02,0x02,0x02,
  0x02,0x00,0x02,0x02,0x02,0x00,0x02,0x00,0x02,0x66,0x01,0x01,0x06,0x01,0x02,0x09,
  0x01,0x08,0x03,0x01,0x0F,0x14,0x01,0x01,0x00,0x00,0xB6,0x01,0x80,0x86,0x01,0x02,
  0x52,0x01,0x08,0x15,0x01,0x05,0x00,0x00,0xB4,0x01,0x80,0x5A,0x08,0x08,0x00,0x02,
  0x02,0x02,0x02,0x02,0x02,0x14,0x01,0x02,0x0D,0x01,0x20,0x5B,0x04,0x04,0x00,0x00,
  0x02,0x0D,0x01,0x02,0x00,0x00,0xD9,0x04,0x80,0x80,0x80,0x80,0x50,0x01,0x02,0x18,
  0x18,0xC0,0x38,0x04,0x04,0x84,0xC4,0xE4,0x64,0x3C,0xFC,0x3C,0x94,0xA4,0x04,0x04,
  0xE4,0x1C,0x04,0x04,0xFC,0x05,0x04,0x87,0x04,0x3A,0x01,0x02,0x04,0x06,0x08,0x00,
  0x00,0x02,0x00,0x08,0x12,0x01,0x02,0x10,0x17,0x07,0x0C,0x0C,0x00,0x00,0x01,0x03,
  0x06,0x0E,0x0F,0x00,0x01,0x01,0x00,0x07,0x0F,0x0C,0x08,0x00,0x0F,0x0C,0x0C,0x07,
  0x00,0x00,0xB2,0x01,0x40,0x79,0x01,0x02,0x1D,0x01,0x40,0x10,0x01,0xC0,0x4A,0x01,
  0x08,0x14,0x01,0x01,0x00,0x00,0xFF,0x00,0x0E,0x1B,0x20,0x80,0x00,0x00,0x80,0x00,
  0x02,0x20,0x02,0x02,0x00,0x04,0x00,0x00,0x02,0x02,0x00,0x02,0x02,0x02,0x06,0x02,
  0x00,0x02,0x02,0x22,0x02,0x06,0x01,0x02,0x17,0x01,0x20,0x47,0x01,0x03,0x04,0x01,
  0x01,0x09,0x01,0x08,0x08,0x01,0x08,0x19,0x01,0x08,0x00,0x00,0xB6,0x01,0x80,0x57,
  0x01,0xC0,0x19,0x01,0x02,0x14,0x01,0x02,0x16,0x01,0x80,0x03,0x01,0x08,0x35,0x01,
  0x03,0x13,0x01,0x08,0x14,0x01,0x01,0x03,0x01,0x04,0x00,0x00,0xFF,0x00,0x12,0x04,
  0x06,0x02,0x00,0x02,0x0B,0x02,0x44,0x84,0x08,0x02,0x02,0x02,0x30,0x01,0x40,0x33,
  0x01,0x08,0x15,0x01,0x01,0x0F,0x01,0x02,0x04,0x01,0x01,0x18,0x01,0x04,0x00,0x00,
  0xD9,0x01,0x40,0x34,0x04,0x40,0x00,0x00,0x04,0x0C,0x03,0x10,0x00,0x44,0x05,0x01,
  0x20,0x05,0x02,0x02,0x02,0x04,0x01,0x01,0x06,0x01,0x02,0x05,0x01,0x02,0x07,0x01,
  0x40,0x0A,0x01,0x40,0x3E,0x01,0x01,0x06,0x01,0x02,0x0D,0x01,0x09,0x00,0x00,0xB6,
  0x01,0x80,0x56,0x03,0x20,0x00,0x02,0x08,0x01,0x04,0x08,0x01,0x80,0x0C,0x01,0x02,
  0x11,0x02,0x02,0x02,0x10,0x04,0x10,0x00,0x00,0x10,0x0B,0x14,0x0C,0xBC,0xE4,0x04,
  0x04,0xFC,0x0C,0x04,0xFC,0x04,0x84,0xC4,0xE4,0x64,0x34,0xFC,0xFC,0x94,0xA4,0x04,
  0x2D,0x01,0x08,0x03,0x01,0x08,0x10,0x01,0x01,0x03,0x01,0x01,0x26,0x12,0x0F,0x0F,
  0x08,0x08,0x0F,0x00,0x00,0x0F,0x00,0x00,0x01,0x03,0x02,0x06,0x0F,0x01,0x01,0x01,
  0x00,0x00,0xFF,0x00,0x10,0x01,0x08,0x08,0x01,0x10,0x15,0x01,0x40,0x0E,0x02,0x02,
  0x02,0x08,0x01,0x40,0x05,0x01,0x10,0x0D,0x01,0x02,0x0C,0x01,0x08,0x09,0x03,0x08,
  0x00,0xC0,0x19,0x01,0x02,0x09,0x01,0x02,0x07,0x01,0x02,0x05,0x01,0x08,0x0E,0x02,
  0x02,0x02,0x04,0x01,0x04,0x14,0x01,0x01,0x13,0x01,0x04,0x09,0x02,0x04,0x08,0x00,
  0x00,0xFF,0x00,0x0F,0x01,0x80,0x1B,0x01,0x10,0x3C,0x01,0x20,0x26,0x04,0x01,0x00,
  0x00,0x01,0x3B,0x01,0x01,0x13,0x01,0x04,0x00,0x00,0xFF,0x00,0x10,0x06,0x02,0x00,
  0x80,0x00,0x00,0x20,0x27,0x01,0x02,0x18,0x01,0x08,0x1E,0x01,0xC0,0x5B,0x01,0x01,
  0x10,0x01,0x02,0x03,0x01,0x04,0x00,0x00,0xFF,0x00,0x0F,0x01,0x80,0x09,0x01,0x10,
  0x0D,0x01,0x60,0x0B,0x01,0x01,0x08,0x01,0x02,0x05,0x01,0xE0,0x09,0x01,0x20,0x0C,
  0x01,0x30,0x08,0x02,0x10,0x40,0x2B,0x01,0x01,0x13,0x01,0x08,0x1A,0x01,0x02,0x03,
  0x01,0x01,0x12,0x01,0x04,0x00,0x00,0xFF,0x00,0x27,0x01,0x60,0x12,0x02,0x02,0x02,
  0x06,0x01,0xE0,0x09,0x01,0x02,0x71,0x01,0x02,0x03,0x01,0x01,0x0F,0x01,0x02,0x3D,
  0x12,0x80,0xC0,0xC0,0xC0,0xC0,0xC0,0xC0,0xC0,0xC0,0xC0,0xC0,0xC0,0xC0,0xC0,0xC0,
  0xC0,0xC0,0xC0,0x6C,0x14,0xFC,0x9F,0x80,0x00,0xFF,0xFF,0x84,0x8C,0x78,0x00,0xE0,
  0xF0,0x18,0x10,0x10,0xFF,0x8F,0x00,0xFF,0x30,0x6D,0x06,0x01,0x01,0x00,0x01,0x01,
  0x01,0x08,0x04,0x01,0x00,0x00,0x01,0x00,0x00,0xFF,0x00,0x12,0x01,0x80,0x18,0x01,
  0x10,0x1C,0x01,0x40,0x04,0x02,0x02,0x02,0x04,0x01,0x40,0x40,0x01,0x01,0x04,0x01,
  0x02,0x37,0x01,0x01,0xBD,0x01,0x10,0x0B,0x01,0x08,0x00,0x00,0xD9,0x01,0x40,0xF3,
  0x01,0x01,0xCA,0x01,0x08,0x00,0x00,0xB6,0x01,0x80,0x56,0x02,0x20,0x80,0x39,0x03,
  0x08,0x02,0x02,0x07,0x01,0x40,0x1A,0x01,0x20,0x22,0x01,0x08,0x07,0x01,0x02,0x0D,
  0x04,0x01,0x00,0x00,0x04,0xE4,0x01,0x08,0x00,0x00,0xFF,0x00,0x0F,0x02,0xC0,0x08,
  0x16,0x01,0x60,0x15,0x01,0x40,0x04,0x01,0xF0,0x06,0x01,0x08,0x09,0x01,0x10,0x03,
  0x01,0x10,0x1B,0x01,0x08,0x1B,0x01,0x02,0x04,0x01,0x01,0x12,0x01,0x01,0x14,0x05,
  0x01,0x00,0x02,0x00,0x01,0x06,0x01,0x08,0x09,0x01,0x01,0x17,0x01,0x0C,0xAC,0x01,
  0x08,0x0A,0x01,0x10,0x00,0x00,0xFF,0x00,0x27,0x01,0x60,0x1A,0x01,0xF0,0x14,0x01,
  0x10,0x66,0x01,0x02,0x66,0x28,0x40,0xC0,0xC0,0xC0,0xC0,0xC0,0xC0,0xC0,0xC0,0xC0,
  0xC0,0xF8,0xF8,0xD0,0xD0,0xF0,0xF0,0xD0,0xC0,0xC0,0xC0,0xC0,0xC0,0xC0,0xC0,0xC0,
  0xC0,0xC0,0xC0,0xC0,0xC0,0xC0,0xC0,0xC0,0xC0,0xC0,0xC0,0xC0,0xC0,0xC0,0x42,0x01,
  0x01,0x06,0x01,0x20,0x0F,0x2A,0x18,0x3C,0x6C,0xC6,0xC7,0xFF,0x03,0x33,0x3E,0x00,
  0x01,0xFF,0x00,0x18,0x3C,0x3C,0x66,0xE7,0xFF,0xBF,0x00,0x30,0x78,0xC0,0x8E,0x9F,
  0xC7,0xFF,0x38,0x00,0xFF,0x00,0x81,0xF3,0xFF,0xCC,0x80,0xC9,0xFF,0x00,0x80,0x80,
  0x5B,0x01,0x01,0x05,0x01,0x01,0x06,0x01,0x01,0x05,0x03,0x01,0x01,0x01,0x03,0x01,
  0x01,0x03,0x04,0x04,0x0E,0x00,0x01,0x03,0x01,0x03,0x00,0x00,0xFF,0x00,0x59,0x01,
  0x20,0x38,0x01,0x01,0x06,0x01,0x02,0x58,0x01,0x01,0x43,0x01,0x20,0x5F,0x01,0x08,
  0x16,0x01,0x08,0x07,0x01,0x40,0x03,0x01,0x40,0x06,0x03,0x08,0x00,0x04,0x03,0x01,
  0x40,0x04,0x01,0x30,0x5E,0x01,0x01,0x00,0x00,0xFF,0x00,0x19,0x02,0x02,0x02,0xC7,
  0x01,0x02,0xC6,0x01,0x20,0x09,0x01,0x10,0x9B,0x01,0x02,0x00,0x00,0xFF,0x00,0x0E,
  0x01,0x20,0x33,0x01,0x02,0x20,0x01,0xC0,0x35,0x01,0x02,0x4F,0x01,0x0C,0xA5,0x01,
  0x49,0x23,0x01,0x10,0x00,0x00,0xFF,0x00,0x10,0x01,0x08,0x08,0x02,0x02,0x02,0x0C,
  0x01,0x10,0x26,0x01,0x02,0x0D,0x03,0x02,0x00,0x02,0x14,0x01,0x08,0x33,0x04,0x08,
  0x00,0x00,0x04,0x1B,0x01,0x02,0xC8,0x01,0x48,0x06,0x01,0x20,0x25,0x01,0x08,0x04,
  0x01,0x80,0x07,0x01,0x08,0x00,0x00,0xD9,0x01,0x40,0x34,0x04,0x40,0x00,0x00,0x80,
  0x14,0x01,0x10,0x25,0x01,0x02,0x27,0x01,0xC0,0x25,0x01,0x08,0x0B,0x01,0x04,0x18,
  0x01,0x01,0x05,0x02,0x02,0x08,0x2A,0x01,0x01,0x9A,0x01,0x40,0x07,0x01,0x40,0x29,
  0x01,0x10,0x00,0x00,0xFF,0x00,0x0F,0x02,0x40,0x02,0x10,0x01,0x40,0x05,0x01,0x70,
  0x15,0x01,0x40,0x04,0x01,0xF0,0x05,0x05,0x40,0x00,0x02,0x02,0x02,0x0A,0x01,0x10,
  0x16,0x01,0x20,0x05,0x02,0x40,0x84,0x19,0x04,0x02,0x00,0x08,0x01,0x09,0x01,0x08,
  0x05,0x01,0x02,0x04,0x01,0x0C,0x16,0x05,0x06,0x00,0x01,0x00,0x0F,0x4D,0x01,0x40,
  0x7C,0x01,0x40,0x06,0x01,0x08,0x03,0x01,0x10,0x0D,0x01,0x20,0x07,0x01,0x08,0x06,
  0x02,0x02,0x01,0x09,0x0A,0x08,0x80,0x0C,0x01,0x00,0x00,0x40,0x00,0x00,0x48,0x80,
  0x01,0x01,0x00,0x00,0xFF,0x00,0x0F,0x01,0x40,0x17,0x01,0x70,0x1A,0x01,0xF0,0x09,
  0x01,0x20,0x06,0x04,0x40,0x00,0x00,0x08,0x6B,0x01,0x0F,0xCC,0x01,0x08,0x26,0x01,
  0x01,0x0C,0x07,0x01,0x00,0x00,0x40,0x00,0x00,0x08,0x00,0x00,0xB6,0x01,0x80,0x58,
  0x01,0x02,0x22,0x01,0x01,0x08,0x02,0x02,0x02,0x0A,0x01,0x40,0x0E,0x01,0x10,0x1D,
  0x01,0x40,0x1C,0x01,0x01,0x06,0x03,0x02,0x00,0x08,0x07,0x01,0x08,0x1A,0x01,0x06,
  0x08,0x01,0x08,0xC7,0x01,0x40,0x03,0x01,0x02,0x06,0x01,0x80,0x25,0x03,0x08,0x00,
  0x0C,0x06,0x01,0x08,0x00,0x00,0xFF,0x00,0x49,0x01,0x08,0x12,0x01,0x02,0x18,0x01,
  0xC0,0x1C,0x01,0x01,0x06,0x01,0x02,0x0D,0x01,0x08,0x14,0x01,0x01,0xD2,0x01,0x40,
  0x03,0x01,0x02,0x00,0x00,0xFF,0x00,0x48,0x01,0x40,0x0A,0x01,0x40,0x9E,0x01,0x06,
  0x9D,0x01,0x01,0x0D,0x04,0x70,0x00,0x00,0x01,0x24,0x01,0xC0,0x4A,0x01,0x01,0x00,
  0x00,0xFF,0x00,0x11,0x01,0x02,0x37,0x01,0x08,0x19,0x01,0x80,0x04,0x01,0x10,0x0B,
  0x01,0x40,0x1A,0x03,0x02,0x00,0x08,0x15,0x01,0x04,0x3A,0x01,0x02,0x0F,0x01,0x08,
  0x32,0x01,0x80,0x74,0x01,0x80,0x06,0x01,0x80,0x0C,0x01,0x08,0x62,0x01,0x01,0x00,
  0x00,0xFF,0x00,0x0F,0x06,0x80,0x00,0x00,0x02,0x02,0x02,0x0C,0x01,0x40,0x51,0x01,
  0x08,0x1B,0x01,0x03,0x17,0x01,0x02,0x18,0x01,0x01,0x06,0x01,0x08,0x21,0x01,0x01,
  0xBE,0x01,0x02,0x00,0x00,0xFF,0x00,0x0F,0x01,0xC0,0x0F,0x01,0x10,0x07,0x01,0x60,
  0x0B,0x01,0x01,0x0E,0x01,0xF0,0x13,0x01,0x08,0x1B,0x04,0x40,0x00,0x00,0xC0,0x17,
  0x03,0x01,0x00,0x03,0x13,0x01,0x08,0x03,0x01,0x06,0x0F,0x02,0x02,0x01,0x03,0x07,
  0x01,0x00,0x03,0x00,0x01,0x00,0x0F,0x0F,0x01,0x02,0x16,0x01,0x06,0x08,0x01,0x08,
  0x43,0x01,0x20,0x59,0x01,0x01,0x10,0x01,0x81,0x1E,0x03,0x08,0x00,0x3C,0x06,0x01,
  0x0C,0x00,0x00,0xFF,0x00,0x0E,0x05,0x20,0x00,0x08,0x00,0x80,0x14,0x01,0x60,0x1A,
  0x01,0xF0,0x10,0x04,0x40,0x00,0x00,0x08,0x36,0x01,0x01,0x30,0x01,0x02,0x03,0x01,
  0x0F,0x4D,0x01,0x40,0x25,0x01,0x20,0x8B,0x01,0x08,0x00,0x00,0xFF,0x00,0x48,0x01,
  0x40,0x25,0x01,0x20,0x25,0x01,0x01,0x04,0x01,0x02,0x0D,0x01,0x08,0x4A,0x01,0x06,
  0x9B,0x02,0x04,0x08,0x30,0x03,0x08,0x00,0x14,0x00,0x00,0xFF,0x00,0x1A,0x01,0x04,
  0x2E,0x01,0x08,0x2B,0x01,0x04,0x23,0x01,0x02,0x22,0x03,0x01,0x00,0x01,0xD0,0x02,
  0x01,0x01,0x03,0x01,0x08,0x10,0x01,0x08,0x06,0x01,0x10,0x19,0x01,0x40,0x00,0x00,
  0xB2,0x07,0xC0,0xC0,0x80,0x80,0x00,0x80,0x80,0x20,0x04,0xC0,0x80,0x80,0x80,0x30,
  0x22,0xC0,0x38,0x04,0x04,0x04,0x84,0x04,0x66,0xFE,0x7E,0xFE,0xE6,0x02,0xFE,0xFE,
  0x06,0x86,0xDE,0xFE,0xC6,0x86,0xFE,0xFE,0x06,0xFE,0xFE,0x06,0xC6,0xE6,0xE6,0x36,
  0x3E,0xFE,0x4E,0x03,0x10,0x07,0xFF,0x06,0xFF,0xFF,0xC7,0xE7,0xE6,0x06,0x04,0x84,
  0xC6,0xC6,0x86,0xFE,0xFC,0x04,0x18,0xE0,0x78,0x0C,0x04,0xC4,0xC4,0xE4,0x74,0x3C,
  0xFC,0x3C,0x94,0xA4,0x04,0x84,0xF4,0x1C,0x04,0x1C,0xFC,0x05,0xC6,0xC7,0x06,0x03,
  0x14,0x1C,0xBC,0xE4,0x04,0x04,0xFC,0x3C,0x0C,0xFC,0x04,0x84,0xC4,0xC4,0x64,0x34,
  0xFC,0xBC,0x94,0xA4,0x04,0x18,0x21,0x07,0x0C,0x0C,0x08,0x01,0x03,0x07,0x0C,0x0C,
  0x0C,0x07,0x03,0x00,0x0F,0x07,0x00,0x0F,0x0F,0x0E,0x05,0x03,0x0F,0x0F,0x00,0x0F,
  0x0F,0x00,0x00,0x19,0x1F,0x07,0x0E,0x0F,0x05,0x0F,0x0F,0x00,0x03,0x01,0x00,0x00,
  0x0F,0x00,0x06,0x0F,0x07,0x00,0x01,0x0F,0x0F,0x04,0x17,0x07,0x0C,0x0C,0x00,0x00,
  0x01,0x03,0x06,0x0E,0x0F,0x00,0x01,0x01,0x00,0x07,0x0F,0x0C,0x08,0x00,0x0F,0x0C,
  0x0C,0x07,0x04,0x13,0x06,0x0F,0x0F,0x0C,0x0C,0x0F,0x00,0x07,0x0F,0x00,0x00,0x01,
  0x03,0x06,0x0E,0x0F,0x01,0x01,0x01,0x1B,0x12,0x80,0xC0,0xC0,0xC0,0xC0,0xC0,0xC0,
  0xC0,0xC0,0xC0,0xC0,0xC0,0xC0,0xC0,0xC0,0xC0,0xC0,0xC0,0x03,0x28,0xC0,0xC0,0xC0,
  0xC0,0xC0,0xC0,0xC0,0xC0,0xC0,0xC0,0xC0,0xF8,0xF8,0xD0,0xD0,0xF0,0xF0,0xF0,0xC0,
  0xC0,0xC0,0xC0,0xC0,0xC0,0xC0,0xC0,0xC0,0xC0,0xC0,0xC0,0xC0,0xC0,0xC0,0xC0,0xC0,
  0xC0,0xC0,0xC0,0xC0,0xC0,0x41,0x14,0xF8,0x86,0x81,0x00,0xFF,0xFF,0x84,0xCC,0x78,
  0x00,0xF0,0xF8,0x18,0x18,0x10,0xFF,0xFF,0x00,0xFF,0x20,0x03,0x2B,0x08,0x38,0x3C,
  0x6E,0xE6,0xC7,0xFF,0x13,0x3B,0x3E,0x00,0x01,0xFF,0x00,0x18,0x3C,0x7E,0x66,0xE7,
  0xFF,0xFF,0x00,0x30,0x70,0xC0,0x8E,0x8F,0xCF,0xFF,0x1C,0x00,0xFF,0x00,0x41,0xF3,
  0xFF,0x80,0x80,0xF9,0xFF,0x00,0x80,0x80,0x3F,0x06,0x01,0x01,0x00,0x01,0x01,0x01,
  0x08,0x04,0x01,0x00,0x00,0x01,0x09,0x02,0x01,0x01,0x05,0x01,0x01,0x06,0x01,0x01,
  0x05,0x03,0x01,0x01,0x01,0x03,0x01,0x01,0x03,0x04,0x04,0x0E,0x01,0x01,0x03,0x01,
  0x01,0x00,0x00,0x00,0x00,0x00,0x00,0x00,0x00,0x00,0x00,0xFF,0x00,0x16,0x24,0xE0,
  0x1C,0x04,0x04,0xC4,0xE4,0xE4,0x34,0x3C,0xFC,0x3C,0x9C,0xF4,0x64,0x04,0xFC,0xF4,
  0x00,0x0E,0x8E,0xF8,0x38,0x00,0xFE,0x06,0xFE,0xFE,0x06,0x00,0xC0,0x00,0x38,0x3C,
  0x9C,0xFC,0x80,0x5C,0x24,0x07,0x0C,0x08,0x00,0x00,0x01,0x03,0x07,0x06,0x0F,0x00,
  0x01,0x01,0x00,0x00,0x0F,0x03,0x00,0x07,0x07,0x07,0x0C,0x0C,0x0F,0x00,0x07,0x0F,
  0x00,0x00,0x01,0x07,0x04,0x08,0x0C,0x0F,0x03,0x00,0x00,0xFF,0x00,0x16,0x01,0x10,
  0x09,0x08,0x20,0x00,0x00,0x40,0x00,0x00,0xF0,0x08,0x0A,0x01,0x80,0x04,0x01,0x12,
  0x66,0x01,0x08,0x07,0x01,0x02,0x0C,0x03,0x02,0x00,0x08,0x00,0x00,0xFF,0x00,0x18,
  0x02,0x02,0x02,0x08,0x02,0x20,0x40,0x05,0x01,0x08,0x76,0x01,0x04,0x05,0x01,0x01,
  0x00,0x00,0xFF,0x00,0x15,0x01,0x80,0x04,0x01,0x02,0x08,0x01,0x60,0x03,0x01,0x04,
  0x09,0x01,0x04,0x05,0x01,0x40,0x5D,0x01,0x01,0x0A,0x01,0x04,0x09,0x01,0x01,0x00,
  0x00,0xFF,0x00,0xAA,0x01,0x01,0x00,0x00,0xFF,0x00,0x23,0x01,0x40,0x06,0x01,0x04,
  0x7B,0x01,0x02,0x00,0x00,0xFF,0x00,0x1B,0x03,0x02,0x02,0x02,0x09,0x01,0x08,0x0A,
  0x01,0x80,0x06,0x01,0x40,0x5E,0x01,0x04,0x20,0x01,0x04,0x00,0x00,0xFF,0x00,0x26,
  0x02,0xE0,0x04,0x7E,0x01,0x05,0x00,0x00,0xFF,0x00,0x1E,0x01,0x02,0x07,0x01,0xE0,
  0x6E,0x01,0x02,0x10,0x01,0x07,0x00,0x00,0xCD,0x04,0xC0,0x80,0x80,0x80,0x58,0x01,
  0x04,0x13,0x16,0xC0,0xF0,0x0C,0x06,0x86,0xC6,0xE6,0x66,0x36,0xFE,0xFE,0x9E,0xD6,
  0xE6,0x06,0xC6,0x86,0x07,0x06,0xFF,0xE7,0xC4,0x6A,0x16,0x07,0x0C,0x0C,0x08,0x00,
  0x01,0x01,0x03,0x06,0x0F,0x07,0x01,0x01,0x00,0x00,0x01,0x03,0x06,0x0C,0x0C,0x0C,
  0x07,0x00,0x00,0xFF,0x00,0x23,0x01,0x40,0x03,0x05,0x04,0x00,0x40,0x00,0x08,0x05,
  0x01,0x02,0x07,0x01,0x40,0x05,0x04,0x88,0x00,0x00,0x40,0x67,0x03,0x01,0x00,0x02,
  0x0C,0x01,0x04,0x0A,0x01,0x02,0x00,0x00,0xFF,0x00,0x29,0x01,0x08,0x0F,0x01,0x40,
  0x05,0x01,0x80,0x12,0x03,0x20,0x00,0x04,0x41,0x01,0x08,0x13,0x03,0x01,0x00,0x02,
  0x12,0x01,0x03,0x00,0x00,0xFF,0x00,0x1F,0x01,0x02,0x03,0x01,0x60,0x03,0x05,0x08,
  0x00,0x00,0x04,0x08,0x06,0x01,0x80,0x1F,0x01,0x38,0x7F,0x01,0x02,0x00,0x00,0xFF,
  0x00,0x23,0x08,0x20,0x00,0x00,0x78,0x00,0x00,0x40,0x04,0x03,0x01,0x18,0x0A,0x01,
  0x30,0x16,0x01,0x09,0x45,0x01,0x08,0x28,0x01,0x01,0x00,0x00,0xE3,0x04,0x80,0x80,
  0x80,0x80,0x3E,0x05,0x38,0x08,0x00,0x00,0x04,0x03,0x01,0x18,0x1B,0x01,0x20,0x0E,
  0x0F,0xF0,0x18,0x04,0x04,0x84,0xC4,0x84,0x84,0xFC,0x04,0x04,0x74,0x7D,0x1D,0xF7,
  0x47,0x01,0x08,0x0F,0x01,0x01,0x18,0x10,0x03,0x0F,0x08,0x08,0x00,0x0F,0x01,0x00,
  0x00,0x07,0x06,0x00,0x02,0x06,0x07,0x0C,0x00,0x00,0xFF,0x00,0x23,0x09,0x40,0x00,
  0x00,0x40,0x00,0x00,0x48,0x00,0x08,0x0D,0x01,0x60,0x04,0x01,0x20,0x19,0x03,0x80,
  0x00,0x04,0x0A,0x02,0x40,0x80,0x4F,0x01,0x04,0x08,0x01,0x03,0x1C,0x01,0x04,0x03,
  0x02,0x01,0x08,0x00,0x00,0xFF,0x00,0x19,0x04,0x04,0x00,0x04,0x04,0x05,0x02,0x20,
  0x40,0x06,0x02,0x04,0x08,0x0D,0x01,0x40,0x0B,0x01,0x10,0x14,0x01,0x20,0x0D,0x01,
  0x06,0x50,0x01,0x04,0x05,0x01,0x03,0x05,0x01,0x04,0x0D,0x01,0x08,0x06,0x05,0x04,
  0x00,0x03,0x00,0x01,0x06,0x04,0x01,0x00,0x00,0x08,0x00,0x00,0xFF,0x00,0x19,0x04,
  0x04,0x00,0x04,0x04,0x0D,0x01,0x04,0x0C,0x01,0x10,0x22,0x01,0x20,0x6D,0x01,0x08,
  0x19,0x01,0x08,0x00,0x00,0xFF,0x00,0x29,0x01,0x40,0x0F,0x01,0x20,0x04,0x01,0x20,
  0x86,0x01,0x04,0x16,0x01,0x01,0x08,0x01,0x01,0x2F,0x19,0xC0,0xC0,0xC0,0xC0,0xC0,
  0xC0,0xC0,0xC0,0xC0,0xC0,0xC0,0xC0,0x80,0xC0,0xC0,0xC0,0xC0,0xC0,0xC0,0xC0,0xC0,
  0xC0,0xC0,0xC0,0x40,0x68,0x17,0x30,0x60,0xC0,0x8E,0x8F,0xC7,0x7E,0x00,0x7F,0xFF,
  0x00,0x70,0xFE,0x81,0x80,0x00,0x30,0x60,0xC0,0x8E,0x8F,0xE7,0x7E,0x6C,0x02,0x01,
  0x01,0x08,0x02,0x01,0x01,0x04,0x02,0x01,0x01,0x00,0x00,0xFF,0x00,0x23,0x04,0x40,
  0x00,0x00,0xE0,0x10,0x01,0x10,0x6E,0x01,0x03,0x17,0x01,0x04,0x1F,0x01,0x07,0x36,
  0x01,0x80,0x81,0x01,0x90,0x04,0x03,0x01,0x00,0x7F,0x04,0x01,0x02,0x03,0x01,0x10,
  0x00,0x00,0xFF,0x00,0x26,0x01,0xE0,0x6F,0x01,0x08,0x0F,0x01,0x03,0x3D,0x01,0x02,
  0xC2,0x01,0x80,0x00,0x00,0xFF,0x00,0x22,0x02,0x20,0x40,0x2E,0x01,0x01,0x95,0x01,
  0x08,0x00,0x00,0xFF,0x00,0x27,0x01,0x04,0x28,0x03,0x08,0x00,0x01,0x66,0x01,0x04,
  0x28,0x01,0x08,0x3E,0x01,0x40,0x79,0x01,0x20,0x00,0x00,0xFF,0x00,0x23,0x01,0x40,
  0x03,0x01,0x04,0x2A,0x01,0x30,0x72,0x01,0x04,0x18,0x01,0x03,0x09,0x01,0x08,0x48,
  0x0D,0xFC,0xF8,0xD0,0xD0,0xF0,0xF0,0xF0,0xC0,0xC0,0xC0,0xC0,0xC0,0x40,0x60,0x01,
  0x60,0x03,0x05,0x01,0x02,0x00,0x00,0x40,0x0A,0x0D,0xFF,0xFF,0x00,0x18,0x3C,0x7C,
  0x66,0xC7,0xFF,0x03,0x33,0x3A,0x1C,0x7B,0x01,0x01,0x00,0x00,0xFF,0x00,0x23,0x03,
  0x60,0x00,0x02,0x2C,0x01,0x20,0x6C,0x01,0x01,0x25,0x04,0x01,0x00,0x00,0x08,0x00,
  0x00,0xFF,0x00,0x96,0x01,0x08,0x27,0x01,0x04,0x06,0x01,0x04,0x18,0x01,0x01,0xBD,
  0x03,0x01,0x00,0x1F,0x00,0x00,0xFF,0x00,0x23,0x04,0x20,0x02,0x00,0xE0,0x7F,0x01,
  0x03,0x18,0x01,0x01,0x28,0x01,0x08,0x49,0x01,0x04,0x6B,0x01,0x7F,0x0E,0x01,0x08,
  0x00,0x00,0xFF,0x00,0x23,0x04,0x22,0x00,0x00,0xE0,0x1B,0x01,0x40,0x0F,0x01,0x01,
  0x43,0x01,0x08,0x0F,0x01,0x03,0x9B,0x19,0x40,0xC0,0xC0,0xC0,0xC0,0xC0,0xC0,0xC0,
  0xC0,0xC0,0xC0,0xC0,0xC0,0xC0,0xC0,0xC0,0xC0,0xC0,0xC0,0xC0,0xC0,0x40,0x40,0xC0,
  0xC0,0x3B,0x01,0x40,0x07,0x01,0x60,0x04,0x01,0x02,0x03,0x01,0x10,0x05,0x01,0x08,
  0x0A,0x05,0x20,0x00,0x04,0x00,0x01,0x05,0x18,0x10,0x70,0xC0,0x8C,0x9F,0xDF,0x7F,
  0xF8,0xFF,0xFF,0x00,0xFF,0x1B,0x78,0xFE,0x83,0x80,0x80,0x83,0xFF,0x78,0x30,0x60,
  0xFF,0x6B,0x02,0x01,0x01,0x03,0x04,0x01,0x00,0x00,0x01,0x03,0x04,0x01,0x01,0x00,
  0x01,0x04,0x01,0x01,0x00,0x00,0xFF,0x00,0x52,0x01,0x10,0x11,0x01,0x10,0x5A,0x01,
  0x01,0x98,0x01,0x80,0x45,0x01,0x80,0x0C,0x01,0x20,0x16,0x03,0x20,0x00,0x20,0x09,
  0x07,0x80,0x00,0x00,0x40,0x00,0x00,0x44,0x00,0x00,0xFF,0x00,0x68,0x01,0x04,0x6A,
  0x01,0x08,0x41,0x01,0x80,0x41,0x01,0x80,0x40,0x01,0x40,0x05,0x01,0x80,0x08,0x01,
  0x10,0x03,0x01,0x20,0x0E,0x01,0x30,0x15,0x01,0x01,0x00,0x00,0xFF,0x00,0x21,0x03,
  0x02,0x02,0x40,0x2E,0x01,0x10,0x6C,0x01,0x01,0x1E,0x01,0x01,0xBF,0x06,0x10,0x00,
  0x00,0x08,0x00,0x02,0x18,0x02,0x01,0x04,0x07,0x03,0x02,0x00,0x10,0x5A,0x01,0x01,
  0x00,0x00,0xFF,0x00,0x1C,0x01,0x04,0x06,0x01,0x40,0xC4,0x01,0x08,0xB5,0x01,0x0C,
  0x00,0x00,0xFF,0x00,0x20,0x01,0x02,0x05,0x01,0x02,0x1B,0x01,0x80,0x0F,0x01,0x08,
  0x6B,0x01,0x04,0x9F,0x11,0xC0,0xC0,0xC0,0x40,0x40,0xC0,0xC0,0xC0,0xC0,0xC0,0xC0,
  0xC0,0xC0,0x40,0x40,0xC0,0xC0,0x2F,0x01,0x04,0x04,0x01,0x02,0x03,0x01,0x10,0x05,
  0x01,0x08,0x0E,0x02,0x01,0x04,0x20,0x11,0x41,0xF3,0xFF,0xC0,0x80,0xFF,0xFF,0x00,
  0xFF,0x00,0x00,0xE3,0xFF,0xCC,0x80,0xCF,0xFF,0x7C,0x01,0x06,0x00,0x00,0xFF,0x00,
  0x42,0x01,0x80,0x7C,0x01,0x01,0xED,0x01,0x08,0x0F,0x01,0x04,0x00,0x00,0xFF,0x00,
  0x1C,0x01,0x04,0x0A,0x01,0x04,0xB6,0x01,0x01,0x05,0x01,0x02,0xB2,0x01,0x10,0x06,
  0x04,0x44,0x00,0x00,0x08,0x18,0x01,0x08,0x32,0x01,0x10,0x31,0x01,0x01,0x00,0x00,
  0xFF,0x00,0x23,0x01,0x40,0x1B,0x01,0x80,0x05,0x01,0x10,0x0C,0x01,0x01,0x65,0x01,
  0x08,0x25,0x01,0x01,0xBF,0x06,0xC0,0x00,0x00,0x08,0x00,0x02,0x44,0x02,0x40,0x10,
  0x00,0x00,0xFF,0x00,0x23,0x01,0x20,0x03,0x01,0x04,0x17,0x01,0x80,0x12,0x01,0x19,
  0xFF,0x00,0x45,0x01,0x80,0x2D,0x01,0x02,0x08,0x01,0x40,0x00,0x00,0xFF,0x00,0x23,
  0x04,0x40,0x00,0x00,0xE0,0x2C,0x02,0x02,0x02,0x6A,0x01,0x01,0x22,0x03,0x01,0x00,
  0x02,0x7C,0x02,0x80,0x80,0x34,0x01,0x10,0x03,0x04,0x20,0x00,0x00,0xFC,0x0D,0x02,
  0x01,0x10,0x1A,0x02,0x80,0x04,0x10,0x01,0x1E,0x57,0x01,0x01,0x00,0x00,0xFF,0x00,
  0xA6,0x01,0x01,0x37,0x01,0x01,0xBF,0x01,0x20,0x0E,0x01,0x08,0x20,0x01,0x08,0x0B,
  0x01,0x80,0x00,0x00,0xFF,0x00,0x23,0x07,0x20,0x00,0x00,0xE0,0x00,0x00,0x08,0x18,
  0x01,0x80,0x0A,0x01,0x40,0x04,0x01,0x19,0x08,0x01,0x02,0x0C,0x01,0x04,0x3D,0x01,
  0x01,0x08,0x01,0x08,0x03,0x01,0x02,0xE3,0x01,0x10,0x03,0x04,0x20,0x00,0x00,0xD8,
  0x0E,0x01,0x10,0x18,0x01,0x10,0x09,0x01,0x01,0x09,0x01,0x10,0x06,0x01,0x04,0x00,
  0x00,0xFF,0x00,0x15,0x01,0x80,0x2B,0x02,0x02,0x80,0x1C,0x01,0x40,0x35,0x01,0x03,
  0x28,0x02,0x04,0x01,0x74,0x03,0x80,0x80,0x80,0x6F,0x01,0x08,0x06,0x01,0x08,0x0F,
  0x01,0x10,0x10,0x01,0x20,0x05,0x01,0x04,0x00,0x00,0xCD,0x04,0xC0,0x80,0x80,0x80,
  0x12,0x04,0x80,0x80,0x80,0x80,0x2E,0x24,0xF0,0x1C,0x06,0x06,0xC6,0xE6,0xE6,0x36,
  0x3E,0xFE,0x1E,0x9E,0xD6,0x66,0x06,0xFE,0x06,0x04,0x0E,0x8E,0xFC,0x38,0x00,0xFE,
  0x06,0xFE,0xFE,0x00,0x80,0xC0,0x00,0x38,0x3C,0xCE,0xFC,0xF0,0x04,0x17,0xC0,0xF8,
  0x0C,0x04,0x86,0xC6,0xE6,0x66,0x36,0xFE,0xFE,0x9E,0xF6,0xE6,0x06,0x86,0x86,0x07,
  0x07,0xFF,0xE7,0xC6,0x06,0x03,0x11,0x80,0xF0,0x1C,0x06,0x04,0x84,0xC4,0xC4,0x84,
  0xFC,0x04,0x04,0x64,0x3D,0x9D,0xF7,0x06,0x2D,0x24,0x0F,0x0C,0x0C,0x00,0x00,0x01,
  0x03,0x07,0x0E,0x0F,0x00,0x01,0x01,0x00,0x00,0x0F,0x00,0x00,0x07,0x07,0x07,0x0C,
  0x0C,0x0F,0x00,0x07,0x0F,0x00,0x00,0x01,0x07,0x0C,0x0C,0x0C,0x07,0x03,0x04,0x16,
  0x07,0x0E,0x0C,0x08,0x00,0x01,0x03,0x03,0x06,0x0F,0x0F,0x01,0x01,0x00,0x00,0x01,
  0x03,0x06,0x0C,0x0C,0x0E,0x07,0x04,0x10,0x03,0x0F,0x0C,0x08,0x06,0x0F,0x05,0x00,
  0x01,0x0F,0x07,0x00,0x00,0x07,0x07,0x0C,0x2D,0x19,0xC0,0xC0,0xC0,0xC0,0xC0,0xC0,
  0xC0,0xC0,0xC0,0xC0,0xC0,0xC0,0xC0,0xC0,0xC0,0xC0,0xC0,0xC0,0xC0,0xC0,0xC0,0xC0,
  0xC0,0xC0,0x40,0x03,0x0D,0xFC,0xFC,0xD0,0x50,0x70,0x70,0xF0,0xC0,0xC0,0xC0,0xC0,
  0xC0,0x40,0x04,0x19,0x40,0xC0,0xC0,0xC0,0xC0,0xC0,0xC0,0xC0,0xC0,0xC0,0xC0,0xC0,
  0xC0,0xC0,0xC0,0xC0,0xC0,0xC0,0xC0,0xC0,0xC0,0xC0,0xC0,0xC0,0xC0,0x03,0x11,0xC0,
  0xC0,0xC0,0xC0,0xC0,0xC0,0xC0,0xC0,0xC0,0xC0,0xC0,0xC0,0xC0,0x40,0x40,0xC0,0xC0,
  0x27,0x17,0x70,0x60,0x80,0x8E,0x8F,0xE7,0x7E,0x00,0xF8,0xFF,0x00,0x78,0xFF,0x81,
  0x80,0x00,0x78,0xE0,0xC0,0x8E,0x8F,0xE7,0x7F,0x04,0x0D,0xFF,0xFF,0x00,0x18,0x3C,
  0x7C,0x66,0xE7,0xFF,0x3F,0x33,0x3B,0x08,0x04,0x19,0x30,0x70,0xE0,0x8C,0x8F,0xCF,
  0xFF,0xFC,0xFF,0xFF,0x00,0xFF,0xF3,0x78,0xFE,0xC3,0x80,0x80,0xC3,0xFF,0x78,0x30,
  0x60,0xFF,0x8E,0x03,0x11,0x41,0xF3,0xFF,0xC4,0x80,0xFF,0xFF,0x00,0xFF,0x00,0x40,
  0xF3,0xFF,0xCC,0x80,0xDF,0xFF,0x2A,0x02,0x01,0x01,0x04,0x06,0x01,0x00,0x00,0x01,
  0x01,0x01,0x04,0x02,0x01,0x01,0x07,0x01,0x01,0x06,0x01,0x01,0x0B,0x02,0x01,0x01,
  0x03,0x04,0x01,0x00,0x00,0x01,0x03,0x04,0x01,0x01,0x00,0x01,0x04,0x01,0x01,0x11,
  0x01,0x06,0x00,0x00,0x00,0x00,0x00,0x00,0x00,0x00,0x00,0x00,0x00,0x00,0x00,0x00,
  0x00,0x00,0xFF,0x00,0x14,0x01,0x04,0x00,0x00,0x8B,0x01,0x80,0x7B,0x0D,0x18,0xC0,
  0x00,0x06,0xDF,0x04,0x04,0x8E,0xFE,0x82,0x00,0x00,0xF8,0x6E,0x12,0x01,0x02,0x00,
  0x00,0x78,0x70,0x03,0x00,0x00,0x02,0x00,0x00,0x01,0x00,0x00,0x01,0x03,0x03,0x00,
  0x00,0x8B,0x06,0x40,0x00,0x80,0x80,0x80,0x80,0x72,0x12,0x04,0x04,0x64,0x7C,0x04,
  0x34,0x00,0x00,0x20,0x04,0x00,0x01,0x01,0x45,0x86,0x04,0x00,0x04,0x6D,0x06,0x02,
  0x01,0x04,0x08,0x60,0x7C,0x03,0x09,0x05,0x00,0x00,0x0E,0x0C,0x04,0x00,0x00,0x0C,
  0x75,0x01,0x02,0x00,0x00,0xFF,0x00,0x03,0x01,0x04,0x82,0x03,0x04,0x64,0x02,0x05,
  0x01,0x07,0x7B,0x01,0x02,0x00,0x00,0xFF,0x00,0x03,0x01,0x80,0x06,0x04,0x04,0x00,
  0x00,0x04,0x75,0x0A,0x02,0x00,0xC0,0x80,0x00,0x40,0x80,0x00,0x00,0x08,0x03,0x04,
  0x02,0x02,0x00,0x04,0x76,0x01,0x01,0x00,0x00,0xFF,0x00,0x13,0x02,0x82,0x02,0x70,
  0x01,0x40,0x0D,0x01,0x04,0x00,0x00,0xFF,0x00,0x0F,0x01,0x40,0x75,0x04,0x40,0x00,
  0x00,0x80,0x00,0x00,0x8C,0x01,0x80,0x78,0x03,0x02,0x02,0x02,0x05,0x04,0x02,0x00,
  0x00,0x20,0x03,0x01,0x02,0x72,0x01,0x30,0x81,0x01,0x02,0x00,0x00,0xFF,0x00,0x06,
  0x01,0x10,0x06,0x01,0x04,0x7A,0x01,0x10,0x00,0x00,0xFF,0x00,0x0A,0x01,0x02,0x7B,
  0x01,0x40,0x82,0x01,0x01,0x00,0x00,0x8A,0x01,0xC0,0x7C,0x04,0x20,0x00,0x00,0x80,
  0x06,0x04,0x06,0x00,0x00,0x02,0x0E,0x0A,0x04,0x00,0x00,0x01,0xC1,0x0D,0x01,0x01,
  0x01,0x01,0x03,0x0E,0x02,0x06,0x02,0x00,0x0C,0x00,0x00,0x40,0xE0,0xB0,0x10,0x18,
  0x2C,0x20,0x44,0x09,0x02,0x04,0x08,0x20,0x00,0x21,0x00,0x00,0x03,0x10,0x01,0x08,
  0x10,0x06,0x04,0x04,0x00,0x00,0x01,0x01,0x07,0x04,0x09,0x03,0x02,0x07,0x00,0x00,
  0xFF,0x00,0x03,0x02,0x02,0x02,0x05,0x04,0x40,0x80,0x00,0x04,0x04,0x01,0x04,0x0E,
  0x1E,0x01,0x01,0x25,0x29,0xFD,0xF1,0x00,0x22,0xF2,0x00,0x02,0x82,0xC6,0xF3,0xC1,
  0x81,0x81,0xE1,0x01,0x03,0x82,0x03,0x03,0x02,0x00,0x40,0x22,0x03,0x53,0xDF,0x54,
  0x01,0x04,0x07,0x01,0x08,0x09,0x11,0x01,0x01,0x00,0x03,0x07,0x00,0x02,0x07,0x08,
  0x0A,0x00,0x01,0x02,0x06,0x00,0x00,0x03,0x03,0x06,0x10,0x14,0x00,0x05,0x08,0x07,
  0x00,0x00,0xFF,0x00,0x02,0x01,0x02,0x1A,0x12,0x01,0x01,0x81,0x01,0x00,0x70,0x58,
  0x50,0x00,0x08,0x00,0x10,0x00,0x02,0x00,0x00,0x28,0x0C,0x03,0x0B,0x18,0x00,0x00,
  0x71,0x00,0x00,0xA1,0x03,0x03,0x89,0x04,0x48,0x01,0x20,0x14,0x02,0x07,0x04,0x03,
  0x0F,0x01,0x03,0x06,0x0C,0x0C,0x0C,0x06,0x02,0x00,0x04,0x08,0x00,0x00,0x08,0x02,
  0x04,0x04,0x08,0x00,0x00,0x0C,0x03,0x06,0x08,0x02,0x04,0x00,0x00,0x08,0x00,0x00,
  0xFF,0x00,0x0A,0x01,0x40,0x2B,0x01,0x04,0x66,0x01,0x08,0x13,0x01,0x04,0x00,0x00,
  0xFF,0x00,0x05,0x01,0x02,0x0C,0x01,0x04,0x07,0x0F,0xE0,0x1C,0x06,0x02,0x00,0x40,
  0x80,0x00,0x00,0x02,0x02,0x02,0x02,0x00,0x0C,0x03,0x05,0x44,0x00,0x00,0x02,0x42,
  0x0E,0x01,0x02,0x45,0x05,0x02,0x00,0x00,0x20,0x04,0x11,0x02,0x02,0x04,0x04,0x01,
  0x01,0x09,0x01,0x01,0x03,0x01,0x06,0x06,0x04,0x04,0x00,0x00,0x01,0x00,0x00,0x8A,
  0x01,0x40,0x7A,0x01,0x10,0x13,0x01,0x10,0x03,0x05,0x02,0x02,0x02,0x00,0x02,0x04,
  0x01,0x02,0x5C,0x03,0x40,0x02,0x10,0x18,0x02,0x02,0x04,0x03,0x01,0x02,0x03,0x01,
  0x08,0x12,0x01,0x08,0x00,0x00,0xFF,0x00,0x12,0x01,0x02,0x1A,0x01,0x10,0x06,0x01,
  0x40,0x08,0x03,0x80,0x00,0x01,0x43,0x03,0x02,0x00,0x02,0x1B,0x01,0x08,0x09,0x01,
  0x04,0x00,0x00,0x8C,0x01,0x80,0x77,0x08,0x02,0x80,0x00,0x02,0x00,0x02,0x00,0x01,
  0x0C,0x04,0x80,0x00,0x00,0x01,0x0E,0x01,0x80,0x05,0x07,0x04,0x00,0x00,0xA0,0x00,
  0x04,0x40,0x4D,0x05,0x02,0x00,0x00,0x20,0x04,0x0F,0x01,0x03,0x15,0x01,0x02,0x04,
  0x03,0x07,0x00,0x04,0x00,0x00,0xFF,0x00,0x12,0x01,0x04,0x08,0x01,0x20,0x0F,0x01,
  0x80,0x5C,0x01,0x20,0x14,0x01,0x04,0x00,0x00,0x8A,0x01,0x80,0x76,0x06,0x02,0x00,
  0x02,0x00,0x00,0x80,0x03,0x04,0x02,0x00,0x00,0x02,0x0D,0x01,0x01,0x14,0x01,0x40,
  0x5C,0x01,0x04,0x04,0x01,0x04,0x06,0x01,0x08,0x0D,0x01,0x08,0x06,0x01,0x02,0x00,
  0x00,0xFF,0x00,0x0C,0x03,0x01,0x00,0x02,0x27,0x01,0x20,0x4E,0x01,0x02,0x08,0x01,
  0x04,0x19,0x01,0x08,0x00,0x00,0x8C,0x01,0x80,0x75,0x0D,0x02,0x00,0x04,0x02,0x00,
  0x00,0x04,0x00,0x02,0x00,0x02,0x00,0x40,0x1F,0x01,0x20,0x58,0x01,0x10,0x11,0x01,
  0x08,0x00,0x00,0x8A,0x01,0xC0,0x77,0x02,0x80,0x04,0x06,0x01,0x01,0x03,0x01,0x40,
  0x11,0x01,0x02,0x12,0x06,0x1C,0x00,0x20,0x00,0x00,0x10,0x05,0x01,0x03,0x43,0x06,
  0x02,0x00,0x02,0x10,0x00,0x30,0x03,0x01,0x08,0x24,0x01,0x08,0x00,0x00,0xFF,0x00,
  0x09,0x01,0x04,0x7B,0x01,0x08,0x05,0x01,0x02,0x00,0x00,0xFF,0x00,0x04,0x07,0x04,
  0x04,0x82,0x00,0x22,0x02,0x02,0x34,0x01,0x03,0x44,0x01,0x40,0x03,0x01,0x21,0x03,
  0x01,0x08,0x00,0x00,0xFF,0x00,0x04,0x02,0x02,0x02,0x14,0x01,0x10,0x1E,0x01,0x10,
  0x4B,0x01,0x20,0x00,0x00,0xFF,0x00,0x03,0x01,0x80,0x07,0x01,0x01,0x2A,0x01,0x04,
  0x0F,0x04,0x40,0x40,0x40,0x40,0x3B,0x04,0x40,0x40,0x00,0x10,0x2D,0x01,0x07,0x00,
  0x00,0x8C,0x01,0x40,0x8B,0x01,0x80,0x2B,0x01,0x40,0x04,0x01,0x40,0x3D,0x01,0x11,
  0x08,0x01,0x08,0x1F,0x01,0x08,0x00,0x00,0x8C,0x01,0x40,0x7D,0x01,0xC0,0x06,0x01,
  0x04,0x31,0x01,0x40,0x54,0x01,0x02,0x00,0x00,0xFF,0x00,0x06,0x03,0x10,0x00,0x20,
  0x11,0x03,0x10,0x00,0x01,0x0E,0x01,0x80,0x0A,0x01,0x04,0x4E,0x01,0x68,0x0B,0x01,
  0x08,0x22,0x03,0x08,0x00,0x07,0x00,0x00,0xFF,0x00,0x03,0x06,0x02,0x00,0x00,0x10,
  0x00,0x20,0x3C,0x06,0x20,0x20,0x20,0x20,0x20,0x20,0x00,0x00,0xFF,0x00,0x19,0x01,
  0x80,0x7F,0x01,0x02,0x1A,0x01,0x08,0x00,0x00,0xFF,0x00,0x08,0x01,0x20,0x09,0x02,
  0x04,0x80,0x20,0x03,0x20,0x00,0x0C,0x4E,0x01,0x02,0x00,0x00,0xFF,0x00,0x36,0x01,
  0x10,0x51,0x01,0x10,0x2B,0x03,0x06,0x00,0x04,0x54,0x01,0x01,0x00,0x00,0xFF,0x00,
  0x84,0x05,0x40,0x02,0x40,0x00,0x10,0x28,0x01,0x08,0x00,0x00,0xFF,0x00,0x02,0x01,
  0x04,0x03,0x01,0x10,0x32,0x01,0x10,0x0A,0x01,0x20,0x3F,0x03,0x04,0x00,0x40,0x00,
  0x00,0x90,0x01,0x80,0xA2,0x01,0x20,0x0A,0x01,0x01,0x48,0x04,0x20,0x00,0x00,0x02,
  0x28,0x01,0x06,0x00,0x00,0xFF,0x00,0x02,0x04,0x04,0x06,0x02,0x02,0x06,0x01,0x01,
  0x7B,0x01,0x20,0x2D,0x01,0x01,0x54,0x01,0x01,0x00,0x00,0xFF,0x00,0x03,0x03,0x06,
  0x02,0x02,0x25,0x01,0x80,0x8A,0x01,0x04,0x00,0x00,0xFF,0x00,0x0C,0x01,0x01,0x27,
  0x01,0x80,0x04,0x01,0x10,0x4A,0x01,0x04,0x26,0x01,0x04,0x00,0x00,0xFF,0x00,0x86,
  0x01,0x40,0xFF,0x00,0xFF,0x00,0x3E,0x0A,0x0C,0x0C,0x0C,0x18,0x10,0x60,0xE0,0xC0,
  0x40,0x80,0x00,0x00,0xFF,0x00,0x36,0x01,0x1C,0x4F,0x03,0x50,0x00,0x20,0x22,0x01,
  0x04,0x08,0x03,0x08,0x00,0x01,0x05,0x01,0x08,0xFF,0x00,0x7C,0x06,0x40,0x60,0xC0,
  0xC0,0x80,0x80,0x73,0x07,0x40,0xC0,0xC0,0x80,0x80,0x00,0x02,0x03,0x11,0x40,0xE0,
  0xE0,0xE3,0xE3,0xE6,0xE7,0xE4,0xE0,0xF0,0xF0,0xE0,0x60,0x00,0x80,0x00,0x80,0x00,
  0x00,0x90,0x01,0x80,0x71,0x01,0x02,0x17,0x01,0x02,0x6C,0x01,0x20,0xFF,0x00,0x1E,
  0x03,0x80,0x80,0x80,0x79,0x20,0x10,0x08,0x0C,0x03,0x01,0x01,0x01,0x03,0x83,0x83,
  0xC2,0xC6,0xC7,0xC2,0xCC,0xE4,0xEC,0xF8,0xF8,0xF8,0xB0,0x30,0x30,0x00,0xA0,0x20,
  0x40,0x40,0xC0,0x80,0x80,0x80,0x5E,0x07,0x03,0x0E,0x0E,0x0F,0x1C,0x1C,0x0C,0x03,
  0x23,0x01,0x03,0x07,0x0F,0x3C,0x78,0x78,0x5F,0xDF,0xDC,0x9E,0x9E,0x08,0x02,0x00,
  0x00,0xC0,0x80,0x18,0x98,0x1E,0x1C,0x19,0x18,0x1B,0x83,0xFB,0xFF,0xF8,0x70,0x60,
  0x60,0xC0,0xC0,0x80,0x00,0x00,0xFF,0x00,0x04,0x01,0x02,0x03,0x01,0x20,0x12,0x01,
  0x02,0x7E,0x01,0x08,0x16,0x04,0x08,0x00,0x00,0x08,0xE8,0x09,0x80,0x40,0x40,0x60,
  0x60,0xC0,0x40,0x80,0x80,0x03,0x02,0x80,0x80,0x6E,0x05,0x80,0x80,0x00,0x02,0x07,
  0x04,0x20,0x10,0x28,0x6C,0xF2,0xF0,0xB0,0x30,0x38,0x3A,0x7C,0x7D,0x19,0x18,0x14,
  0xC2,0xE2,0xEA,0xF4,0xE4,0xE4,0x2C,0xA8,0x88,0x98,0x90,0x10,0x30,0xB0,0xE0,0xA0,
  0x80,0x80,0x57,0x2D,0x01,0x03,0x03,0x03,0x03,0x03,0x03,0x01,0x0E,0x0E,0x0F,0x1C,
  0x1D,0x0F,0x17,0x2F,0x3F,0x06,0x00,0x00,0x08,0x3F,0x7B,0x38,0x1F,0x1F,0x1C,0x12,
  0x45,0x97,0x3F,0x3F,0x5F,0xFF,0xBF,0x87,0x78,0xFD,0xFF,0xFF,0xFF,0xFF,0x6F,0x07,
  0x03,0x00,0x00,0xFF,0x00,0x34,0x01,0x70,0xFF,0x00,0x5D,0x24,0xC0,0xE0,0x10,0x10,
  0x18,0x30,0x10,0x10,0x30,0x30,0x30,0x30,0xB0,0x30,0xB0,0x90,0x90,0x20,0xA0,0x60,
  0xE0,0xE0,0xE0,0x60,0x60,0x60,0xC0,0xC0,0xC0,0xC0,0xC0,0x80,0x80,0x80,0x80,0x80,
  0x59,0x32,0x60,0xC0,0xC0,0xC1,0xC1,0xC0,0xC0,0xC0,0x0C,0x00,0x00,0x8C,0x9C,0x3C,
  0x74,0xE0,0xC3,0xE7,0xFF,0x7F,0x77,0x57,0x57,0xE1,0xF3,0x71,0xCF,0x2A,0xD9,0x0F,
  0x02,0x20,0x20,0x29,0xF1,0xF9,0xF9,0x0C,0x1C,0x1C,0x9C,0x98,0xF8,0xF8,0xF0,0xF0,
  0xF0,0x70,0x20,0x20,0x4F,0x02,0x01,0x01,0x03,0x02,0x01,0x01,0x03,0x08,0x01,0x03,
  0x03,0x03,0x01,0x00,0x04,0x03,0x04,0x18,0x01,0x07,0x14,0x2C,0x38,0x0B,0x09,0x18,
  0x2A,0x36,0x14,0x59,0x0F,0x03,0x00,0x0C,0x5B,0x9F,0x3F,0x3F,0x5F,0x3F,0x7F,0x7F,
  0x00,0x00,0x8A,0x01,0x40,0xB3,0x01,0x01,0x43,0x01,0x02,0x06,0x01,0x80,0xFE,0x2C,
  0x80,0xF0,0x90,0x08,0x88,0x18,0xF8,0x08,0xC8,0xE8,0x08,0x08,0x80,0xA8,0x88,0xE8,
  0xC8,0xC8,0x48,0xC8,0xC8,0x68,0x08,0x68,0x08,0x98,0x78,0x98,0xD8,0x98,0x98,0x18,
  0x18,0x18,0x38,0xD8,0xC0,0xC0,0xC0,0x80,0x80,0x80,0x80,0x80,0x51,0x2D,0x40,0x20,
  0x60,0x42,0x41,0x40,0x40,0xC1,0x80,0xBF,0xC0,0xC0,0xC7,0xCF,0xEF,0x9B,0xB5,0x7D,
  0xF1,0xF3,0x03,0x01,0x49,0xE8,0xC5,0x48,0xF8,0x80,0x37,0x9A,0x09,0xC7,0xBD,0x6F,
  0x01,0xEE,0x5F,0x0F,0x81,0xFF,0xFF,0xFF,0xFF,0xFF,0xFF,0x5B,0x03,0x01,0x00,0x01,
  0x03,0x05,0x01,0x01,0x00,0x01,0x01,0x04,0x03,0x02,0x03,0x07,0x04,0x0F,0x01,0x02,
  0x07,0x04,0x04,0x04,0x0D,0x0B,0x1F,0x2D,0x35,0x17,0x19,0x0F,0x03,0x00,0x00,0xFF,
  0x00,0x06,0x01,0x10,0x0E,0x01,0x04,0x70,0x01,0x40,0x03,0x01,0x80,0x06,0x01,0x08,
  0x29,0x03,0x10,0x00,0x10,0xCA,0x25,0xF0,0x08,0xF8,0x6C,0x14,0x72,0x14,0x70,0x04,
  0x04,0x04,0x94,0x84,0x44,0x64,0x64,0x04,0x84,0x04,0x14,0xB4,0x04,0x04,0x04,0x14,
  0x34,0x04,0x44,0x84,0x44,0x04,0x06,0x02,0x00,0xE2,0xE0,0x18,0x57,0x29,0x40,0x20,
  0xA1,0x42,0x21,0x02,0x21,0x3F,0xA0,0x06,0xE0,0x72,0x0F,0x16,0x29,0x50,0xD2,0xA4,
  0x48,0x82,0xEE,0xE0,0x00,0x32,0x3D,0x10,0x00,0xD0,0x04,0x98,0x99,0x12,0xC1,0x08,
  0x20,0xD0,0x40,0x00,0x00,0xFF,0x3C,0x61,0x02,0x01,0x01,0x08,0x01,0x01,0x06,0x0D,
  0x01,0x01,0x00,0x00,0x01,0x00,0x01,0x00,0x06,0x06,0x03,0x01,0x01,0x3D,0x05,0x0C,
  0x1C,0x3C,0x18,0x10,0x00,0x00,0xFF,0x00,0x03,0x03,0x04,0x04,0x04,0x05,0x02,0x20,
  0x01,0x08,0x01,0x04,0x06,0x01,0x01,0x6B,0x01,0x20,0x08,0x01,0x02,0x22,0x01,0x01,
  0x08,0x01,0x10,0xC8,0x1E,0x80,0xF0,0x08,0x80,0xF4,0xC0,0xE0,0x74,0x00,0x04,0x00,
  0x00,0x80,0x40,0x40,0x20,0x00,0x00,0x80,0x80,0x20,0x60,0xB0,0x80,0xE0,0xB0,0x40,
  0x20,0xA0,0x20,0x04,0x04,0x04,0x74,0x14,0x18,0x57,0x14,0x40,0x00,0x41,0x02,0x23,
  0x00,0x00,0x17,0x9F,0x1F,0xC4,0x07,0x02,0x10,0x08,0x10,0x23,0x02,0x02,0x0E,0x03,
  0x09,0x10,0x08,0x1D,0x9F,0x79,0x3B,0x24,0x30,0x36,0x03,0x05,0x40,0xC0,0x40,0x80,
  0x33,0x2A,0x09,0x0C,0x0C,0x07,0x87,0x86,0xDC,0x8C,0x88,0x80,0x39,0x01,0x01,0x07,
  0x01,0x01,0x08,0x01,0x01,0x25,0x02,0x40,0x40,0x05,0x19,0x04,0x65,0x43,0x07,0x3F,
  0x79,0x71,0x7B,0x3F,0x0F,0x07,0x07,0x1E,0x1E,0x1C,0x0C,0x08,0x18,0x10,0x30,0x0C,
  0x1C,0x3C,0x18,0x10,0x00,0x00,0xFF,0x00,0x03,0x01,0x80,0x04,0x01,0x20,0x0A,0x01,
  0x80,0x08,0x01,0x04,0x17,0x01,0x10,0x04,0x01,0x10,0x49,0x01,0x02,0x04,0x04,0x08,
  0x00,0x00,0x04,0x05,0x01,0x08,0x29,0x01,0x10,0xCA,0x01,0x40,0x06,0x02,0x82,0x80,
  0x08,0x07,0x80,0x00,0x00,0x10,0x00,0x00,0x70,0x03,0x01,0x10,0x07,0x01,0x80,0x24,
  0x07,0x80,0xF0,0xE0,0xC0,0x80,0x80,0x80,0x33,0x01,0x01,0x07,0x02,0x08,0x20,0x05,
  0x01,0xC0,0x07,0x0C,0x44,0x10,0x80,0x00,0x00,0x20,0x00,0x00,0x40,0x00,0x00,0x08,
  0x22,0x14,0x01,0x01,0x60,0x70,0xF1,0xFA,0x3B,0x39,0x30,0xFC,0xE7,0x67,0x66,0x2C,
  0x6C,0x48,0x40,0xC0,0x80,0x80,0x67,0x01,0x10,0x05,0x1B,0xA0,0x00,0x40,0x40,0x47,
  0xC7,0xC6,0xC3,0xA6,0x82,0xC7,0xDF,0x58,0x72,0x78,0x3F,0x0F,0x06,0x06,0x1D,0x1F,
  0x1C,0x0C,0x08,0x18,0x10,0x30,0x00,0x00,0xFF,0x00,0x05,0x04,0x02,0x00,0x00,0x20,
  0xA4,0x01,0x01,0x94,0x01,0x80,0x45,0x04,0x70,0x00,0x00,0x20,0x15,0x03,0x80,0x00,
  0x10,0x1C,0x0A,0x70,0x7E,0x1E,0x0E,0x1C,0x38,0xB8,0xB8,0xC8,0x80,0x03,0x08,0x80,
  0x00,0x70,0xE0,0xC0,0x00,0x00,0x80,0x2F,0x03,0x20,0x00,0x20,0x0E,0x01,0x0C,0x0F,
  0x01,0x01,0x1D,0x1E,0x06,0x16,0x8F,0x7F,0x71,0x63,0x75,0xFF,0x7F,0x0F,0x06,0x0E,
  0x6F,0x8F,0xC2,0xF9,0x3C,0x3A,0x5A,0xF6,0xE0,0xE0,0xE0,0xF0,0xE0,0xC0,0xC0,0xC0,
  0x80,0x80,0x5C,0x02,0x02,0x01,0x04,0x20,0x0E,0x04,0x06,0x06,0x04,0x14,0x0C,0x0F,
  0x0E,0x1C,0x1E,0x8E,0xBF,0x39,0x38,0x37,0xB7,0xC2,0xC7,0xC3,0xC1,0xC0,0xE0,0x21,
  0x03,0x03,0x00,0x00,0x01,0x01,0x03,0x01,0x00,0x00,0xFF,0x00,0x06,0x06,0x02,0x82,
  0x22,0x02,0x06,0x08,0x0E,0x03,0x10,0x00,0x04,0x19,0x04,0x04,0x00,0x00,0x10,0x49,
  0x03,0x02,0x40,0x20,0x0B,0x01,0x02,0xA6,0x03,0x80,0x80,0x80,0x07,0x01,0x80,0x4B,
  0x04,0x04,0x00,0x00,0x80,0x05,0x01,0x80,0x03,0x01,0x40,0x0E,0x01,0x02,0x0C,0x1D,
  0x98,0x9F,0x8F,0x07,0xA5,0xC7,0xEF,0xEB,0x72,0x80,0x0E,0xEE,0xE6,0xE4,0xC0,0x40,
  0x58,0x28,0x60,0x20,0x60,0x20,0x60,0x60,0x80,0x00,0x00,0x80,0x80,0x31,0x02,0x80,
  0x81,0x03,0x04,0x08,0x00,0x00,0x03,0x0D,0x01,0x04,0x05,0x01,0x83,0x05,0x01,0x40,
  0x0E,0x21,0x60,0x63,0x01,0x03,0x82,0x01,0x87,0x27,0x07,0x1C,0x4D,0xBE,0x9F,0xF9,
  0x76,0x0E,0x9C,0x90,0x9C,0x38,0x7F,0x83,0x8C,0xF8,0x0F,0x0F,0xFF,0x33,0x03,0x07,
  0x03,0x66,0x06,0x4E,0x02,0x02,0x02,0x0F,0x1F,0x01,0x01,0x00,0x00,0x01,0x02,0x02,
  0x01,0x00,0x01,0x01,0x01,0x03,0x0D,0x06,0x05,0x05,0x03,0x13,0x1B,0x08,0x09,0x1B,
  0x1E,0x6E,0xFF,0x79,0x78,0x70,0x70,0x04,0x00,0x00,0xFF,0x00,0x19,0x01,0x80,0x6B,
  0x01,0x20,0x25,0x01,0x04,0x88,0x04,0xC0,0xC0,0x80,0x80,0x67,0x01,0x40,0x13,0x1C,
  0x03,0xFF,0x0F,0xC3,0xFB,0x4C,0x60,0xF8,0x12,0xB3,0x17,0x13,0x8A,0x00,0x88,0x08,
  0x10,0x00,0x00,0x40,0x70,0xD0,0x10,0x10,0x90,0x20,0xE0,0xE0,0x4E,0x03,0x78,0x00,
  0x80,0x0A,0x01,0x18,0x07,0x1C,0x60,0x00,0x7F,0x00,0x61,0x80,0x02,0x00,0x55,0xC2,
  0x08,0x80,0xB9,0xC3,0xB2,0x4F,0x0F,0x1E,0x91,0x7E,0x0C,0x01,0x00,0x82,0x7F,0xFC,
  0x83,0xFF,0x65,0x0B,0x01,0x00,0x00,0x01,0x01,0x00,0x01,0x00,0x01,0x02,0x02,0x04,
  0x0B,0x02,0x02,0x03,0x20,0x18,0x04,0x14,0x14,0x06,0x07,0x07,0x00,0x00,0xFF,0x00,
  0x04,0x02,0x04,0x04,0x14,0x01,0x10,0x6A,0x04,0x02,0x40,0x00,0x20,0x11,0x01,0x08,
  0x12,0x01,0x01,0x82,0x06,0xC0,0xC0,0xA0,0x80,0x40,0x40,0x03,0x02,0x80,0x80,0x4E,
  0x01,0x04,0x04,0x01,0x80,0x0E,0x01,0xF0,0x11,0x1D,0x09,0x0F,0xFF,0x0B,0xE0,0x2C,
  0xE4,0x34,0x98,0x28,0x53,0x03,0x0B,0x8C,0x04,0xE4,0x84,0x0C,0x04,0x04,0x74,0xF4,
  0x04,0xB4,0x6C,0x0C,0xF0,0x30,0xF0,0x38,0x01,0x10,0x0F,0x01,0x40,0x08,0x01,0x07,
  0x12,0x1B,0x80,0x7F,0x60,0x01,0x8C,0x81,0x60,0x0C,0xC4,0xC4,0x04,0x3C,0x70,0x58,
  0xC6,0x03,0x05,0x0C,0x6F,0x10,0x01,0x00,0x0F,0x1F,0xFF,0xCF,0xFF,0x32,0x04,0x90,
  0xF0,0xF0,0xF0,0x32,0x18,0x01,0x00,0x00,0x01,0x01,0x01,0x01,0x01,0x03,0x00,0x01,
  0x01,0x01,0x01,0x01,0x00,0x06,0x00,0x23,0x1B,0x03,0x03,0x03,0x01,0x29,0x01,0x02,
  0x04,0x08,0x02,0x03,0x03,0x03,0x03,0x03,0x03,0x01,0x00,0x00,0xFF,0x00,0x05,0x02,
  0x04,0x04,0x04,0x04,0x80,0x00,0x00,0x02,0x06,0x01,0x04,0x6F,0x02,0x42,0x40,0xAA,
  0x01,0x20,0x5D,0x01,0x80,0x0D,0x01,0x70,0x10,0x0F,0x08,0x09,0xF0,0x00,0xC4,0x52,
  0x08,0x18,0x08,0x00,0x01,0x00,0x80,0x40,0x04,0x09,0x03,0xF0,0x00,0x30,0x46,0x01,
  0x04,0x11,0x01,0x08,0x0D,0x02,0x81,0x5F,0x03,0x07,0x20,0x40,0x00,0x04,0x20,0x00,
  0x0C,0x04,0x03,0xA8,0x00,0x02,0x04,0x01,0x1F,0x26,0x01,0x80,0x04,0x0F,0xC0,0xC0,
  0xC0,0xC6,0x7F,0x7E,0x7E,0x7E,0x7C,0x3C,0x38,0xA0,0xC0,0xD0,0x50,0x40,0x03,0x04,
  0x0D,0x01,0x30,0x01,0x02,0x04,0x08,0x02,0x03,0x43,0x43,0x3B,0x1B,0x1B,0x19,0x00,
  0x00,0x8C,0x01,0x80,0x75,0x01,0x04,0x09,0x01,0x02,0x07,0x01,0x04,0x06,0x01,0x01,
  0x68,0x02,0x28,0x50,0xA9,0x01,0x30,0x6C,0x01,0x80,0x11,0x01,0x04,0x0E,0x01,0x20,
  0x03,0x01,0x02,0x03,0x01,0x20,0x21,0x0C,0xE0,0xE0,0xE0,0xE0,0xC0,0xC0,0xC0,0xC0,
  0x80,0x80,0x80,0x80,0x23,0x01,0xC0,0x05,0x01,0x6D,0x03,0x01,0x81,0x0D,0x08,0x60,
  0x00,0x80,0x00,0x60,0x02,0x00,0x02,0x29,0x21,0xBC,0x63,0x60,0x00,0x00,0x10,0x30,
  0x38,0x18,0x0F,0x07,0x07,0x0F,0x8F,0x01,0x01,0x00,0x81,0x01,0x01,0x21,0x05,0xB8,
  0xB8,0xB8,0xB2,0xB0,0xD0,0x80,0x2C,0x00,0x10,0xA0,0x6C,0x01,0x08,0x03,0x02,0x03,
  0x07,0x03,0x0B,0x01,0x01,0x01,0x03,0x07,0x41,0x40,0x38,0x18,0x18,0x10,0x00,0x00,
  0xFF,0x00,0x03,0x01,0x80,0x07,0x01,0x68,0x06,0x03,0x06,0x02,0x02,0x04,0x01,0x80,
  0x6C,0x01,0x20,0x04,0x01,0x01,0x21,0x01,0x01,0x5C,0x01,0x02,0x28,0x01,0x40,0x7B,
  0x01,0x80,0x05,0x01,0x04,0x0A,0x01,0x40,0x05,0x01,0x20,0x15,0x1C,0x20,0x48,0xB0,
  0x70,0xF0,0xF0,0xF0,0xF8,0xF0,0xF0,0x70,0x70,0x10,0xD0,0x80,0xC0,0xA0,0xA0,0xA0,
  0x00,0x40,0x40,0x40,0x00,0x80,0x80,0x80,0x80,0x1F,0x01,0x80,0x04,0x02,0x10,0x80,
  0x12,0x01,0x20,0x06,0x02,0x10,0x08,0x0D,0x01,0x0C,0x10,0x2A,0x5C,0xBF,0xE0,0x60,
  0x10,0x20,0x08,0x1C,0x0C,0xB3,0x68,0x60,0x3F,0x07,0x10,0xD0,0x06,0x19,0x0F,0xF7,
  0xFF,0x03,0x53,0x3D,0x1D,0x1C,0x3D,0x3D,0xFE,0xE0,0x22,0xD8,0xC5,0x87,0x8C,0xF4,
  0xD0,0xC4,0x98,0x24,0xBC,0xD8,0x60,0x04,0x01,0x01,0x01,0x01,0x04,0x01,0x01,0x03,
  0x01,0x08,0x03,0x0B,0x02,0x06,0x10,0x07,0x03,0x01,0x01,0x01,0x03,0x07,0x01,0x04,
  0x01,0x08,0x00,0x00,0x8A,0x01,0x40,0xFF,0x00,0x29,0x01,0x01,0xFA,0x01,0x40,0x08,
  0x01,0x40,0x1C,0x26,0x80,0x20,0x00,0x00,0x68,0x20,0x70,0xD8,0xB0,0x48,0x84,0x00,
  0x08,0x08,0x80,0x08,0xC0,0x40,0x40,0xC0,0x00,0x50,0x10,0x50,0x00,0x00,0xA0,0x20,
  0xA0,0xA0,0x60,0x40,0x80,0x80,0x80,0x00,0x00,0x80,0x1C,0x01,0x40,0x05,0x01,0x02,
  0x16,0x01,0x10,0x11,0x01,0x04,0x0D,0x2D,0x1C,0xF0,0xE0,0x3C,0xAF,0xC0,0x4C,0x0C,
  0x2F,0x0F,0x83,0x0D,0x70,0x90,0x0F,0xC3,0x18,0x34,0x40,0x42,0x6D,0x16,0xD6,0xF6,
  0x02,0x52,0x22,0xE3,0x03,0xBC,0x1C,0x30,0x01,0xE1,0x0B,0x0D,0x4E,0x5F,0x49,0x19,
  0x5B,0x72,0x0A,0x8C,0xD8,0x5E,0x01,0x01,0x04,0x01,0x01,0x04,0x01,0x01,0x06,0x06,
  0x04,0x01,0x00,0x10,0x07,0x03,0x07,0x01,0x01,0x00,0x00,0xFF,0x00,0x02,0x0B,0x02,
  0x02,0x02,0x06,0x06,0x02,0x02,0x02,0x04,0x00,0x01,0x0F,0x01,0x01,0x1A,0x01,0x40,
  0x4D,0x0A,0x62,0x00,0x00,0x20,0x00,0x00,0x04,0x08,0x00,0x04,0x0B,0x01,0x08,0x16,
  0x01,0x08,0x82,0x01,0x40,0x50,0x04,0x10,0x00,0x00,0x10,0x12,0x01,0x80,0x18,0x01,
  0x08,0x1F,0x2A,0x38,0xD8,0x10,0x78,0xF8,0x90,0xDC,0x8C,0x00,0xE4,0x04,0x08,0x4C,
  0xF0,0xF0,0x60,0xE0,0x28,0x28,0x28,0xA8,0xE8,0xA8,0xC8,0x28,0x98,0x98,0x18,0xE0,
  0x60,0xE0,0x20,0x20,0x70,0x30,0x20,0x70,0xC0,0x70,0x10,0x00,0x60,0x06,0x07,0x90,
  0x00,0x00,0x80,0x00,0x00,0x80,0x16,0x01,0x08,0x06,0x02,0x10,0x40,0x0C,0x01,0x04,
  0x0F,0x01,0x04,0x08,0x30,0x40,0xBF,0xF0,0x60,0x40,0x00,0xC0,0xEC,0x6E,0x17,0x21,
  0x13,0x99,0xF0,0xC7,0x60,0x7E,0x62,0xA5,0x56,0x82,0x2C,0x33,0xAB,0x6B,0x6F,0x0D,
  0x21,0x71,0x0E,0x01,0xE1,0xF8,0x1E,0x02,0xE1,0x0E,0x03,0x03,0x1A,0x0B,0x09,0x60,
  0x02,0x25,0x27,0xF0,0x1E,0x60,0x05,0x01,0x00,0x01,0x01,0x01,0x09,0x06,0x01,0x00,
  0x00,0x04,0x00,0x01,0x00,0x00,0x8C,0x01,0x80,0x74,0x01,0x02,0x03,0x01,0x10,0x07,
  0x01,0x02,0x0F,0x01,0x80,0x66,0x01,0x08,0x05,0x02,0x02,0x08,0xFF,0x00,0x22,0x01,
  0x02,0x09,0x01,0x02,0x0A,0x01,0x02,0x0B,0x2F,0x80,0x00,0x08,0x38,0x48,0x48,0x20,
  0xC8,0x80,0x04,0x04,0x04,0x00,0x06,0xE2,0x02,0xF0,0x30,0x84,0x04,0x94,0x94,0xD4,
  0x94,0xD4,0x64,0x04,0x64,0x04,0x00,0x00,0xF0,0xB8,0x00,0xC0,0x60,0x30,0x58,0x40,
  0xC0,0x18,0x80,0x18,0xF0,0x20,0x00,0x60,0x06,0x01,0x10,0x04,0x01,0x20,0x08,0x03,
  0x40,0x00,0x40,0x06,0x03,0x01,0x00,0x88,0x03,0x01,0x02,0x06,0x01,0x10,0x06,0x01,
  0x40,0x10,0x01,0x03,0x05,0x01,0x0C,0x07,0x30,0x4C,0xBF,0x4F,0x00,0x20,0x50,0x20,
  0x2C,0x03,0x09,0x04,0x7E,0xC0,0x7A,0x00,0x03,0x00,0x7F,0x22,0x00,0x26,0x61,0x34,
  0x0C,0x08,0x14,0x9C,0x04,0x38,0x80,0x80,0x70,0xFF,0x06,0x00,0x02,0x00,0x04,0x00,
  0x04,0x0C,0xBA,0x79,0x78,0x73,0x1E,0x00,0x06,0x43,0x01,0x02,0x2B,0x01,0x01,0x0F,
  0x01,0x01,0x00,0x00,0xFF,0x00,0x0B,0x03,0x01,0x00,0x02,0x04,0x03,0x02,0x82,0x02,
  0x6F,0x05,0x40,0x00,0x70,0x00,0x20,0x05,0x01,0x04,0x0F,0x01,0x01,0x03,0x01,0x02,
  0x08,0x05,0x04,0x00,0x00,0x01,0x01,0x03,0x04,0x07,0x00,0x00,0x0F,0x04,0x01,0x10,
  0x72,0x01,0x80,0x56,0x01,0x10,0x08,0x01,0x04,0x34,0x01,0x40,0x0A,0x0E,0x80,0xA0,
  0x08,0x30,0x40,0x30,0x88,0x00,0x00,0x04,0x00,0x00,0x04,0x40,0x06,0x1A,0x80,0x00,
  0x40,0x00,0x40,0x30,0x30,0x20,0x00,0x00,0xE4,0x04,0x40,0x40,0xC0,0x30,0x18,0x68,
  0x20,0x4C,0x44,0xC0,0x0C,0xD8,0x00,0xC8,0x21,0x01,0x18,0x11,0x01,0x50,0x1D,0x21,
  0x4C,0xB3,0x0D,0x00,0xB0,0x58,0x20,0x00,0x02,0x00,0x04,0x7C,0xC0,0x00,0xFF,0x00,
  0x3C,0xC0,0x1F,0x01,0x01,0x62,0x18,0x0A,0x00,0x02,0x1C,0x1C,0x60,0x1E,0x00,0x7F,
  0x72,0x04,0x0A,0x0E,0x04,0x04,0x04,0x1D,0x00,0x60,0x07,0x00,0x01,0x47,0x01,0x08,
  0x00,0x00,0xFF,0x00,0x12,0x04,0x04,0x00,0x00,0x02,0x03,0x01,0x80,0x84,0x01,0x01,
  0x0F,0x09,0x01,0x00,0x02,0x00,0x00,0x07,0x00,0x00,0x08,0x04,0x01,0x10,0x4E,0x01,
  0x02,0x2C,0x01,0x40,0x4D,0x01,0x20,0x15,0x01,0xC0,0x13,0x01,0x30,0x29,0x03,0x04,
  0x00,0x80,0x11,0x03,0x60,0x80,0x10,0x1D,0x01,0x01,0x05,0x01,0x01,0x1B,0x01,0x10,
  0x06,0x01,0x08,0x0F,0x01,0x0C,0x08,0x01,0x02,0x04,0x01,0x01,0x03,0x01,0x40,0x14,
  0x01,0x0D,0x0C,0x01,0x03,0x46,0x01,0x02,0x00,0x00,0xFF,0x00,0x13,0x01,0x80,0x6F,
  0x03,0x02,0x00,0x02,0x29,0x01,0x01,0x06,0x01,0x04,0xCF,0x03,0x20,0x00,0x10,0x25,
  0x01,0x04,0x05,0x01,0x10,0x1E,0x01,0x08,0x07,0x01,0x40,0x0C,0x07,0x20,0x00,0xF0,
  0x00,0x00,0x60,0x08,0x36,0x01,0x01,0x09,0x01,0x20,0x16,0x01,0x0C,0x1A,0x01,0x20,
  0x05,0x04,0x20,0x00,0x00,0x41,0x0B,0x01,0x20,0x00,0x00,0xFF,0x00,0x06,0x01,0x02,
  0x17,0x01,0x80,0x17,0x01,0x18,0x4E,0x01,0x42,0xFF,0x00,0x03,0x01,0x30,0x25,0x01,
  0x05,0x22,0x03,0x02,0x00,0x04,0x07,0x01,0x80,0x03,0x01,0x80,0x0F,0x02,0x20,0x28,
  0x05,0x04,0x08,0x00,0x00,0x08,0x0E,0x01,0x01,0x04,0x01,0x02,0x09,0x01,0x80,0x04,
  0x02,0x30,0x02,0x11,0x01,0x3E,0x05,0x01,0x10,0x19,0x04,0x01,0x00,0x20,0x10,0x08,
  0x01,0x04,0x06,0x02,0x02,0x08,0x03,0x07,0x40,0x00,0x80,0x1E,0x00,0x00,0x0F,0x05,
  0x01,0x08,0x04,0x03,0x20,0x00,0x03,0x00,0x00,0x8A,0x01,0x40,0x77,0x01,0x02,0x03,
  0x01,0x80,0x25,0x01,0x10,0x57,0x01,0x40,0x13,0x02,0x02,0x08,0x15,0x01,0x02,0xE4,
  0x01,0x10,0x2B,0x01,0x80,0x0D,0x03,0x80,0x00,0x04,0x14,0x01,0x10,0x03,0x01,0x80,
  0x10,0x01,0x04,0x1B,0x01,0x40,0x03,0x03,0x05,0x00,0x7C,0x07,0x01,0x01,0x03,0x01,
  0x40,0x0C,0x01,0x80,0x0A,0x01,0x01,0x0A,0x01,0x10,0x05,0x01,0x04,0x06,0x03,0x20,
  0x00,0x40,0x06,0x01,0x20,0x05,0x03,0x0C,0x00,0x01,0x00,0x00,0xFF,0x00,0x04,0x02,
  0x02,0x02,0x0F,0x01,0x02,0x6F,0x05,0x02,0x40,0x00,0x08,0x04,0x13,0x01,0x04,0x0F,
  0x01,0x01,0x0D,0x01,0x08,0x72,0x01,0x40,0x56,0x01,0x20,0x08,0x01,0x04,0x04,0x01,
  0x10,0x07,0x03,0xE0,0x00,0xF0,0x16,0x01,0x08,0x0E,0x01,0x02,0x0B,0x02,0x44,0x10,
  0x0B,0x05,0x02,0x02,0x00,0x00,0x40,0x04,0x06,0x50,0x00,0x00,0x20,0x00,0x60,0x03,
  0x01,0x20,0x0C,0x01,0x04,0x0B,0x01,0x02,0x0A,0x03,0x40,0x00,0x40,0x07,0x0D,0x20,
  0x01,0x00,0x1F,0x00,0x0B,0x00,0x00,0x20,0x01,0x00,0x00,0x10,0x17,0x01,0x02,0x0C,
  0x01,0x0C,0x03,0x01,0x80,0x06,0x09,0x20,0x10,0x00,0x09,0x00,0x00,0x80,0x00,0x10,
  0x05,0x03,0x02,0x60,0x0C,0x09,0x01,0x08,0x04,0x01,0x38,0x49,0x03,0x09,0x00,0x08,
  0x00,0x00,0x8A,0x01,0x80,0x03,0x01,0x80,0x73,0x08,0x84,0x04,0x04,0x00,0x02,0x02,
  0x02,0x04,0x29,0x01,0x60,0x53,0x01,0x10,0x14,0x01,0x04,0x13,0x01,0x08,0x04,0x01,
  0x04,0xD7,0x01,0x80,0x10,0x02,0xE0,0x20,0x0D,0x01,0x01,0x05,0x01,0x20,0x11,0x01,
  0x60,0x0E,0x01,0x80,0x20,0x04,0x20,0x00,0x00,0x04,0x1B,0x01,0x01,0x07,0x05,0x40,
  0x00,0x60,0x40,0x03,0x17,0x01,0x10,0x18,0x01,0x10,0x05,0x04,0x20,0x00,0x00,0x02,
  0x08,0x04,0x02,0x00,0x00,0x20,0x0E,0x01,0x30,0x04,0x02,0x20,0x40,0x44,0x01,0x02,
  0x00,0x00,0xFF,0x00,0x88,0x01,0x10,0x32,0x01,0x08,0xCA,0x01,0x20,0x07,0x01,0x80,
  0x05,0x01,0x20,0x08,0x01,0x60,0x10,0x01,0x01,0x3F,0x01,0x08,0x1B,0x01,0x08,0x12,
  0x01,0x04,0x0A,0x01,0x10,0x0B,0x01,0x10,0x18,0x01,0x08,0x0D,0x04,0x20,0x00,0x00,
  0x40,0x08,0x01,0x30,0x09,0x02,0x01,0x04,0x04,0x01,0x80,0x4B,0x01,0x08,0x00,0x00,
  0xFF,0x00,0x08,0x07,0x20,0x00,0x00,0x01,0x00,0x00,0x02,0x0D,0x01,0x01,0x7C,0x01,
  0x02,0x08,0x01,0x02,0xF2,0x01,0x10,0x07,0x01,0x10,0x10,0x01,0x04,0x17,0x01,0xA0,
  0x1E,0x01,0x50,0x04,0x01,0x10,0x05,0x01,0x08,0x11,0x01,0x20,0x19,0x02,0x10,0x20,
  0x25,0x01,0x02,0x14,0x04,0x40,0x00,0x00,0x10,0x0B,0x01,0x08,0x13,0x01,0x42,0x29,
  0x01,0x02,0x00,0x00,0xFF,0x00,0x0D,0x01,0x02,0x06,0x01,0x02,0x04,0x06,0x80,0x00,
  0x20,0x04,0x00,0x80,0x03,0x01,0x08,0x60,0x06,0x02,0x40,0x40,0x10,0x00,0x20,0x2B,
  0x01,0x08,0xD3,0x01,0x20,0x14,0x03,0x80,0x00,0x10,0x26,0x01,0xC0,0x08,0x01,0x80,
  0x05,0x01,0x02,0x0A,0x01,0x40,0x07,0x01,0x30,0x05,0x01,0x20,0x06,0x01,0x04,0x0C,
  0x01,0x20,0x0A,0x01,0x01,0x0F,0x03,0x03,0x00,0x08,0x20,0x01,0x02,0x0B,0x07,0x08,
  0x00,0x00,0x01,0x00,0x00,0x10,0x05,0x01,0x80,0x1D,0x03,0x70,0x00,0x30,0x4B,0x01,
  0x02,0x00,0x00,0x8E,0x01,0x80,0x73,0x03,0x84,0x04,0x04,0x03,0x01,0x04,0x09,0x01,
  0x02,0x08,0x01,0x01,0x10,0x01,0x10,0x58,0x01,0x40,0x21,0x01,0x08,0x0B,0x01,0x08,
  0xE6,0x01,0x20,0x12,0x02,0x10,0x08,0x03,0x02,0x10,0x28,0x18,0x01,0x80,0x06,0x01,
  0x04,0x11,0x03,0x10,0x00,0x10,0x04,0x01,0x80,0x1C,0x01,0x08,0x12,0x04,0x08,0x00,
  0x00,0x40,0x03,0x01,0x20,0x0F,0x01,0x10,0x18,0x03,0x04,0x00,0x01,0x1D,0x01,0x02,
  0x03,0x01,0x01,0x06,0x01,0x10,0x00,0x00,0xFF,0x00,0x03,0x01,0x02,0x04,0x01,0x02,
  0x0A,0x01,0x80,0x05,0x01,0x80,0x04,0x01,0x80,0x03,0x01,0x08,0x08,0x01,0x80,0x05,
  0x01,0x20,0x04,0x01,0x20,0x4D,0x01,0x04,0x23,0x01,0x08,0x0B,0x01,0x04,0x54,0x02,
  0x01,0x02,0x83,0x01,0x80,0x05,0x01,0x20,0x07,0x05,0x30,0xD0,0x00,0x00,0x20,0x12,
  0x02,0x10,0x20,0x20,0x01,0x02,0x23,0x01,0x04,0x22,0x06,0x08,0x0F,0x00,0x00,0x10,
  0x83,0x13,0x05,0x10,0x08,0x00,0x00,0x10,0x13,0x01,0x0C,0x19,0x01,0x08,0x10,0x01,
  0x20,0x2F,0x01,0x01,0x1B,0x01,0x04,0x00,0x00,0x8A,0x01,0x40,0xF9,0x01,0x60,0x03,
  0x01,0x04,0xFF,0x00,0x44,0x03,0x40,0x00,0x80,0x15,0x01,0x40,0x07,0x01,0x40,0x33,
  0x01,0x01,0x06,0x01,0x10,0x3E,0x01,0x30,0x05,0x01,0x0C,0x0C,0x02,0x20,0x14,0x00,
  0x00,0x8A,0x01,0x80,0x7A,0x09,0x80,0x00,0x00,0x06,0x06,0x01,0x00,0x02,0x02,0x04,
  0x02,0x02,0x02,0x05,0x01,0x10,0x19,0x03,0x80,0x00,0x14,0x4D,0x02,0x04,0x62,0x08,
  0x01,0x04,0x0A,0x01,0x02,0x9C,0x01,0x20,0x73,0x01,0x02,0x09,0x01,0x08,0x11,0x01,
  0x20,0x18,0x01,0x80,0x08,0x01,0x20,0x24,0x01,0x02,0x06,0x01,0x40,0x06,0x07,0x01,
  0x08,0x00,0x00,0x34,0x00,0x10,0x06,0x01,0x10,0x25,0x01,0x40,0x09,0x04,0x80,0x00,
  0x00,0x30,0x0A,0x04,0x02,0x00,0x00,0x80,0x08,0x01,0x08,0x00,0x00,0x8A,0x01,0x40,
  0x76,0x08,0x04,0x00,0x82,0x02,0x02,0x02,0x00,0x08,0x12,0x01,0x04,0x05,0x01,0x40,
  0x0E,0x01,0x18,0x04,0x01,0x04,0x4E,0x01,0x40,0x15,0x01,0x02,0x20,0x01,0x08,0x4D,
  0x01,0x02,0x23,0x01,0x20,0x66,0x01,0x10,0x12,0x01,0x02,0x06,0x01,0x02,0x04,0x01,
  0x20,0x11,0x01,0x10,0x0D,0x01,0x04,0x0B,0x01,0x80,0x0C,0x01,0x30,0x07,0x01,0x04,
  0x17,0x01,0x01,0x06,0x0A,0x40,0x04,0x00,0x00,0x10,0x00,0x00,0x04,0x00,0x0E,0x03,
  0x01,0x08,0x13,0x01,0x10,0x16,0x02,0x04,0x08,0x04,0x01,0x10,0x08,0x01,0x40,0x11,
  0x01,0x01,0x00,0x00,0x8A,0x01,0x80,0x03,0x02,0x80,0x80,0x71,0x14,0x04,0x82,0x02,
  0x02,0xF2,0x02,0x62,0x02,0xE2,0x03,0x70,0xF9,0x02,0x40,0x20,0x18,0x01,0x00,0x00,
  0xF8,0x04,0x14,0x60,0xE4,0x1A,0x00,0x00,0x40,0x00,0x00,0x30,0x04,0x00,0xC0,0x00,
  0x00,0xFC,0x00,0x04,0x80,0x40,0x31,0x05,0x09,0x04,0x00,0x00,0x80,0x00,0x00,0x01,
  0x00,0x08,0x08,0x07,0x20,0x80,0x80,0x80,0x80,0x80,0x80,0x38,0x0F,0x01,0x04,0x08,
  0x00,0x80,0xB3,0x44,0x83,0x00,0x00,0x0F,0x03,0x00,0x01,0x08,0x03,0x01,0x03,0x03,
  0x03,0x01,0x00,0x03,0x03,0x08,0x02,0x04,0x08,0x00,0x00,0x02,0x08,0x04,0x04,0x06,
  0x07,0x00,0x01,0x00,0x08,0x02,0x05,0x01,0x08,0x53,0x02,0x02,0x03,0x22,0x03,0xE0,
  0x80,0x20,0x05,0x01,0x20,0x4E,0x0B,0x80,0xC0,0x10,0x68,0x04,0x80,0xE0,0x00,0x02,
  0x00,0x80,0x03,0x02,0x10,0x08,0x05,0x02,0x20,0x20,0x04,0x10,0x40,0x30,0x40,0x00,
  0x10,0x00,0x00,0x10,0x00,0x00,0x02,0x04,0x00,0x00,0x11,0x05,0x16,0x01,0x30,0x06,
  0x06,0x80,0x00,0x10,0x00,0x02,0x10,0x06,0x07,0x04,0x00,0x00,0x10,0x00,0x72,0x80,
  0x03,0x19,0x40,0x00,0x40,0x00,0x00,0x30,0xF0,0x00,0x10,0x00,0x00,0x28,0x60,0x10,
  0x08,0x00,0x00,0x20,0x00,0x64,0x04,0xF0,0x08,0xFC,0xE8,0x07,0x04,0x40,0x90,0x11,
  0x31,0x03,0x0C,0x0E,0x17,0x00,0x80,0x04,0x05,0x18,0x20,0x00,0x02,0xC3,0x03,0x05,
  0x07,0x05,0x0F,0x6E,0x10,0x00,0x04,0x30,0x03,0x04,0x01,0x00,0x00,0x30,0x0B,0x07,
  0x10,0x20,0x00,0x01,0x00,0x10,0x20,0x04,0x02,0x02,0x82,0x0B,0x1E,0x20,0x14,0x00,
  0x01,0x00,0x04,0x00,0x0C,0x20,0x01,0x00,0x02,0x40,0x30,0x3C,0x70,0x00,0x00,0x80,
  0x20,0x10,0x00,0x22,0x08,0x00,0x08,0x00,0x00,0x7C,0x73,0x07,0x0C,0x05,0x00,0x0A,
  0x04,0x18,0x60,0x38,0x3F,0x00,0x1F,0x29,0x40,0x28,0x01,0x02,0x1E,0x01,0x04,0x00,
  0x00,0x8B,0x06,0xC0,0x80,0x80,0x00,0x00,0x80,0x71,0x3D,0x04,0x84,0x04,0x14,0xEC,
  0x6C,0x0C,0x14,0xF4,0x0F,0xE7,0xFB,0x34,0xCF,0xC3,0x3B,0xF8,0xE6,0xE4,0xF8,0x10,
  0x00,0x00,0x80,0xF8,0xDC,0x33,0x0B,0x8F,0x8F,0x0F,0x0F,0x77,0x83,0xC3,0x07,0xEF,
  0x0F,0x63,0xFB,0x0F,0x8B,0xC2,0x03,0x1F,0x4F,0xF3,0x03,0xFB,0xF3,0x03,0x53,0x0F,
  0x6F,0x2E,0x3F,0x5F,0x63,0x03,0x03,0x0B,0x04,0x07,0xC0,0x60,0x60,0x60,0x60,0x60,
  0x60,0x39,0x13,0x03,0xE4,0xE2,0x20,0x04,0x36,0x1A,0x0F,0x08,0x0F,0x1F,0x0F,0x03,
  0x11,0x1A,0x18,0x08,0x05,0x0F,0x03,0x25,0x07,0x00,0x13,0x14,0x30,0x01,0x01,0x00,
  0x00,0x14,0x15,0x16,0x18,0x0F,0x0E,0x10,0x1F,0x00,0x01,0x10,0x11,0x11,0x00,0x00,
  0x10,0x1F,0x03,0x10,0x10,0x00,0x01,0x1A,0x68,0x10,0x09,0x10,0x10,0x05,0x07,0x01,
  0x01,0x01,0x01,0x01,0x01,0x01,0x3C,0x06,0x01,0x01,0x01,0x00,0x00,0x06,0x23,0x08,
  0xD0,0x20,0x20,0x40,0x40,0x00,0x00,0xC0,0x4D,0x43,0x80,0x00,0x20,0xF0,0xC8,0x9C,
  0x6C,0x04,0x16,0x70,0x90,0x0C,0x04,0x84,0xC4,0x5C,0x44,0x04,0x04,0x84,0x04,0x14,
  0x14,0x34,0x84,0x04,0x64,0x74,0x54,0x44,0x54,0x34,0x04,0x04,0x16,0x04,0xF4,0x14,
  0x1C,0x00,0x00,0x0E,0xE0,0x07,0x00,0x30,0x56,0x78,0x00,0x00,0x0C,0x04,0x84,0x84,
  0x00,0x0C,0x04,0x04,0x84,0x44,0x84,0x06,0x44,0x94,0x04,0x04,0xC4,0x06,0x06,0x40,
  0xC4,0x00,0x44,0x80,0x84,0x03,0x25,0x04,0x04,0x04,0x04,0x04,0x14,0xC4,0x84,0x04,
  0x04,0x04,0x04,0x04,0x44,0x24,0x24,0x04,0xE4,0xE4,0x04,0x04,0x3C,0x2C,0x20,0x30,
  0x00,0x40,0x48,0x60,0x40,0x84,0x20,0xFC,0xF4,0x00,0xFC,0x10,0x08,0x27,0x60,0x90,
  0x13,0x22,0x03,0x81,0x30,0x37,0x00,0x60,0xFC,0x0E,0x00,0x11,0x20,0x40,0x03,0x0A,
  0x00,0x08,0x70,0x00,0x12,0x18,0x0F,0xFF,0x90,0x80,0x5C,0x56,0x02,0x10,0x00,0x01,
  0x40,0xA0,0x70,0x80,0x20,0x04,0x0B,0xFF,0x7F,0x00,0xFF,0x00,0x22,0x22,0x06,0x05,
  0x18,0x38,0x05,0x02,0x0A,0x80,0x03,0x04,0x0C,0x00,0x00,0x01,0x04,0x30,0x40,0xA2,
  0x40,0x00,0x10,0x08,0x2C,0x01,0x00,0x00,0x0C,0x3E,0x00,0x40,0x8C,0x80,0x00,0x62,
  0x40,0x61,0x01,0x00,0x10,0x08,0x0C,0x08,0xFA,0x40,0x87,0xF3,0x00,0x00,0xFF,0x01,
  0x02,0x00,0x0E,0x02,0x04,0x00,0x1C,0x24,0x00,0x3F,0x07,0x00,0x3F,0x40,0x29,0x01,
  0x02,0x1D,0x02,0x01,0x01,0x0A,0x01,0x01,0x00,0x00,0xFF,0x00,0x06,0x12,0x10,0x10,
  0x10,0xF0,0xF0,0x70,0x00,0x18,0xFF,0x43,0xE8,0x7C,0x7C,0x0E,0xE8,0x08,0xF8,0xD0,
  0x04,0x24,0xC0,0x30,0x88,0x0C,0x0C,0x0C,0x0C,0x0C,0xDC,0x1C,0x1C,0x0C,0x0C,0x9C,
  0x1C,0xEC,0x2C,0x6C,0x1C,0x1C,0x2C,0x0C,0x9C,0x1C,0x6C,0x1C,0x1C,0x2C,0xAC,0xEC,
  0xEC,0xCC,0x9C,0x1C,0x1C,0x28,0x04,0x07,0x80,0x80,0x80,0x80,0x80,0x80,0x80,0x3A,
  0x13,0x02,0x0E,0xC4,0x40,0x91,0x5E,0xC8,0x38,0x1E,0x1F,0x7F,0x03,0x1F,0x63,0x66,
  0x68,0x0A,0x17,0x3F,0x03,0x24,0x0F,0x07,0x66,0x50,0x40,0x02,0x0F,0x34,0x68,0x79,
  0x7E,0x78,0x30,0x1E,0x1F,0x60,0x7F,0x0E,0x63,0x61,0x60,0x6C,0x1B,0x23,0x60,0x00,
  0x60,0x60,0x00,0x05,0x0D,0xA9,0xE0,0x35,0x60,0x60,0x05,0x07,0x07,0x07,0x07,0x07,
  0x07,0x07,0x01,0x3C,0x07,0x01,0x03,0x07,0x02,0x00,0x00,0x0C,0x21,0x0A,0x80,0x00,
  0xC0,0x80,0x80,0x80,0x80,0x80,0x00,0x80,0x4E,0x25,0xC0,0x00,0x40,0xE0,0x10,0xB8,
  0x78,0x18,0xEC,0xF0,0xA8,0x28,0x28,0xA8,0x88,0xD8,0xD8,0x18,0x18,0x18,0x18,0x18,
  0x78,0xD8,0x78,0x18,0xF8,0xF8,0x18,0xB8,0x18,0x18,0x18,0x18,0x18,0xF8,0x38,0x03,
  0x1A,0x1B,0x10,0x01,0x00,0x5B,0x3D,0x19,0x01,0x09,0x40,0x78,0x18,0x1C,0x30,0x18,
  0xD8,0x18,0x18,0x18,0x18,0xA8,0x78,0x18,0x18,0x18,0x0C,0x05,0x1E,0x40,0x10,0xF8,
  0x18,0x28,0x30,0x18,0x18,0x18,0x18,0x18,0x98,0x18,0x18,0x98,0x18,0x28,0xA8,0x28,
  0xA8,0xA8,0xE8,0x28,0x88,0x08,0x98,0xB8,0x08,0xD8,0x68,0x04,0x09,0x90,0xD8,0x40,
  0x38,0x18,0xD8,0xD8,0xC0,0xF8,0x0C,0x26,0x60,0x60,0x61,0x02,0x26,0x03,0x47,0x7C,
  0x21,0x00,0xFC,0x0E,0x12,0x27,0x03,0x03,0x03,0x00,0x04,0x80,0xE0,0x20,0x00,0x10,
  0x1D,0xFF,0xB4,0x80,0x08,0x20,0x18,0x60,0x20,0x20,0x00,0x40,0x80,0xC3,0x05,0x0B,
  0x80,0x00,0x00,0x62,0x34,0xD0,0x22,0x40,0x48,0x11,0x10,0x03,0x0A,0x98,0x0D,0x14,
  0x01,0x00,0x31,0x03,0x40,0x00,0x80,0x04,0x2D,0xBD,0x00,0x00,0x30,0x20,0x9D,0x41,
  0x48,0x22,0x10,0x04,0xC4,0xC0,0x07,0xB0,0x00,0x01,0xA1,0x04,0x20,0x59,0x01,0x02,
  0x00,0x04,0xF4,0x04,0x3F,0x87,0x00,0x83,0xFC,0x04,0x06,0x01,0x0A,0x01,0x09,0x02,
  0x74,0xE0,0x3F,0x1F,0x1F,0x07,0x0F,0x08,0x01,0x00,0x01,0x01,0x01,0x01,0x01,0x01,
  0x06,0x04,0x01,0x02,0x01,0x01,0x0A,0x06,0x03,0x00,0x03,0x02,0x03,0x01,0x07,0x15,
  0x03,0x01,0x00,0x00,0x01,0x02,0x02,0x02,0x01,0x01,0x01,0x01,0x01,0x01,0x01,0x01,
  0x00,0x0F,0x00,0x03,0x01,0x07,0x03,0x01,0x03,0x02,0x0A,0x03,0x01,0x00,0x01,0x08,
  0x04,0x01,0x00,0x00,0x01,0x00,0x00,0xFF,0x00,0x0B,0x0D,0x80,0x80,0x00,0x00,0xF8,
  0xF8,0x40,0xC0,0xF0,0xF0,0x10,0x00,0xC0,0x06,0x01,0x80,0x05,0x1C,0x20,0xE0,0xE0,
  0xE0,0x00,0x00,0xE0,0xE0,0x20,0x60,0xE0,0xE0,0xA0,0x00,0x60,0xE0,0x60,0xE0,0xE0,
  0x20,0x20,0x20,0x20,0x20,0xE0,0xE0,0xE0,0x20,0x47,0x11,0x18,0x38,0x60,0xC7,0xC7,
  0x3F,0x1E,0x00,0x7F,0x0F,0x00,0x78,0x7D,0x6F,0x0C,0x18,0x3F,0x04,0x23,0x18,0x7E,
  0x60,0x40,0x00,0x08,0x38,0x70,0x60,0x67,0x67,0x3F,0x1F,0x00,0x7F,0x7F,0x00,0x7C,
  0x7E,0x7F,0x6F,0x1C,0x3C,0x7F,0x00,0x7F,0x7F,0x00,0x04,0x0E,0xDE,0xFF,0x3B,0x7F,
  0x7F,0x05,0x06,0x06,0x06,0x06,0x06,0x06,0x06,0x3E,0x13,0x02,0x06,0x03,0x03,0x06,
  0x0C,0x00,0x30,0x30,0x00,0x40,0x7C,0x00,0xC0,0xD0,0x38,0x00,0xC0,0x60,0x04,0x02,
  0xC0,0x80,0x07,0x17,0x3C,0x3C,0x00,0x08,0x7C,0x00,0x60,0xF0,0x7C,0x7C,0x00,0xFC,
  0xFE,0x00,0xFE,0xFE,0x00,0x00,0xF8,0xF8,0xFC,0x4C,0xFC,0x4A,0x23,0x80,0x00,0x80,
  0x40,0x60,0xE0,0xF0,0xF0,0x20,0x20,0x20,0x20,0x20,0x20,0x20,0xE0,0xE0,0xE0,0xE0,
  0xE0,0x20,0x20,0xE0,0xE0,0xE0,0x20,0xA0,0x60,0xE0,0xE0,0xE0,0xE0,0xE0,0xE0,0x20,
  0x04,0x18,0xE8,0xFE,0xFF,0xBC,0x8E,0xEE,0xFF,0xFE,0xFC,0x40,0xE0,0xE1,0xC0,0xE0,
  0xE0,0xE0,0xE0,0xE0,0xE0,0x20,0xE0,0xE0,0xE0,0x20,0x05,0x2B,0x40,0x80,0x20,0xE0,
  0x60,0xC0,0xC0,0xE0,0xE0,0xE0,0xE0,0xE0,0x60,0xE0,0xE0,0x60,0x20,0x20,0x20,0x20,
  0x20,0x20,0x20,0xA0,0x60,0xE0,0x60,0xA0,0xE0,0x20,0x80,0xC0,0x20,0xC0,0xE0,0x60,
  0x60,0xF0,0xC0,0xE0,0x20,0x00,0xC0,0x0F,0x24,0x80,0x40,0xC7,0xC2,0x87,0x83,0xC0,
  0xFF,0xFC,0x01,0x1C,0x38,0x3C,0x7C,0xFE,0xFF,0xF3,0xFF,0xFF,0x3D,0x1F,0x1F,0x1D,
  0x00,0xF7,0xFF,0x2B,0xCD,0xF7,0xBF,0xFF,0xBF,0x1F,0xFF,0x7F,0xFF,0x06,0x17,0x1F,
  0x1F,0xE3,0x07,0x63,0x33,0x8F,0x6F,0x7E,0xEF,0xFF,0xFF,0xFF,0xE0,0x71,0x6F,0x7F,
  0xFF,0xC2,0xFF,0xBF,0xFF,0x7E,0x04,0x2C,0xC1,0xFE,0xFF,0xC0,0xC0,0x71,0x71,0x75,
  0x3F,0x0F,0x07,0xFB,0xFF,0xF8,0xFF,0xFF,0xFE,0x3C,0x3B,0x7E,0x66,0x1E,0x0F,0x0F,
  0x87,0xFF,0x7F,0x40,0xFF,0xFF,0xFC,0x03,0x04,0x07,0x03,0x0B,0x8E,0x0E,0x0D,0x77,
  0xFF,0x00,0x00,0x1F,0x10,0x0B,0x01,0x00,0x01,0x01,0x01,0x01,0x01,0x01,0x00,0x18,
  0xFF,0x03,0x16,0x11,0x3A,0x7D,0x7E,0xFF,0xFF,0x3F,0x1F,0x1F,0x1F,0x00,0x80,0x3F,
  0x0E,0x02,0x03,0x0D,0x1C,0x1D,0x3E,0x3F,0xFF,0x05,0x16,0x18,0x4E,0x01,0x00,0x01,
  0x01,0x04,0x14,0x08,0x01,0x0F,0xFE,0xFE,0x01,0x0D,0x40,0xF0,0xFD,0x8F,0xBE,0xC0,
  0x10,0x07,0x23,0x03,0x03,0x00,0x00,0x1F,0x1F,0x07,0x37,0x1F,0x3F,0x1C,0x03,0x7E,
  0x00,0x01,0x18,0x18,0x0C,0x0E,0x0F,0x0F,0x5F,0x3F,0x1E,0x0B,0x7F,0x01,0x01,0x02,
  0x03,0x07,0x07,0x0F,0x07,0x0F,0x00,0x00,0xFF,0x00,0xFF,0x00,0x10,0x0C,0x30,0x30,
  0x00,0x40,0x7C,0x00,0xC0,0xD0,0x38,0x00,0xC0,0x60,0x04,0x02,0xC0,0x80,0x07,0x17,
  0x3C,0x3C,0x00,0x08,0x7C,0x00,0x60,0xF0,0x7C,0x7C,0x00,0xFC,0xFE,0x00,0xFE,0xFE,
  0x00,0x00,0xF8,0xF8,0xFC,0x4C,0xFC,0x69,0x03,0xC0,0xC0,0xC0,0x05,0x08,0x80,0xC0,
  0x00,0x00,0x80,0x00,0x81,0xC0,0x03,0x04,0x81,0x80,0x00,0xE0,0x72,0x0B,0xE0,0xE0,
  0xE0,0xC1,0x60,0xF0,0x31,0xD0,0x80,0x01,0x01,0x04,0x02,0x80,0x80,0x22,0x03,0x80,
  0x00,0x80,0x09,0x01,0x80,0x20,0x02,0x18,0xFF,0x03,0x16,0x10,0x38,0x7C,0x7F,0xFF,
  0xFF,0x3F,0x1F,0x1F,0x1F,0x00,0x80,0x3F,0x0F,0x00,0x00,0x0F,0x1F,0x1F,0x3F,0x3F,
  0xFF,0x05,0x16,0x1B,0x4F,0x01,0x00,0x00,0x02,0x07,0x17,0x09,0x00,0x0E,0xFF,0xFF,
  0x00,0x0C,0x41,0xFF,0xFE,0x80,0xBF,0xC1,0x10,0x06,0x01,0x01,0x04,0x1F,0x1F,0x1F,
  0x07,0x37,0x1F,0x3F,0x1C,0x03,0x7F,0x00,0x00,0x18,0x18,0x0C,0x0E,0x0F,0x0F,0x5F,
  0x3F,0x1F,0x0B,0x7F,0x00,0x01,0x02,0x03,0x07,0x07,0x0F,0x07,0x0F,0x00,0x00,0xFF,
  0x00,0xFF,0x00,0xA9,0x03,0xC0,0xC0,0xC0,0x05,0x08,0x80,0xC0,0x00,0x00,0x80,0x00,
  0x80,0xC0,0x03,0x04,0x80,0x80,0x00,0xE0,0x75,0x08,0x01,0x00,0x00,0x01,0x00,0x00,
  0x01,0x01,0x00,0x00,0x85,0x02,0x40,0x40,0x04,0x19,0x80,0x80,0x00,0x00,0xC0,0xC0,
  0x40,0xC0,0xC0,0xC0,0x40,0x40,0xC0,0xC0,0x40,0xC0,0xC0,0x40,0x40,0x40,0x40,0x40,
  0xC0,0xC0,0xC0,0x5E,0x22,0x78,0xC0,0x80,0x00,0x00,0x30,0xE0,0xC0,0x0F,0x8F,0x7F,
  0x3E,0x00,0xFF,0x7F,0x00,0xF8,0xDD,0xDF,0x58,0x30,0xE1,0xFF,0x00,0xFF,0xFF,0x00,
  0x0C,0x9C,0xFE,0x77,0xE3,0xFF,0xFF,0x60,0x01,0x01,0x19,0x02,0x01,0x01,0x00,0x00,
  0x88,0x03,0x40,0x40,0x40,0x78,0x01,0x02,0x05,0x03,0x40,0x80,0x40,0x00,0x00,0x8B,
  0x04,0x40,0x00,0x40,0x40,0x74,0x01,0x02,0x03,0x04,0x08,0x00,0x40,0x01,0x05,0x01,
  0x80,0x05,0x02,0x08,0x14,0x00,0x00,0x84,0x04,0xC0,0x00,0x00,0x40,0x04,0x01,0x40,
  0x75,0x02,0x04,0x02,0x0F,0x03,0x04,0x00,0x80,0x07,0x01,0x10,0x84,0x01,0x01,0x00,
  0x00,0xFF,0x00,0x04,0x01,0x01,0x06,0x03,0x01,0x00,0x80,0x06,0x04,0x01,0x00,0x00,
  0x08,0x09,0x01,0x80,0x00,0x00,0xFF,0x00,0x07,0x07,0x10,0x00,0x00,0x04,0x00,0x00,
  0x80,0x08,0x01,0xC0,0x0A,0x04,0x10,0x00,0x00,0x61,0x00,0x00,0x92,0x01,0x80,0x76,
  0x01,0x04,0x19,0x01,0x21,0x00,0x00,0xFF,0x00,0x04,0x01,0x04,0x0E,0x06,0x08,0x00,
  0x00,0x40,0x00,0x01,0x0B,0x01,0x31,0x00,0x00,0x92,0x01,0x80,0x76,0x01,0x04,0x0D,
  0x01,0x04,0x08,0x04,0x01,0x00,0x00,0x70,0x00,0x00,0xFF,0x00,0x0D,0x01,0x80,0x00,
  0x00,0x84,0x01,0x40,0x8E,0x03,0x04,0x00,0x40,0x0D,0x01,0x61,0x00,0x00,0xA8,0x12,
  0x40,0x40,0x40,0x40,0xC0,0xC0,0x40,0xC0,0xC0,0x40,0x40,0x40,0x40,0x40,0x40,0xC0,
  0xC0,0x40,0x48,0x01,0x80,0x1A,0x01,0x10,0x05,0x01,0x01,0x04,0x12,0x0C,0xBC,0xFE,
  0x67,0xE3,0xFF,0x00,0xFD,0xFF,0x00,0x10,0x78,0xE0,0xC4,0x8F,0xCF,0xFF,0x3E,0x6F,
  0x02,0x03,0x01,0x0B,0x01,0x01,0x00,0x00,0x84,0x01,0x80,0x31,0x01,0x80,0x4C,0x01,
  0x03,0x03,0x01,0x40,0x0B,0x01,0x01,0x03,0x01,0x08,0x0B,0x01,0x92,0x04,0x04,0x10,
  0x00,0x00,0x80,0x03,0x07,0x02,0x00,0x00,0x20,0x00,0x00,0x0A,0x00,0x00,0xFF,0x00,
  0x16,0x01,0x40,0x07,0x07,0x04,0x00,0x00,0x80,0x00,0x00,0xF3,0x07,0x01,0x04,0x06,
  0x01,0x20,0x84,0x01,0x01,0x00,0x00,0xFF,0x00,0x14,0x01,0x20,0x0A,0x01,0x80,0x04,
  0x01,0x1D,0x07,0x01,0x80,0x00,0x00,0xAE,0x01,0x80,0x0B,0x01,0x40,0x62,0x01,0x04,
  0x05,0x01,0x26,0x07,0x01,0x04,0x09,0x01,0x0A,0x03,0x01,0x40,0x00,0x00,0xFF,0x00,
  0x0E,0x01,0x40,0x15,0x01,0x38,0x07,0x01,0x04,0x06,0x01,0x20,0x00,0x00,0x84,0x01,
  0x40,0x22,0x01,0x40,0x06,0x01,0x80,0x0F,0x13,0x40,0x40,0x40,0xC0,0xC0,0xC0,0x40,
  0x40,0x40,0x40,0xC0,0xC0,0x40,0x40,0x00,0x00,0x80,0x80,0x80,0x32,0x01,0x04,0x09,
  0x01,0x40,0x04,0x06,0x08,0x02,0x00,0x40,0x00,0x03,0x06,0x06,0x80,0x00,0x01,0x00,
  0x00,0xE0,0x11,0x01,0x02,0x03,0x01,0x40,0x04,0x13,0x38,0x70,0xC0,0xC0,0xCF,0xCC,
  0xFC,0x00,0x00,0xFE,0x81,0x80,0x00,0x1C,0x3C,0x76,0xE3,0xCF,0xFF,0x33,0x01,0x01,
  0x3A,0x0B,0x04,0x0E,0x0E,0x0F,0x0D,0x18,0x30,0x00,0x00,0x01,0x01,0x05,0x01,0x01,
  0x00,0x00,0xBA,0x01,0x40,0x4E,0x01,0x04,0x09,0x01,0x02,0x0F,0x01,0x43,0x11,0x01,
  0x02,0x0A,0x01,0x20,0x07,0x01,0x02,0x04,0x03,0x08,0x00,0x08,0x80,0x01,0x01,0x00,
  0x00,0xCE,0x03,0x40,0x40,0x40,0x36,0x01,0x40,0x1B,0x01,0x58,0x2B,0x01,0x20,0x34,
  0x01,0x01,0x00,0x00,0xCE,0x01,0x40,0x34,0x01,0x03,0x11,0x01,0x40,0x0D,0x01,0xF8,
  0x21,0x04,0x18,0x00,0x00,0x44,0x05,0x01,0x04,0x5A,0x01,0x02,0x00,0x00,0x84,0x01,
  0x80,0x49,0x01,0x40,0x5C,0x01,0x04,0x1A,0x06,0x60,0x00,0x04,0x00,0x00,0x04,0x75,
  0x03,0x04,0x00,0x02,0x00,0x00,0xCC,0x02,0x40,0x40,0x03,0x01,0x80,0x03,0x14,0x80,
  0xC0,0xC0,0x80,0x00,0x80,0xC0,0xC0,0xC0,0xC0,0xC0,0xC0,0xC0,0xC0,0xC0,0xC0,0xC0,
  0xC0,0xC0,0xC0,0x1A,0x01,0x04,0x05,0x01,0x04,0x16,0x01,0x10,0x0A,0x01,0x04,0x06,
  0x01,0x20,0x13,0x01,0x10,0x0E,0x14,0x40,0xE1,0xF8,0xDF,0x80,0xFF,0xFF,0x00,0xFF,
  0x00,0x00,0x18,0x3C,0x7E,0xE6,0xFF,0xFF,0x03,0x3A,0x1C,0x7B,0x01,0x01,0x00,0x00,
  0xFF,0x00,0x0E,0x01,0x40,0x39,0x02,0x02,0x04,0x94,0x01,0x01,0x00,0x00,0xD1,0x01,
  0x80,0x35,0x01,0x40,0x04,0x02,0x80,0x40,0x05,0x05,0x20,0x00,0x40,0x00,0x04,0x05,
  0x01,0x10,0x05,0x01,0xE2,0x24,0x01,0x44,0x05,0x01,0x04,0x06,0x04,0x01,0x00,0x00,
  0x10,0x09,0x01,0x10,0x5C,0x01,0x08,0x03,0x01,0x02,0x16,0x01,0x01,0x00,0x00,0xE5,
  0x04,0x40,0x40,0x40,0x40,0x3A,0x01,0xE5,0x05,0x01,0x02,0x09,0x01,0x08,0x04,0x01,
  0x08,0x0C,0x01,0x08,0x12,0x01,0x10,0x00,0x00,0xE5,0x02,0x40,0x40,0x25,0x01,0x80,
  0x16,0x01,0x13,0x14,0x01,0x08,0x0C,0x04,0x20,0x00,0x00,0x40,0x19,0x01,0x10,0x82,
  0x01,0x01,0x00,0x00,0xD1,0x01,0xC0,0x12,0x05,0x40,0x40,0x40,0x00,0x80,0x07,0x0F,
  0x80,0x80,0x80,0x80,0x80,0x80,0x80,0x80,0x80,0x80,0x80,0x80,0x80,0x80,0x80,0x14,
  0x03,0x04,0x00,0x40,0x0D,0x01,0x14,0x06,0x01,0x40,0x07,0x04,0x10,0x48,0x00,0x04,
  0x08,0x01,0x08,0x07,0x03,0x10,0x00,0x04,0x05,0x01,0x04,0x09,0x01,0x20,0x14,0x12,
  0xF8,0x80,0x00,0x00,0xFF,0x8C,0x8C,0xF8,0x00,0x00,0xF0,0xD8,0x18,0x10,0xFF,0x00,
  0x00,0xFF,0x41,0x02,0x10,0x11,0x2C,0x05,0x01,0x01,0x00,0x01,0x01,0x00,0x00,0xFF,
  0x00,0x14,0x01,0x20,0x16,0x01,0x40,0x1D,0x01,0x04,0x05,0x01,0x80,0x1F,0x01,0x02,
  0x60,0x01,0x01,0x00,0x00,0xE0,0x04,0x80,0x00,0x00,0x40,0x2C,0x01,0x80,0x35,0x01,
  0x10,0x04,0x01,0x10,0x0C,0x01,0x20,0x24,0x01,0x01,0x00,0x00,0xE0,0x03,0x80,0x00,
  0x40,0x54,0x01,0x40,0x2A,0x01,0x10,0x00,0x00,0xFF,0x00,0x0D,0x01,0x80,0x06,0x03,
  0x20,0x00,0x40,0x0D,0x01,0xE0,0x0E,0x04,0x10,0x08,0x00,0x04,0x03,0x01,0x02,0x06,
  0x01,0x20,0x06,0x08,0x02,0x40,0x00,0x00,0x10,0x00,0x00,0x80,0x07,0x03,0x10,0x04,
  0x10,0x14,0x01,0x04,0x08,0x03,0xE0,0x00,0x80,0x48,0x01,0x14,0x00,0x00,0xFF,0x00,
  0x13,0x01,0x08,0x0D,0x04,0x80,0x00,0x00,0x7F,0x14,0x02,0x08,0x02,0x0A,0x01,0x04,
  0x03,0x01,0x02,0x0F,0x01,0x10,0x0D,0x01,0x10,0x07,0x01,0x02,0x05,0x01,0x20,0x8C,
  0x28,0x08,0x18,0xF0,0xE0,0xE0,0x30,0x30,0xF8,0x08,0x08,0x08,0x08,0x08,0x08,0xF8,
  0xF8,0x08,0x78,0x08,0x08,0x08,0x08,0x08,0x08,0x88,0xE8,0xF8,0xF8,0xC8,0x08,0xF8,
  0xF8,0x08,0x38,0xF8,0xC8,0x08,0x08,0xF8,0x08,0x59,0x2A,0x03,0x01,0x01,0x03,0x03,
  0xC0,0x7F,0x00,0x00,0x1F,0x1F,0x01,0x00,0x0F,0x1F,0x00,0x00,0x10,0x0E,0x00,0x02,
  0x0E,0x0C,0x18,0x11,0x19,0x0F,0x07,0x00,0x1F,0x1F,0x00,0x1E,0x1F,0xDB,0xD8,0x18,
  0x1F,0x00,0x00,0x18,0x30,0x5B,0x06,0x01,0x03,0x01,0x03,0x06,0x04,0x00,0x00,0xFF,
  0x00,0x14,0x01,0x24,0x0F,0x01,0x8F,0x07,0x01,0x04,0x0C,0x01,0x08,0x07,0x01,0x20,
  0x03,0x05,0x04,0x08,0x40,0x02,0x02,0x04,0x02,0x40,0x80,0x1E,0x02,0x80,0x06,0x09,
  0x01,0x80,0x96,0x01,0x20,0x03,0x01,0x90,0x0D,0x01,0x10,0x06,0x01,0x10,0x69,0x01,
  0x20,0x00,0x00,0x95,0x01,0x40,0x7D,0x01,0x05,0x0F,0x01,0x10,0x0F,0x01,0x08,0x12,
  0x03,0x10,0x00,0x44,0x05,0x01,0x80,0x1E,0x01,0x04,0x04,0x01,0x40,0x9C,0x01,0xC0,
  0x09,0x02,0x80,0x10,0x04,0x09,0x04,0x04,0x04,0x04,0x04,0x04,0x04,0x04,0x04,0x64,
  0x01,0x10,0x07,0x05,0x01,0x00,0x00,0x01,0x10,0x12,0x01,0x20,0x00,0x00,0xFF,0x00,
  0x0C,0x01,0x08,0x41,0x01,0x40,0x16,0x01,0x20,0x08,0x01,0x80,0x04,0x01,0x40,0xA6,
  0x01,0x80,0x74,0x02,0x01,0x10,0x03,0x01,0x08,0x17,0x01,0x20,0x00,0x00,0xFF,0x00,
  0x14,0x01,0x20,0x0F,0x01,0xE0,0x07,0x01,0x04,0x07,0x01,0x08,0x0E,0x07,0x40,0x00,
  0x00,0x08,0x00,0x02,0x44,0x0F,0x01,0x10,0x6A,0x01,0x10,0x3A,0x01,0x01,0x08,0x01,
  0x40,0x07,0x01,0xE0,0x0F,0x01,0x04,0x6A,0x01,0x0C,0x00,0x00,0xFF,0x00,0x24,0x01,
  0x1F,0x07,0x01,0x04,0x0C,0x01,0x08,0x1F,0x01,0x10,0x1B,0x01,0x20,0xA4,0x01,0x80,
  0x91,0x01,0x08,0x00,0x00,0xFF,0x00,0x0D,0x01,0x80,0x16,0x01,0x5F,0x14,0x01,0x08,
  0x0E,0x01,0x02,0xCB,0x01,0x80,0x05,0x01,0x80,0x70,0x01,0x04,0x08,0x04,0x08,0x00,
  0x00,0x02,0x00,0x00,0xBA,0x01,0x40,0x2D,0x01,0x80,0x3A,0x01,0xA0,0x24,0x01,0x44,
  0x1B,0x01,0x20,0xAA,0x01,0xC0,0x09,0x01,0x80,0x06,0x02,0x04,0x04,0x65,0x01,0x40,
  0x0B,0x01,0x10,0x03,0x01,0x08,0x13,0x01,0x20,0x00,0x00,0xAE,0x01,0x80,0x35,0x01,
  0x40,0x2B,0x01,0x80,0x22,0x01,0x08,0x0A,0x01,0x20,0x09,0x01,0x04,0x0F,0x01,0x20,
  0x19,0x01,0x40,0x4C,0x01,0x04,0x62,0x01,0x04,0x67,0x01,0x04,0x04,0x04,0x18,0x00,
  0x00,0x20,0x03,0x01,0x02,0x05,0x01,0x10,0x00,0x00,0xFF,0x00,0x04,0x01,0x08,0x0C,
  0x01,0x80,0x47,0x01,0x20,0x68,0x01,0x01,0x4D,0x01,0x80,0x03,0x01,0x80,0x05,0x01,
  0x80,0x0E,0x01,0x04,0x66,0x01,0x08,0x00,0x00,0x95,0x01,0x40,0x4E,0x01,0x40,0x0A,
  0x01,0x80,0x23,0x01,0x20,0x1E,0x01,0x10,0x05,0x01,0x08,0x12,0x04,0x04,0x00,0x00,
  0x80,0x06,0x01,0x20,0x10,0x01,0x10,0x0D,0x01,0x20,0x4C,0x01,0x04,0x0E,0x01,0x01,
  0x30,0x01,0x08,0x11,0x01,0x80,0x05,0x01,0x80,0x7A,0x01,0x09,0x16,0x01,0x20,0x5E,
  0x01,0x01,0x00,0x00,0xFF,0x00,0x04,0x01,0x01,0x1F,0x01,0x40,0x07,0x01,0x04,0x06,
  0x01,0x10,0x05,0x01,0x08,0x07,0x01,0x20,0x07,0x01,0x40,0x0F,0x01,0x10,0x0D,0x01,
  0x10,0x0B,0x01,0x40,0x05,0x03,0x80,0x00,0x08,0x94,0x01,0x40,0x77,0x01,0x80,0x07,
  0x01,0x10,0x04,0x04,0x02,0x00,0x00,0x08,0x74,0x01,0x04,0x00,0x00,0xE2,0x01,0x40,
  0x0C,0x01,0x80,0x33,0x01,0xBF,0x14,0x01,0x18,0x0C,0x01,0x30,0x12,0x01,0x10,0x0D,
  0x01,0x10,0x07,0x01,0x02,0x00,0x00,0xFF,0x00,0x16,0x01,0x40,0x0D,0x01,0x27,0x07,
  0x01,0x04,0x0C,0x01,0x18,0x07,0x01,0x20,0x05,0x01,0x20,0x26,0x02,0x80,0x02,0xA4,
  0x01,0x80,0x73,0x04,0x80,0x00,0x00,0x04,0x0B,0x01,0x02,0x71,0x01,0x02,0x03,0x01,
  0x04,0x00,0x00,0xE3,0x02,0x40,0x40,0x22,0x01,0x40,0x1B,0x01,0xD8,0x07,0x01,0x80,
  0x0C,0x01,0x08,0x1C,0x01,0x20,0x69,0x01,0x04,0x03,0x01,0x10,0x4B,0x01,0x80,0x18,
  0x01,0x80,0x6B,0x04,0x08,0x00,0x00,0x08,0x10,0x01,0x01,0x00,0x00,0x84,0x20,0xC0,
  0x40,0x40,0x40,0x40,0x40,0x40,0xC0,0xC0,0x40,0x40,0xC0,0xC0,0x40,0xC0,0xC0,0xC0,
  0x40,0x40,0xC0,0xC0,0x40,0xC0,0xC0,0x40,0x40,0x40,0x40,0x40,0xC0,0xC0,0xC0,0x03,
  0x14,0x40,0x40,0x40,0x40,0x40,0xC0,0xC0,0xC0,0xC0,0xC0,0x40,0x40,0x40,0x40,0x40,
  0xC0,0xC0,0xC0,0x40,0x40,0x03,0x14,0x40,0x40,0x40,0xC0,0xC0,0xC0,0x40,0x40,0x40,
  0x40,0xC0,0xC0,0x40,0x40,0x40,0x40,0xC0,0xC0,0xC0,0xC0,0x03,0x14,0x80,0xC0,0xC0,
  0x80,0x00,0x80,0xC0,0xC0,0xC0,0xC0,0xC0,0xC0,0xC0,0xC0,0xC0,0xC0,0x80,0x80,0x80,
  0x80,0x07,0x0F,0x80,0x80,0x80,0x80,0x80,0x80,0x80,0x80,0x80,0x80,0x80,0x80,0x80,
  0x80,0x80,0x03,0x22,0xFC,0xCE,0x80,0x00,0x10,0x38,0xE0,0xC4,0x8F,0xC7,0xFF,0x3E,
  0x00,0xFF,0x7F,0x00,0xF0,0xF8,0xDF,0x58,0x30,0xFF,0xFF,0x00,0xFF,0xFF,0x00,0x1C,
  0x9C,0xFE,0xF7,0xE3,0xFF,0xFF,0x04,0x12,0x1C,0xBE,0xFE,0xE7,0xE3,0xFF,0x00,0xFF,
  0xFF,0x00,0x10,0x38,0xE0,0xC4,0x8F,0x8F,0xF7,0x3E,0x04,0x13,0x10,0x70,0xE0,0xC0,
  0x8F,0xCC,0xFC,0x00,0x00,0xFC,0x83,0x80,0x00,0x1C,0x3C,0x7E,0x67,0xE7,0xFF,0x04,
  0x14,0x41,0xF1,0xFC,0xDF,0x80,0xFF,0xFF,0x00,0xFF,0x00,0x00,0x18,0x3C,0x6E,0xE6,
  0xFF,0xFF,0x03,0x3A,0x1C,0x04,0x12,0x78,0x86,0x00,0x00,0xFF,0x8C,0x8C,0xD8,0x00,
  0xE0,0xF0,0x58,0x18,0x18,0xFF,0x00,0x01,0xFF,0x05,0x01,0x01,0x19,0x05,0x01,0x01,
  0x00,0x00,0x01,0x06,0x02,0x01,0x01,0x0B,0x02,0x01,0x01,0x07,0x0B,0x0C,0x1E,0x0A,
  0x0F,0x0D,0x18,0x30,0x00,0x00,0x01,0x01,0x10,0x04,0x01,0x00,0x00,0x01,0x06,0x02,
  0x01,0x01,0x08,0x05,0x01,0x01,0x00,0x01,0x01,0x0B,0x01,0x01,0x03,0x27,0x18,0xF0,
  0xE0,0xE0,0x30,0x70,0xF8,0x08,0x08,0x08,0x08,0x08,0x08,0x78,0xF8,0x08,0x78,0x98,
  0x08,0x08,0x08,0x08,0x08,0x08,0xF8,0xF8,0xF8,0xC8,0x08,0xF8,0xF8,0x18,0x38,0xFC,
  0xCC,0x0C,0x0C,0xFC,0x9C,0x59,0x0F,0x03,0x01,0x01,0x03,0x03,0x80,0x7F,0x00,0x08,
  0x1F,0x0F,0x01,0x01,0x1F,0x1F,0x03,0x18,0x0C,0x00,0x00,0x07,0x1C,0x18,0x11,0x19,
  0x1F,0x07,0x00,0x1F,0x1F,0x00,0x1E,0x1F,0xDB,0xD8,0x18,0x1F,0x01,0x00,0x18,0x38,
  0x5B,0x06,0x01,0x01,0x01,0x02,0x06,0x04,0x00,0x00,0x00,0x00,0xFF,0x00,0x0D,0x12,
  0xFC,0x24,0x64,0x44,0x04,0x04,0xC4,0x7C,0x0C,0x04,0x84,0x44,0x64,0xC4,0xE4,0x64,
  0xFC,0xFC,0x6E,0x0C,0x0F,0x0C,0x08,0x04,0x03,0x00,0x07,0x0C,0x08,0x00,0x03,0x07,
  0x04,0x02,0x07,0x0F,0x00,0x00,0xFF,0x00,0x15,0x04,0x08,0x00,0x00,0xA0,0x05,0x01,
  0x02,0x70,0x01,0x04,0x00,0x00,0xFF,0x00,0x0E,0x01,0x40,0x82,0x01,0x01,0x00,0x00,
  0xFF,0x00,0x91,0x04,0x01,0x00,0x00,0x02,0x00,0x00,0x00,0x00,0xFF,0x00,0x1D,0x01,
  0x02,0x00,0x00,0xFF,0x00,0x17,0x01,0x40,0x03,0x02,0x02,0x02,0x74,0x04,0x01,0x00,
  0x00,0x02,0x00,0x00,0xFF,0x00,0x11,0x01,0x80,0x03,0x04,0x08,0x00,0x00,0x02,0x77,
  0x02,0x02,0x01,0x00,0x00,0xFF,0x00,0x17,0x01,0x40,0x7C,0x01,0x03,0x00,0x00,0xFF,
  0x00,0x96,0x01,0x08,0x00,0x00,0xFF,0x00,0x0D,0x12,0x04,0x04,0x04,0x04,0x04,0x04,
  0x04,0x04,0x04,0x04,0x04,0x06,0x04,0x04,0x06,0x06,0x06,0x02,0x00,0x00,0xFF,0x00,
  0x0D,0x04,0x18,0x00,0x00,0x80,0x03,0x04,0x18,0x08,0x00,0x40,0x04,0x03,0x10,0x08,
  0x0C,0x05,0x08,0xA0,0xE0,0x00,0x00,0xE0,0x00,0x00,0xE0,0x03,0x05,0xE0,0x40,0x00,
  0x00,0xE0,0x62,0x01,0x08,0x0C,0x11,0x06,0x0F,0x0F,0x0C,0x0C,0x0F,0x0C,0x00,0x0F,
  0x00,0x00,0x0E,0x0F,0x6C,0x2C,0x08,0x0F,0x00,0x00,0xFF,0x00,0x0D,0x04,0x1C,0x04,
  0x60,0xC0,0x03,0x0B,0x1E,0x3E,0x00,0x40,0xE0,0x60,0x40,0x20,0x70,0x0C,0x0E,0x04,
  0x02,0x1E,0x5C,0x03,0x0C,0x1C,0xDC,0x00,0x1C,0x1C,0x1E,0x1E,0x3C,0x40,0x00,0x00,
  0x1E,0x61,0x01,0x04,0x00,0x00,0xFF,0x00,0x0E,0x10,0x98,0xE4,0x04,0x80,0x00,0x24,
  0x00,0x38,0x06,0x86,0xF6,0xE6,0x66,0x36,0xF6,0x02,0x05,0x04,0x18,0x00,0x14,0x04,
  0x06,0x06,0x1A,0x1A,0x20,0xE4,0x04,0x04,0x5B,0x04,0x03,0x01,0x02,0x03,0x05,0x03,
  0x01,0x00,0x03,0x14,0x03,0x02,0x00,0x01,0x00,0x00,0xFF,0x00,0x0F,0x0E,0xE0,0xC0,
  0xC4,0x04,0x00,0x00,0x08,0x00,0xC0,0x10,0xE0,0x00,0x10,0xF0,0x06,0x01,0x08,0x0A,
  0x01,0x08,0x60,0x03,0x0D,0x03,0x07,0x03,0x09,0x04,0x00,0x05,0x00,0x03,0x07,0x07,
  0x00,0x08,0x05,0x07,0x06,0x00,0x00,0x0C,0x04,0x00,0x01,0x04,0x04,0x0C,0x00,0x00,
  0x2C,0x00,0x00,0xFF,0x00,0x0E,0x0F,0x10,0x60,0x00,0x40,0x00,0x02,0x80,0x00,0x00,
  0x40,0x00,0x60,0x80,0x90,0x70,0x11,0x01,0x10,0x04,0x02,0x02,0x04,0x03,0x15,0x0C,
  0x1C,0xF4,0xC4,0x04,0x04,0xFC,0x04,0xFC,0xFC,0x04,0x44,0x44,0x64,0x64,0x34,0xFC,
  0x1C,0x14,0x24,0x04,0x42,0x10,0x08,0x08,0x00,0x00,0x18,0x10,0x00,0x00,0x04,0x38,
  0x00,0x07,0x07,0x00,0x0C,0x10,0x04,0x07,0x1F,0x10,0x10,0x1F,0x04,0x00,0x02,0x04,
  0x06,0x0F,0x00,0x12,0x6C,0x00,0x10,0x04,0x0A,0x0C,0x1F,0x1F,0x0F,0x0C,0x0F,0x1F,
  0x00,0x1F,0x1F,0x04,0x03,0x0F,0x3F,0x3F,0x00,0x00,0xFF,0x00,0x10,0x03,0x22,0x82,
  0x02,0x08,0x01,0x80,0x0D,0x02,0x20,0x04,0x18,0x03,0x80,0x80,0x80,0x05,0x01,0x80,
  0x43,0x0A,0x08,0x0F,0x07,0x00,0x1E,0x01,0x36,0x1E,0x02,0x3E,0x0A,0x05,0x1F,0x1F,
  0x1E,0x1F,0x0C,0x06,0x06,0x0F,0x0E,0x7F,0x6C,0x08,0x10,0x04,0x09,0x0C,0x1F,0x1E,
  0x0F,0x0C,0x10,0x20,0x00,0x60,0x05,0x02,0x0F,0x3F,0x00,0x00,0xFF,0x00,0x0E,0x04,
  0x02,0x02,0x00,0x80,0x08,0x01,0x80,0x08,0x04,0x02,0x00,0x00,0x40,0x06,0x01,0x08,
  0x1C,0x01,0x80,0x42,0x0C,0x08,0x08,0x00,0x06,0x03,0x00,0x06,0x10,0x36,0x1E,0x02,
  0x06,0x04,0x02,0x04,0x10,0x04,0x07,0x06,0x07,0x0E,0x0C,0x00,0x08,0x08,0x04,0x06,
  0x06,0x06,0xFC,0x00,0x00,0x08,0x04,0x14,0x04,0x07,0x06,0x0C,0x0C,0x12,0x30,0x00,
  0x78,0x18,0x00,0x01,0x01,0x03,0x06,0x06,0x38,0x00,0x01,0x01,0x00,0x00,0xFF,0x00,
  0x0D,0x01,0x02,0x16,0x04,0x40,0x00,0x40,0x04,0x13,0x01,0x80,0x0D,0x01,0x20,0x43,
  0x03,0x08,0x08,0x08,0x0D,0x01,0x08,0x06,0x05,0x08,0x00,0x00,0x08,0x08,0x06,0x05,
  0x08,0xF0,0x08,0x08,0x08,0x05,0x02,0x08,0x08,0x05,0x01,0x08,0x06,0x02,0x08,0x08,
  0x00,0x00,0xFF,0x00,0x0C,0x01,0x04,0x81,0x01,0x03,0x0E,0x01,0x08,0x09,0x01,0x04,
  0x08,0x02,0x60,0x44,0x00,0x00,0xFF,0x00,0x0C,0x01,0x02,0x2E,0x03,0x40,0x00,0x08,
  0x0D,0x01,0x40,0x43,0x01,0x04,0x1E,0x05,0x01,0x00,0x00,0x40,0x04,0x00,0x00,0xFF,
  0x00,0x0E,0x01,0x80,0x08,0x01,0x40,0x0E,0x01,0x04,0x6E,0x01,0x04,0x07,0x01,0x08,
  0x05,0x01,0x08,0x00,0x00,0xFF,0x00,0x1A,0x04,0x04,0x00,0x10,0x10,0x08,0x01,0x04,
  0x14,0x01,0x40,0x5A,0x01,0x08,0x12,0x01,0x08,0x04,0x04,0x08,0x00,0x00,0x40,0x06,
  0x01,0x02,0x08,0x01,0x08,0x00,0x00,0xFF,0x00,0x1A,0x01,0x04,0x0C,0x06,0x02,0x02,
  0x00,0x00,0x02,0x02,0x1F,0x01,0x40,0x49,0x01,0x08,0x0C,0x01,0x08,0x09,0x01,0x04,
  0x5F,0x17,0x40,0xC0,0xC0,0xC0,0xC0,0xC0,0xC0,0xC0,0xC0,0xC0,0xC0,0xC0,0xC0,0xC0,
  0xC0,0xC0,0xC0,0xC0,0xC0,0xC0,0x80,0x80,0x80,0x69,0x0E,0x70,0xF8,0xC0,0x00,0x03,
  0x87,0xFF,0x00,0x00,0xFF,0x00,0x00,0xFE,0x01,0x03,0x07,0xF0,0xC0,0x00,0x03,0x03,
  0xFF,0x3C,0x69,0x01,0x01,0x03,0x01,0x01,0x03,0x04,0x01,0x00,0x00,0x01,0x00,0x00,
  0xFF,0x00,0x0E,0x01,0x08,0x85,0x01,0x01,0x08,0x01,0x08,0xEF,0x06,0x70,0x08,0x30,
  0xFE,0xDC,0x78,0x06,0x0C,0x02,0x82,0x80,0x00,0x00,0xB0,0x20,0xD8,0xFC,0xFC,0x00,
  0x38,0x69,0x04,0x01,0x01,0x01,0x01,0x08,0x02,0x01,0x01,0x03,0x04,0x01,0x03,0x01,
  0x01,0x00,0x00,0xFF,0x00,0x16,0x02,0x04,0x04,0x03,0x01,0x10,0x08,0x0A,0x02,0x02,
  0x02,0x00,0x00,0x02,0x02,0x00,0x00,0x02,0x0B,0x05,0x20,0x00,0x40,0x00,0xC0,0x05,
  0x01,0x02,0x55,0x01,0x02,0x73,0x01,0x80,0x7F,0x18,0x30,0x80,0xF0,0xE0,0xC0,0xF0,
  0xC0,0x00,0x00,0xC0,0x00,0x00,0xC0,0x80,0x80,0x00,0x10,0x70,0xE0,0xD4,0xE0,0xF0,
  0xC0,0x38,0x6A,0x04,0x01,0x01,0x01,0x01,0x03,0x06,0x01,0x00,0x00,0x01,0x01,0x01,
  0x03,0x04,0x01,0x03,0x01,0x01,0x00,0x00,0xFF,0x00,0x16,0x02,0x04,0x04,0x05,0x01,
  0x10,0x05,0x01,0x02,0x15,0x03,0x20,0x08,0x40,0x75,0x01,0x40,0xDD,0x01,0x40,0x03,
  0x07,0x40,0x00,0x00,0x40,0x00,0x00,0x40,0x03,0x03,0x20,0x40,0x40,0x03,0x01,0x40,
  0x00,0x00,0xFF,0x00,0x0C,0x01,0x02,0x0B,0x03,0x80,0x00,0x20,0x13,0x02,0x02,0x02,
  0x04,0x01,0x08,0x64,0x01,0x02,0x03,0x01,0x06,0x13,0x01,0x60,0xDD,0x0D,0x80,0x80,
  0x80,0x80,0x80,0x10,0x00,0x80,0x00,0x00,0x80,0x80,0x80,0x03,0x05,0x80,0x82,0x80,
  0xC0,0x80,0x6C,0x02,0x01,0x01,0x08,0x02,0x01,0x01,0x04,0x03,0x01,0x01,0x01,0x00,
  0x00,0xFF,0x00,0x13,0x01,0x20,0x03,0x02,0x40,0x80,0x0D,0x01,0x40,0x09,0x05,0x02,
  0x02,0x02,0x00,0x08,0x12,0x05,0x08,0x00,0x00,0x08,0x10,0x51,0x01,0x01,0x12,0x01,
  0x02,0x5B,0x01,0x80,0x15,0x03,0x40,0x40,0xC0,0x03,0x0D,0xF0,0xF8,0xD8,0xD0,0xF0,
  0xF0,0xF0,0xC0,0xC0,0xC0,0xC0,0xC0,0xC0,0x5B,0x01,0x12,0x03,0x01,0x2C,0x0A,0x01,
  0x20,0x04,0x01,0x02,0x04,0x0C,0xFF,0x00,0x00,0x18,0x3C,0x7C,0xE6,0xEF,0xFF,0x33,
  0x3B,0x1E,0x74,0x01,0x01,0x06,0x02,0x01,0x01,0x00,0x00,0xFF,0x00,0x2C,0x01,0x10,
  0x10,0x01,0x10,0x6E,0x01,0x08,0x88,0x01,0x40,0x62,0x01,0x20,0x05,0x01,0x80,0x15,
  0x01,0x20,0x00,0x00,0xFF,0x00,0x0C,0x01,0x04,0x0F,0x01,0x10,0x08,0x02,0x04,0x44,
  0x0C,0x02,0x02,0x02,0x11,0x07,0x10,0x00,0x00,0x20,0x00,0x00,0x40,0x48,0x01,0x04,
  0x07,0x01,0x01,0x83,0x01,0x40,0x76,0x01,0x50,0x17,0x01,0x10,0x65,0x01,0x01,0x00,
  0x00,0xFF,0x00,0x9D,0x01,0x02,0xFF,0x00,0x11,0x01,0x02,0x63,0x01,0x01,0x00,0x00,
  0xFF,0x00,0x10,0x01,0x20,0x03,0x01,0x80,0x23,0x03,0x02,0x02,0x02,0x59,0x01,0x01,
  0x18,0x04,0x04,0x00,0x00,0x12,0x77,0x01,0x20,0x10,0x19,0xC0,0xC0,0xC0,0xC0,0xC0,
  0xC0,0xC0,0xC0,0xC0,0xC0,0xC0,0xC0,0xC0,0xC0,0xC0,0xC0,0xC0,0xC0,0xC0,0xC0,0xC0,
  0xC0,0xC0,0xC0,0xC0,0x3E,0x01,0x02,0x1A,0x03,0x08,0x00,0x40,0x0C,0x18,0x70,0xE0,
  0xC0,0x9F,0x8F,0xFF,0x7E,0xE0,0xFF,0x00,0x7F,0xFF,0x00,0xFC,0xFF,0x81,0x80,0x80,
  0xC7,0xFC,0x70,0x60,0xF9,0xFF,0x47,0x01,0x01,0x23,0x02,0x01,0x01,0x03,0x0B,0x01,
  0x00,0x00,0x01,0x00,0x00,0x01,0x01,0x01,0x00,0x01,0x00,0x00,0xFF,0x00,0x0D,0x03,
  0x10,0x00,0x40,0x07,0x01,0x40,0x0D,0x02,0x04,0x04,0x05,0x01,0x20,0x07,0x01,0x02,
  0x08,0x01,0x20,0x5F,0x01,0x04,0x0E,0x01,0x08,0x16,0x01,0x01,0x48,0x01,0x80,0x8C,
  0x01,0x02,0x04,0x01,0x80,0x05,0x01,0x02,0x1F,0x01,0x80,0x08,0x04,0x03,0x00,0x00,
  0x08,0x6B,0x01,0x01,0x00,0x00,0xFF,0x00,0x0D,0x01,0x10,0x06,0x01,0x80,0xFF,0x00,
  0x8B,0x01,0x20,0x0A,0x03,0xC0,0x00,0x20,0x00,0x00,0xFF,0x00,0x1D,0x01,0x02,0x08,
  0x01,0x40,0x11,0x01,0x02,0x5C,0x01,0x04,0x03,0x05,0x02,0x00,0x01,0x00,0x04,0x6F,
  0x01,0x80,0x1A,0x01,0x10,0x2D,0x11,0xC0,0xC0,0xC0,0xC0,0xC0,0xC0,0xC0,0xC0,0xC0,
  0xC0,0xC0,0xC0,0xC0,0xC0,0xC0,0xC0,0xC0,0x33,0x01,0x04,0x04,0x02,0x20,0x02,0x03,
  0x01,0x02,0x05,0x01,0x80,0x2B,0x11,0xC1,0xFF,0xFE,0xC0,0x80,0xFF,0xF0,0xF0,0xFF,
  0x00,0xE1,0xF3,0xFF,0x80,0x80,0xFF,0xFF,0x5A,0x01,0x01,0x0F,0x01,0x01,0x09,0x01,
  0x01,0x07,0x03,0x0E,0x00,0x01,0x00,0x00,0xFF,0x00,0x0F,0x01,0x40,0x0A,0x02,0x20,
  0x10,0x0A,0x01,0x40,0x12,0x01,0x80,0x56,0x01,0x02,0xFF,0x00,0x0D,0x03,0x30,0x00,
  0x20,0x0A,0x01,0x40,0x15,0x01,0x80,0x1B,0x01,0x70,0x06,0x01,0x40,0x7E,0x01,0x04,
  0x00,0x00,0xFF,0x00,0x0F,0x03,0x02,0x02,0x02,0x0A,0x01,0x10,0x1E,0x01,0x40,0x61,
  0x01,0x0C,0x6F,0x01,0x80,0x84,0x01,0x40,0x49,0x01,0x80,0x85,0x01,0x02,0x00,0x00,
  0xFF,0x00,0x0C,0x01,0x06,0x03,0x06,0x02,0x02,0x00,0x20,0xC0,0x08,0x03,0x05,0x04,
  0x04,0x00,0x00,0x02,0x06,0x01,0x40,0x04,0x04,0xF0,0x00,0x00,0x20,0x07,0x01,0x04,
  0x04,0x02,0x60,0x08,0x06,0x01,0xF0,0x4E,0x05,0x02,0x00,0x01,0x00,0x02,0x04,0x03,
  0x02,0x00,0x01,0x11,0x01,0x04,0x03,0x01,0x60,0x0B,0x01,0x02,0x03,0x01,0x01,0x66,
  0x01,0x38,0x0C,0x01,0x40,0x62,0x07,0x88,0x00,0x04,0x00,0x00,0x30,0x80,0x05,0x01,
  0x20,0x06,0x01,0x10,0x10,0x03,0x08,0x00,0x40,0x17,0x01,0x20,0x06,0x01,0x0F,0x03,
  0x01,0x0C,0x69,0x01,0x01,0x12,0x01,0x01,0x00,0x00,0xFF,0x00,0x0F,0x06,0x02,0x00,
  0x80,0x80,0x10,0x20,0x0D,0x04,0x04,0x00,0x00,0x10,0x13,0x05,0x40,0x00,0x42,0x02,
  0x02,0x03,0x01,0xF0,0x4E,0x04,0x01,0x02,0x02,0x08,0x0A,0x01,0x08,0x12,0x01,0x20,
  0x0F,0x01,0x01,0x4A,0x01,0x80,0x80,0x09,0x40,0x80,0x00,0x10,0x00,0x20,0x01,0x04,
  0x08,0x07,0x04,0x40,0x00,0x00,0x02,0x03,0x01,0x20,0x27,0x01,0x40,0x0F,0x08,0xFF,
  0xFF,0x00,0x00,0x20,0x08,0x00,0x0C,0x2B,0x01,0x01,0x0F,0x01,0x01,0x39,0x02,0x01,
  0x01,0x07,0x01,0x02,0x00,0x00,0xFF,0x00,0x0B,0x14,0x2E,0xF8,0x98,0x00,0xA0,0xC0,
  0x80,0x60,0xC8,0x18,0x02,0xC0,0x20,0x02,0xA6,0x04,0x90,0x98,0x00,0xFA,0x03,0x11,
  0x08,0x30,0x08,0x20,0x00,0x08,0x00,0x08,0xF8,0x00,0x08,0x00,0x20,0x08,0xA0,0x00,
  0xF8,0x05,0x04,0x10,0x00,0x00,0x40,0x0B,0x06,0x08,0x00,0xA0,0x00,0x00,0xC0,0x3F,
  0x0D,0x0F,0x03,0x00,0x0B,0x07,0x02,0x0C,0x03,0x14,0x0C,0x07,0x04,0x07,0x03,0x03,
  0x0F,0x00,0x07,0x03,0x04,0x04,0x09,0x00,0x03,0x03,0x0A,0x0F,0x0F,0x00,0x00,0x02,
  0x00,0x60,0x10,0x20,0x03,0x05,0x01,0x08,0x10,0x03,0x05,0x02,0x02,0x3F,0x1A,0x80,
  0x00,0x40,0x40,0x40,0x40,0x40,0x40,0x40,0x40,0x40,0x40,0x40,0x40,0x40,0x40,0x40,
  0x40,0x40,0x40,0x40,0x40,0x40,0x40,0x40,0x40,0x05,0x0B,0x28,0x20,0x00,0x00,0x10,
  0x00,0x40,0x40,0x40,0x40,0x40,0x04,0x07,0x40,0x40,0x40,0x40,0x40,0x40,0x40,0x03,
  0x10,0x40,0x40,0x40,0x40,0x40,0x40,0x40,0x40,0x40,0x40,0x40,0x00,0x00,0x40,0x40,
  0x80,0x03,0x06,0x40,0x00,0x40,0x40,0x40,0x40,0x03,0x09,0x40,0x40,0x40,0x40,0x40,
  0x40,0x40,0x40,0x80,0x24,0x19,0x60,0x80,0x30,0x5E,0x01,0x00,0x11,0x82,0x38,0xF7,
  0x00,0x60,0x04,0x71,0x02,0x80,0x60,0x80,0x30,0x48,0x10,0x00,0x20,0x01,0x3E,0x03,
  0x0D,0xFF,0x00,0x00,0x20,0x00,0x00,0x92,0x20,0x00,0x00,0x04,0x4C,0x02,0x04,0x09,
  0x20,0x80,0x20,0x40,0x00,0x50,0x00,0x00,0x20,0x07,0x0A,0x02,0x00,0x80,0x00,0x00,
  0x80,0x00,0x10,0x00,0x03,0x03,0x04,0x60,0x18,0x01,0x58,0x05,0x09,0x7F,0x40,0x14,
  0x00,0x30,0x00,0x7F,0x00,0x03,0x26,0x03,0x01,0x00,0x02,0x04,0x06,0x01,0x00,0x00,
  0x01,0x00,0x02,0x03,0x03,0x01,0x00,0x02,0x07,0x01,0x01,0x06,0x01,0x01,0x0B,0x01,
  0x01,0x03,0x01,0x01,0x09,0x01,0x02,0x03,0x01,0x01,0x09,0x02,0x01,0x01,0x03,0x01,
  0x01,0x05,0x05,0x05,0x01,0x0D,0x00,0x01,0x00,0x00,0xFF,0x00,0x0A,0x2A,0xFC,0xD2,
  0xBA,0x22,0xA2,0xC2,0x02,0x62,0x1A,0x32,0x02,0x80,0x02,0x02,0x20,0x00,0x02,0x8A,
  0x02,0xF2,0x04,0x00,0x00,0x0C,0x10,0xC2,0x12,0xC2,0x02,0xF2,0x02,0x0A,0x02,0x02,
  0x0A,0x12,0xC2,0x12,0x42,0x0A,0x02,0x02,0x05,0x05,0x42,0x12,0x02,0x0A,0x02,0x04,
  0x0B,0x08,0x4A,0x08,0x28,0x18,0x48,0x00,0x40,0xA0,0x48,0x08,0x3D,0x14,0x07,0x1F,
  0x17,0x04,0x03,0x05,0x07,0x0C,0x13,0x14,0x08,0x07,0x08,0x03,0x01,0x01,0x00,0x01,
  0x10,0x0F,0x04,0x11,0x0A,0x00,0x10,0x14,0x14,0x13,0x00,0x00,0x10,0x10,0x00,0x08,
  0x00,0xB0,0x94,0x14,0x10,0x06,0x14,0x10,0x10,0x14,0x14,0x10,0x10,0x00,0x10,0x10,
  0x00,0x01,0x02,0x04,0x08,0x12,0x10,0x18,0x00,0x00,0x01,0x57,0x01,0x80,0x03,0x08,
  0x08,0x48,0x10,0x10,0x10,0x10,0x00,0x40,0x10,0x03,0x40,0x40,0x40,0x0B,0x02,0x40,
  0x40,0x06,0x02,0x80,0x40,0x04,0x03,0x40,0x40,0x40,0x2C,0x19,0x41,0x81,0x31,0xD1,
  0xA1,0xA0,0x60,0x03,0x7D,0xFF,0x00,0xFE,0x91,0x01,0x88,0x80,0x01,0x81,0x11,0x41,
  0xB5,0xA1,0x80,0x10,0x07,0x06,0x0B,0x01,0x09,0x41,0x85,0x21,0x49,0x00,0x00,0x50,
  0x00,0x01,0x04,0x1A,0x61,0x11,0x01,0x19,0xA0,0x00,0x00,0x03,0x01,0x00,0x01,0x00,
  0x00,0x01,0x05,0x00,0x84,0x81,0x01,0x80,0x00,0x01,0xA1,0x20,0x00,0x1C,0x03,0x12,
  0x82,0x20,0x00,0x65,0x01,0xFE,0x00,0x01,0x00,0x80,0x80,0x20,0x00,0x03,0x19,0x81,
  0x00,0xFC,0x25,0x15,0x01,0x02,0x02,0x00,0x02,0x00,0x00,0x01,0x02,0x01,0x01,0x02,
  0x02,0x00,0x01,0x00,0x01,0x02,0x02,0x00,0x02,0x06,0x01,0x02,0x05,0x03,0x01,0x02,
  0x02,0x09,0x18,0x01,0x00,0x02,0x02,0x02,0x00,0x01,0x02,0x02,0x00,0x01,0x02,0x00,
  0x01,0x02,0x00,0x02,0x00,0x02,0x02,0x01,0x00,0x00,0x02,0x07,0x0F,0x02,0x02,0x02,
  0x02,0x00,0x00,0x03,0x00,0x01,0x00,0x14,0x12,0x02,0x02,0x01,0x00,0x00,0xFF,0x00,
  0x07,0x2D,0xC0,0xC0,0x00,0xFC,0xFC,0x44,0x44,0xC4,0x84,0x84,0xE4,0xFC,0x0C,0x04,
  0x84,0xC4,0xE4,0xC4,0xC4,0x64,0xEC,0xFC,0x0C,0x00,0x00,0x80,0x8C,0x1C,0xFC,0xE4,
  0x04,0x84,0xFC,0x7C,0x8C,0xFC,0xFC,0x8C,0x9C,0xFC,0xE4,0x04,0x8C,0x7C,0xFC,0x03,
  0x16,0x80,0x9C,0x7C,0xE4,0x04,0x0C,0x7C,0x7C,0x04,0x3C,0x3C,0x0C,0x8C,0xCC,0xCC,
  0x6C,0x7C,0x7C,0x7C,0x3C,0xBC,0xCC,0x3A,0x16,0x03,0xFF,0x00,0x87,0xD7,0x58,0x08,
  0xF1,0xFD,0x06,0x0F,0x0C,0x64,0xDC,0x0B,0x13,0x18,0x05,0x0C,0xFF,0x01,0x1F,0x03,
  0x14,0xC1,0xFF,0xF0,0x87,0x1F,0xC6,0xE7,0x1F,0x30,0xFF,0x1F,0x1F,0xE1,0xF1,0xF1,
  0x5F,0x78,0xE7,0xE0,0x0F,0x04,0x15,0xED,0xE0,0x83,0x98,0x18,0xE0,0xE0,0x00,0xE0,
  0xE0,0x00,0x19,0x3B,0x3B,0x62,0xDA,0xC0,0xE2,0x00,0x30,0x31,0x3B,0x2D,0x01,0x00,
  0x00,0x80,0x80,0x80,0x80,0x80,0x81,0x81,0x80,0x80,0x80,0x80,0x80,0x80,0x80,0x80,
  0x81,0x80,0x80,0x80,0x80,0x80,0x80,0x80,0x80,0x80,0x00,0x00,0x01,0x00,0xF0,0xB1,
  0xE0,0xE0,0xE0,0xE0,0xEC,0x8D,0x81,0x81,0x81,0x80,0x80,0x04,0x1A,0x80,0x80,0x80,
  0x80,0x81,0x80,0x80,0x81,0x80,0x80,0x80,0x80,0x80,0x80,0x80,0x81,0x81,0x80,0x80,
  0x80,0x80,0x80,0x80,0x80,0x80,0x80,0x04,0x11,0x80,0x80,0x80,0x80,0x80,0x80,0x80,
  0x80,0x80,0x80,0x80,0x80,0x80,0x80,0x80,0x80,0x80,0x23,0x2A,0x41,0x21,0x31,0xE1,
  0xC7,0xA7,0xE7,0x05,0xF1,0xEF,0xFF,0xC1,0x01,0xED,0x07,0x01,0x01,0xF1,0xF9,0x71,
  0xC5,0xC7,0xC7,0x7F,0xF9,0x00,0x00,0x18,0xFF,0x04,0xE5,0x0D,0xAF,0xE7,0x21,0x35,
  0x77,0x07,0x87,0x1F,0xAF,0x2D,0x04,0x30,0x41,0xE1,0xC1,0x01,0xC7,0x67,0x07,0x35,
  0x59,0x07,0x11,0x07,0x07,0x31,0xE1,0x27,0xFF,0x19,0x09,0x0F,0x07,0x09,0xC9,0xC9,
  0xC7,0xE7,0x38,0x00,0x00,0x03,0xD7,0x87,0x05,0x09,0x09,0x47,0xF1,0x87,0x67,0xF9,
  0x1B,0xC7,0x87,0x61,0xC1,0xFF,0xFF,0xF0,0x20,0x1A,0x06,0x0E,0x1C,0x11,0x30,0x32,
  0x1C,0x0C,0x03,0x00,0x1F,0x01,0x0C,0x1F,0x10,0x33,0x03,0x01,0x0E,0x1C,0x19,0x32,
  0x30,0x1C,0x1C,0x06,0x04,0x0D,0x0F,0x1C,0x01,0x03,0x07,0x0F,0x0C,0x19,0x1C,0x1C,
  0x03,0x07,0x07,0x05,0x1A,0x06,0x0F,0x19,0x12,0x10,0x1A,0x1E,0x0E,0x1C,0x1C,0x00,
  0x00,0x1C,0x00,0x0E,0x1C,0x3A,0x33,0x11,0x13,0x1A,0x1E,0x0E,0x04,0x1D,0x1F,0x04,
  0x12,0x01,0x1D,0x1C,0x1C,0x1B,0x1B,0x1F,0x01,0x10,0x1F,0x00,0x01,0x05,0xC0,0xD8,
  0x1B,0x19,0x1F,0x00,0x00,0xFF,0x00,0x07,0x02,0xC0,0xC0,0x06,0x02,0x80,0x80,0x09,
  0x01,0x80,0x05,0x02,0x80,0x80,0x04,0x08,0x80,0x00,0x80,0x80,0x00,0x00,0x80,0x80,
  0x03,0x02,0x80,0x80,0x04,0x03,0x80,0x80,0x80,0x03,0x05,0x80,0x80,0x00,0xC0,0xC0,
  0x06,0x02,0x80,0x80,0x3D,0x14,0x03,0xFF,0x00,0x80,0xC8,0x40,0x00,0xFE,0xFF,0x01,
  0x00,0x10,0x7C,0xCC,0x0C,0x1C,0x1C,0x04,0x0D,0xFF,0x05,0x13,0xC1,0xFF,0xFE,0x88,
  0x00,0xDE,0xFF,0x00,0x3F,0xFF,0x00,0x00,0xE1,0xFF,0xFE,0x80,0x80,0xFF,0xFF,0x05,
  0x15,0xE3,0xFF,0x9C,0x80,0x00,0xFF,0xFF,0x00,0xFF,0xFF,0x00,0x18,0x38,0x3C,0x6C,
  0xC6,0xDF,0xFF,0x03,0x33,0x30,0x3B,0x03,0x01,0x00,0x80,0x05,0x02,0x01,0x01,0x04,
  0x01,0x80,0x03,0x01,0x01,0x08,0x10,0x80,0x80,0x00,0x01,0x80,0x00,0x01,0x00,0x80,
  0x00,0x00,0x0C,0x0D,0xC1,0x81,0x01,0x05,0x01,0x80,0x04,0x05,0xC1,0x00,0x00,0xC1,
  0x80,0x06,0x03,0x01,0x81,0x80,0x3F,0x0F,0x0F,0x00,0xC0,0xF0,0xF0,0xF8,0x98,0x18,
  0xF8,0xF0,0x10,0x00,0xC3,0xF0,0x10,0x03,0x19,0x10,0x18,0xF6,0xF6,0xF8,0xD8,0x80,
  0x1E,0x1F,0x00,0x10,0xE0,0xFB,0x1A,0x0C,0x81,0x80,0xD8,0xF8,0xF8,0xE7,0x67,0x78,
  0xD8,0x10,0x03,0x1C,0x1F,0x0F,0x00,0x00,0x90,0xE7,0xF8,0xF8,0xD7,0x87,0xF8,0x10,
  0xF8,0xF8,0x30,0x18,0xD8,0xE7,0x07,0x08,0x08,0xF8,0xF8,0x08,0x08,0x38,0xF8,0x38,
  0x03,0x12,0x10,0x78,0xF8,0x88,0x08,0xB8,0xF0,0x78,0x98,0xF8,0xD8,0x38,0x78,0xF8,
  0xC0,0x00,0x00,0xF0,0x20,0x2B,0x06,0x0E,0x1C,0x11,0x31,0x31,0x1F,0x0F,0x00,0x01,
  0x1F,0x00,0x0F,0x1F,0x11,0x30,0x00,0x02,0x0E,0x1C,0x18,0x31,0x33,0x1F,0x1F,0x07,
  0x00,0x00,0xE0,0xC0,0x0F,0x1F,0x00,0x03,0x07,0x0F,0x0C,0x18,0x1F,0x1F,0x02,0x07,
  0x07,0x05,0x1A,0x06,0x0E,0x18,0x11,0x13,0x19,0x1F,0x0F,0x1F,0x1F,0x00,0x01,0x1F,
  0x00,0x0F,0x1F,0x39,0x30,0x10,0x10,0x19,0x1F,0x0E,0x04,0x1E,0x1F,0x05,0x11,0x1C,
  0x1F,0x1F,0x18,0x18,0x1F,0x00,0x13,0x1F,0x01,0x00,0x1E,0xDF,0xDB,0x18,0x18,0x1F,
  0x21,0x0B,0x07,0x06,0x30,0x38,0x00,0x00,0x3E,0x40,0x00,0x3C,0x1E,0x07,0x04,0x06,
  0x07,0x26,0x3E,0x05,0x02,0x1F,0x7F,0x03,0x09,0x18,0x18,0x08,0x03,0x3F,0x3F,0x03,
  0x0C,0x0C,0x09,0x0E,0x06,0x07,0x1F,0x3F,0x3C,0x30,0x7F,0x00,0x00,0x7F,0x0F,0x00,
  0x3C,0x3F,0x03,0x07,0x03,0x3F,0x3C,0x00,0x00,0x3C,0x3F,0x06,0x0D,0x3F,0x3F,0x00,
  0x00,0x1E,0x1F,0x00,0x3E,0x1F,0x00,0x00,0x3E,0x7F,0x03,0x01,0x1F,0x00,0x00,0xFF,
  0x00,0xFF,0x00,0x0B,0x01,0x80,0x0B,0x01,0x80,0x0C,0x05,0x80,0x80,0x00,0x00,0x80,
  0x03,0x01,0x80,0x04,0x02,0xC0,0x80,0x06,0x01,0x80,0x04,0x05,0xC0,0x00,0x00,0xC0,
  0x80,0x07,0x02,0x80,0x80,0x3F,0x01,0x0F,0x0B,0x01,0x03,0x07,0x02,0x06,0x0E,0x03,
  0x05,0x1E,0x1F,0x00,0x08,0x1F,0x03,0x02,0x1F,0x1E,0x03,0x02,0x1F,0x1F,0x06,0x02,
  0x1F,0x0F,0x03,0x05,0x1F,0x00,0x00,0x1F,0x1F,0x07,0x02,0x1F,0x1F,0x5A,0x01,0xE0,
  0x17,0x05,0x80,0x00,0x00,0xC0,0x80,0x48,0x0B,0x07,0x06,0x30,0x38,0x00,0x00,0x3E,
  0x40,0x00,0x3C,0x1E,0x07,0x04,0x06,0x07,0x26,0x3E,0x03,0x04,0x01,0x00,0x1F,0x70,
  0x03,0x09,0x18,0x18,0x08,0x03,0x3F,0x3C,0x00,0x0C,0x0C,0x09,0x0E,0x06,0x04,0x1F,
  0x3F,0x3B,0x33,0x7F,0x00,0x00,0x7F,0x0F,0x00,0x3C,0x3F,0x03,0x07,0x03,0x3F,0x3C,
  0x00,0x00,0x3C,0x3F,0x06,0x0D,0x3F,0x3F,0x00,0x00,0x1E,0x1F,0x00,0x3E,0x1F,0x00,
  0x00,0x3E,0x7F,0x03,0x01,0x1F,0x00,0x00,0xFF,0x00,0xFF,0x00,0xFF,0x00,0x28,0x01,
  0xC0,0x16,0x05,0x80,0x00,0x00,0xC0,0x80,0x61,0x04,0x01,0x00,0x00,0x0F,0x08,0x02,
  0x03,0x03,0x0C,0x05,0x03,0x00,0x00,0x07,0x03,0x00,0x00,0x00,0x00,0x00,0x00,0x00,
  0x00,0xAA,0x01,0x0E,0x00,0x00,0x1E,0x03,0xF8,0x68,0x28,0x04,0x05,0x08,0x00,0x00,
  0x38,0x08,0x6B,0x16,0x0C,0x10,0x10,0x00,0x00,0x03,0x07,0x0C,0x18,0x1F,0x00,0x02,
  0x02,0x00,0x00,0x02,0x04,0x0C,0x18,0x10,0x19,0x11,0x00,0x00,0x24,0x07,0x08,0x00,
  0x08,0x00,0x00,0x90,0x80,0x74,0x01,0x0E,0x05,0x01,0x02,0x05,0x01,0x03,0x00,0x00,
  0x18,0x14,0x08,0x08,0x88,0x88,0xC8,0x68,0x00,0x90,0x40,0x68,0x08,0x08,0x00,0x01,
  0x03,0x0B,0x07,0x66,0x08,0x08,0x69,0x05,0x13,0x08,0x20,0x10,0x01,0x03,0x0F,0x04,
  0x00,0x11,0x00,0x05,0x03,0x00,0x05,0x08,0x10,0x00,0x28,0x20,0x00,0x0C,0x00,0x00,
  0x16,0x01,0x60,0x06,0x06,0x80,0x00,0x00,0x10,0x00,0xC0,0x05,0x04,0xC0,0x00,0x00,
  0x80,0x6A,0x01,0x20,0x05,0x03,0x02,0x00,0x20,0x09,0x01,0x01,0x00,0x00,0x17,0x01,
  0x10,0x8D,0x01,0x01,0x00,0x00,0x99,0x02,0x02,0x04,0x05,0x01,0x01,0x00,0x00,0x00,
  0x00,0x15,0x01,0x80,0x82,0x01,0x10,0x00,0x00,0x17,0x01,0x10,0x00,0x00,0xB5,0x01,
  0x08,0x03,0x01,0x06,0x00,0x00,0x36,0x04,0x08,0x00,0x00,0x20,0x04,0x02,0x62,0xCA,
  0x72,0x08,0x20,0x00,0x18,0x16,0x00,0x00,0x02,0x09,0x03,0x02,0x0C,0x1F,0x00,0x00,
  0x16,0x01,0x80,0x0E,0x01,0x02,0x13,0x01,0x10,0x03,0x01,0x02,0x73,0x01,0x10,0x0D,
  0x01,0x10,0x00,0x00,0x16,0x01,0x20,0x1A,0x0F,0x20,0x10,0x08,0x08,0x08,0x00,0x08,
  0x08,0xC8,0x08,0x80,0xC2,0x78,0x88,0x04,0x70,0x10,0x0E,0x20,0x10,0x00,0x04,0x01,
  0x01,0x02,0x05,0x30,0x00,0x00,0x09,0x10,0x00,0x21,0x00,0x00,0x17,0x01,0x18,0x18,
  0x02,0x80,0xC0,0x06,0x08,0x10,0x00,0x10,0x08,0x39,0x01,0x10,0x30,0x70,0x02,0x11,
  0x08,0x04,0x02,0x02,0x01,0x04,0x01,0x04,0x00,0x00,0x16,0x01,0x20,0x26,0x01,0x80,
  0x76,0x01,0x02,0x0A,0x02,0x08,0x10,0x00,0x00,0x3E,0x02,0x01,0x01,0x59,0x01,0x02,
  0x06,0x01,0x04,0x00,0x00,0xBD,0x01,0x02,0x00,0x00,0xB1,0x03,0x01,0x00,0x10,0x00,
  0x00,0x32,0x01,0x08,0x0D,0x01,0x08,0x56,0x03,0x08,0x10,0x02,0x1E,0x01,0x08,0x00,
  0x00,0x15,0x01,0x40,0x29,0x02,0x20,0x08,0x00,0x00,0x38,0x01,0x20,0x00,0x00,0x00,
  0x00,0x15,0x01,0x40,0x22,0x01,0x20,0x07,0x01,0x08,0x70,0x01,0x04,0x15,0x02,0x01,
  0x01,0x00,0x00,0xA0,0x01,0x04,0x24,0x06,0x01,0x01,0x00,0x00,0x03,0x01,0x00,0x00,
  0x38,0x01,0x20,0x7F,0x01,0x08,0x0E,0x02,0x02,0x02,0x00,0x00,0x17,0x01,0x08,0x9E,
  0x03,0x08,0x00,0x08,0x0D,0x01,0x02,0x00,0x00,0x16,0x02,0xA0,0x10,0x28,0x01,0x08,
  0x56,0x02,0x08,0x10,0x1D,0x01,0x08,0x00,0x00,0x3B,0x01,0x10,0x04,0x01,0x08,0x83,
  0x01,0x01,0x00,0x00,0x16,0x01,0x80,0x82,0x01,0x02,0x06,0x01,0x04,0x24,0x01,0x02,
  0x00,0x00,0x16,0x02,0x20,0x10,0x27,0x01,0x20,0x00,0x00,0x00,0x00,0x27,0x03,0x10,
  0x00,0x20,0x00,0x00,0x29,0x03,0x20,0x00,0x80,0x6C,0x01,0x10,0x00,0x00,0x22,0x01,
  0x80,0x74,0x03,0x08,0x00,0x02,0x1E,0x01,0x08,0x00,0x00,0x17,0x01,0x08,0x7E,0x01,
  0x01,0x29,0x01,0x20,0x00,0x00,0x22,0x01,0x80,0x08,0x01,0x80,0x74,0x01,0x04,0x1E,
  0x01,0x02,0x00,0x00,0x00,0x00,0xA0,0x01,0x04,0x19,0x01,0xC0,0x6F,0x01,0x80,0x0F,
  0x03,0x08,0x08,0x08,0x65,0x0D,0xE0,0x10,0x90,0x60,0x04,0x00,0x00,0x81,0x00,0x00,
  0x16,0x10,0x40,0x03,0x02,0x03,0x03,0x00,0x00,0x36,0x02,0x10,0x10,0x82,0x01,0xC0,
  0x08,0x02,0x80,0x80,0x65,0x07,0x80,0x80,0x00,0x00,0x40,0xC0,0x40,0x04,0x13,0x30,
  0x00,0x80,0x80,0x00,0xC4,0x04,0x08,0x02,0x00,0x80,0x00,0x10,0x18,0x3F,0x27,0x61,
  0x00,0x08,0x5A,0x12,0xE0,0x20,0xAC,0x6C,0x60,0x3E,0x3B,0x40,0x1F,0x61,0xD6,0xD0,
  0x58,0x11,0x22,0x22,0xB9,0x03,0x03,0x0A,0x07,0x07,0x04,0x07,0x00,0x00,0x01,0x00,
  0x00,0x01,0x00,0x00,0x3B,0x01,0x40,0x0B,0x01,0x80,0x7B,0x02,0x80,0x80,0x67,0x1F,
  0x80,0x80,0xC0,0x00,0x80,0xC0,0x40,0x00,0x00,0x30,0x00,0xA0,0xB0,0x00,0x0C,0x04,
  0x88,0x0A,0x18,0x80,0x04,0xDC,0x18,0x3F,0x07,0x11,0xDE,0xD6,0xFE,0x04,0x20,0x58,
  0x21,0x30,0x00,0x10,0x00,0x5A,0x24,0x38,0xDE,0x5E,0x21,0x00,0x98,0x09,0x12,0x01,
  0xDC,0xF6,0x38,0x00,0x00,0x07,0x07,0x0A,0x08,0x08,0x0D,0x0F,0x00,0x07,0x01,0x03,
  0x02,0x02,0x04,0x01,0x01,0x61,0x01,0x01,0x08,0x01,0x01,0x00,0x00,0x17,0x01,0x08,
  0x03,0x01,0x40,0xFF,0x00,0x14,0x20,0x40,0x40,0x40,0x80,0x80,0xC0,0x40,0x00,0x20,
  0x30,0x00,0x20,0xE8,0x88,0x08,0x18,0xE0,0x24,0x2C,0x30,0x10,0x10,0x80,0xCE,0xCE,
  0xEE,0x94,0xF8,0xF8,0xF8,0x38,0x28,0x55,0x2C,0x20,0x02,0x72,0x02,0x29,0xC6,0x38,
  0x3E,0x18,0x37,0x01,0x18,0x00,0x43,0x06,0x31,0xF4,0xFC,0x78,0x00,0x00,0x0E,0x0F,
  0x30,0x30,0x31,0x20,0x38,0x3C,0x00,0x3D,0x02,0x1F,0x18,0x30,0x00,0x02,0x07,0x06,
  0x0C,0x0F,0x03,0x03,0x01,0x5E,0x02,0x01,0x01,0x03,0x02,0x01,0x07,0x00,0x00,0x48,
  0x01,0x80,0xE9,0x05,0x40,0x00,0x40,0x80,0x80,0x03,0x17,0xE0,0x20,0xC0,0x00,0x00,
  0x60,0xE0,0x80,0xD0,0x70,0x10,0x90,0xF0,0x30,0x30,0xB0,0xF8,0x58,0x18,0xC8,0xD8,
  0xD0,0x10,0x55,0x11,0x08,0x00,0x00,0x20,0x06,0x00,0x00,0x08,0x00,0x01,0x00,0x00,
  0xA0,0x40,0x43,0x20,0x80,0x04,0x17,0x18,0x44,0x40,0x60,0x7C,0x43,0x73,0x38,0x7F,
  0x1F,0x26,0x41,0x40,0x43,0x01,0x08,0x13,0x16,0x3C,0x3D,0x05,0x06,0x02,0x5B,0x01,
  0x01,0x07,0x01,0x07,0x00,0x00,0x40,0x01,0x02,0x08,0x01,0x80,0x4D,0x01,0x08,0x93,
  0x03,0x80,0x80,0x80,0x03,0x01,0x80,0x03,0x03,0x40,0x00,0x80,0x03,0x18,0xC0,0x40,
  0x80,0x00,0x80,0xC0,0xE0,0x60,0xE0,0xA0,0xE0,0x20,0xA0,0xA0,0xA0,0xA0,0x20,0x20,
  0x30,0x30,0x10,0xD0,0xC0,0x40,0x54,0x11,0x04,0x00,0x20,0x00,0x00,0x18,0x00,0x82,
  0x00,0x31,0x01,0x01,0x06,0x90,0xC3,0x01,0xF0,0x03,0x18,0x20,0xBA,0x9C,0xBC,0xC5,
  0x7D,0x8F,0x02,0x00,0xFF,0x3E,0x81,0xBF,0xC1,0x06,0x06,0x23,0x25,0x51,0xD9,0xFB,
  0x05,0x38,0x38,0x57,0x01,0x02,0x03,0x02,0x02,0x02,0x03,0x04,0x01,0x18,0x18,0x01,
  0x08,0x0B,0x01,0x01,0x01,0x00,0x00,0x01,0x00,0x00,0x01,0x01,0x01,0x00,0x00,0x3B,
  0x01,0x40,0x0B,0x03,0x80,0x80,0x80,0xE4,0x07,0x80,0x80,0x80,0x00,0x80,0x80,0x80,
  0x07,0x02,0x80,0x80,0x03,0x06,0x80,0x80,0x80,0x80,0x80,0x40,0x05,0x08,0x40,0x40,
  0x40,0x40,0x40,0x40,0xC0,0x80,0x52,0x04,0x21,0x01,0x00,0x01,0x04,0x04,0x04,0x00,
  0x00,0x80,0x04,0x02,0xC8,0x01,0x04,0x18,0x40,0x20,0x1D,0xB8,0x02,0x00,0xFA,0x7E,
  0x00,0xFF,0x31,0x06,0x0E,0x01,0x09,0x0D,0x45,0x97,0x2A,0x60,0xFC,0x3D,0x4D,0x39,
  0x58,0x02,0x01,0x02,0x04,0x01,0x01,0x03,0x02,0x02,0x01,0x05,0x0D,0x01,0x01,0x00,
  0x02,0x02,0x03,0x00,0x02,0x03,0x00,0x00,0x02,0x02,0x05,0x02,0x01,0x01,0x00,0x00,
  0x16,0x01,0x20,0xFF,0x00,0x1F,0x03,0x80,0x80,0x80,0x0E,0x0E,0x80,0x80,0x80,0x80,
  0x80,0x80,0x80,0x80,0x80,0x80,0x80,0x80,0x80,0x80,0x59,0x01,0x02,0x07,0x04,0x20,
  0x00,0x00,0x01,0x03,0x01,0x80,0x04,0x01,0xF0,0x06,0x01,0x10,0x03,0x09,0x08,0x00,
  0x40,0x00,0x00,0x08,0x90,0x40,0x01,0x5A,0x01,0x01,0x0F,0x01,0x02,0x0E,0x03,0x01,
  0x02,0x02,0x00,0x00,0x17,0x01,0x10,0x1A,0x01,0x08,0x05,0x01,0x20,0xFF,0x00,0x6E,
  0x01,0x40,0x0C,0x01,0x80,0x09,0x05,0x04,0x02,0x00,0x00,0x10,0x05,0x03,0x08,0x80,
  0x02,0x04,0x06,0x14,0x00,0x00,0x40,0x0A,0x10,0x5F,0x01,0x02,0x0C,0x01,0x01,0x00,
  0x00,0xFF,0x00,0xC0,0x03,0x02,0x00,0x20,0x04,0x01,0xC0,0x0A,0x01,0x30,0x00,0x00,
  0x1B,0x01,0x40,0x9C,0x01,0x08,0xFF,0x00,0x05,0x05,0x40,0x00,0x02,0x08,0x37,0x0F,
  0x01,0x10,0x6C,0x01,0x02,0x00,0x00,0x32,0x01,0x08,0xFF,0x00,0x82,0x01,0x18,0x0A,
  0x03,0x40,0x04,0x08,0x06,0x04,0xA0,0x00,0x00,0x10,0x74,0x01,0x01,0x09,0x01,0x02,
  0x00,0x00,0xFF,0x00,0xA7,0x03,0x40,0x00,0x10,0x0B,0x01,0x10,0x13,0x01,0xA0,0x08,
  0x01,0x10,0x5C,0x01,0x04,0x1A,0x01,0x04,0x00,0x00,0x40,0x01,0x02,0x57,0x01,0x10,
  0x07,0x01,0x04,0xFF,0x00,0x06,0x01,0x40,0x16,0x04,0x40,0x00,0x00,0x08,0x00,0x00,
  0xFF,0x00,0xB5,0x01,0x08,0x0C,0x01,0x3C,0x72,0x01,0x20,0x15,0x01,0x02,0x00,0x00,
  0x16,0x02,0x20,0x10,0x20,0x01,0x20,0x7F,0x01,0x08,0xFF,0x00,0x08,0x02,0x04,0x0C,
  0x11,0x01,0x80,0x76,0x01,0x02,0x00,0x00,0x3B,0x01,0x40,0xF7,0x06,0x80,0x80,0x80,
  0x80,0x80,0x80,0x6F,0x01,0x04,0x05,0x09,0x08,0x00,0x60,0x10,0x20,0x80,0x20,0x00,
  0x4A,0x08,0x03,0x02,0x00,0x08,0x0F,0x01,0x80,0x5D,0x02,0x05,0x02,0x20,0x01,0x03,
  0x52,0x06,0x80,0xA0,0x1C,0x3E,0x1E,0x1C,0x00,0x00,0xBD,0x01,0x02,0x75,0x06,0x80,
  0x80,0x80,0x80,0x80,0x80,0x05,0x09,0x80,0x00,0x00,0xC0,0xC0,0x80,0x80,0x80,0x80,
  0x69,0x07,0x60,0x10,0x20,0x00,0x80,0x00,0x88,0x04,0x07,0xD8,0xDC,0x10,0x18,0x03,
  0x1C,0x47,0x6D,0x02,0x01,0x02,0x04,0x03,0x20,0x04,0x02,0x03,0x03,0x01,0x01,0x02,
  0x13,0x01,0x03,0x52,0x0D,0x80,0x40,0xDC,0x9E,0x5E,0x22,0x3E,0x3E,0x3E,0x3C,0x00,
  0x00,0x08,0x73,0x06,0x01,0x08,0x00,0x0F,0x00,0x02,0x00,0x00,0x17,0x01,0x08,0x0A,
  0x01,0x80,0x0E,0x01,0x10,0x64,0x03,0x20,0x00,0x10,0x0C,0x01,0x01,0x98,0x09,0x80,
  0x00,0x00,0xC0,0xC0,0x80,0x80,0x80,0x80,0x6D,0x03,0xB8,0x00,0xC0,0x04,0x07,0xD8,
  0xDC,0x10,0x18,0x01,0x10,0xA1,0x06,0x07,0xE0,0x00,0x60,0xD0,0x80,0x00,0x04,0x04,
  0x03,0x16,0x38,0x01,0x61,0x17,0x20,0x00,0x00,0x20,0x01,0x30,0xFC,0xF8,0x78,0xBC,
  0x7C,0x74,0xB0,0x84,0x64,0x70,0x22,0x0C,0x00,0x05,0x10,0x00,0x01,0x56,0x21,0x80,
  0x20,0x20,0x00,0x40,0x2E,0xEE,0x86,0xC6,0x40,0xFC,0xD8,0xD0,0x72,0x1F,0x30,0xE0,
  0x40,0x00,0x00,0x08,0x00,0x10,0x10,0x12,0x04,0x03,0x00,0x01,0x03,0x00,0x01,0x03,
  0x5F,0x0D,0x06,0x8C,0x83,0xC0,0x5C,0x61,0x20,0x03,0x03,0x02,0x07,0x07,0x07,0x00,
  0x00,0x17,0x01,0x08,0x0A,0x01,0x40,0x0D,0x01,0x40,0xFF,0x00,0x73,0x01,0x08,0x04,
  0x01,0x04,0x0B,0x01,0x10,0x13,0x04,0xC0,0x00,0x60,0x80,0x07,0x0A,0x06,0x48,0x01,
  0x00,0x40,0xE0,0xE0,0x00,0x00,0x80,0x59,0x29,0x04,0x20,0x00,0x00,0x20,0x80,0xB0,
  0x7C,0x38,0xB8,0x4C,0x90,0x80,0x00,0x58,0x18,0x70,0xE0,0x08,0xE0,0x60,0xE0,0x74,
  0x3E,0xFE,0x7C,0x7C,0xD3,0x20,0x04,0x03,0x03,0x0B,0x06,0x02,0x03,0x17,0x00,0x00,
  0x06,0x08,0x48,0x24,0xA0,0x00,0x20,0x70,0x48,0x08,0x84,0x04,0x20,0x30,0x94,0x93,
  0xC4,0x00,0x80,0x00,0x00,0x08,0x00,0x80,0x50,0xD3,0x85,0x00,0x41,0x1E,0x08,0x07,
  0x1A,0x24,0x07,0x19,0x2D,0x02,0x07,0x03,0x04,0x04,0x01,0x00,0x00,0x01,0x50,0x13,
  0x0D,0x06,0x83,0x98,0x01,0xA0,0x68,0x3D,0x0C,0x0C,0x1B,0x18,0x18,0x38,0x03,0x01,
  0x00,0x03,0x05,0x07,0x01,0x01,0x66,0x05,0x02,0x03,0x01,0x01,0x01,0x00,0x00,0x46,
  0x04,0x80,0x80,0x80,0x80,0xFF,0x00,0x62,0x04,0x02,0x00,0x00,0x08,0x11,0x02,0x08,
  0x40,0x06,0x01,0x20,0x08,0x0C,0x80,0x00,0x10,0x40,0x00,0x00,0x40,0xE0,0xE0,0x00,
  0x00,0x80,0x5E,0x29,0x80,0x80,0x80,0xC0,0xC0,0xF0,0xEC,0xF4,0xB0,0xD8,0x7C,0x00,
  0xC0,0x00,0xE0,0x65,0xF0,0x74,0xBF,0x7E,0xFC,0xFC,0x13,0xA0,0xC4,0xC3,0xC3,0x4B,
  0x06,0xC2,0x03,0xD7,0xC0,0xE0,0xF6,0xF8,0xE0,0xF0,0x00,0x00,0x70,0x3F,0x13,0x80,
  0x00,0xC0,0x60,0x80,0x80,0x10,0x00,0x10,0x10,0x38,0x38,0x18,0xC8,0x86,0x6C,0x04,
  0x00,0xC0,0x04,0x28,0x10,0x00,0xC1,0xBD,0x6B,0x31,0x27,0x73,0xF9,0xE5,0xDB,0xF9,
  0x87,0xD2,0x3D,0xE4,0x42,0x91,0xF1,0xB0,0x70,0x70,0x3D,0x1F,0xDE,0x7C,0x83,0xF9,
  0xBE,0xE2,0x07,0x0B,0x03,0x0B,0x1E,0x0F,0x0F,0x0F,0x3F,0x3C,0x3D,0x17,0x3C,0x32,
  0x03,0x0F,0x0A,0x70,0x26,0x6A,0x26,0x08,0x71,0xC0,0xF0,0xF0,0xE6,0xE0,0x28,0x00,
  0x1D,0x02,0x3C,0x1C,0x45,0x05,0x13,0x1F,0x30,0x61,0x60,0x04,0x08,0x06,0x07,0x00,
  0x01,0x06,0x03,0x01,0x0F,0x07,0x04,0x03,0x01,0x03,0x04,0x06,0x01,0x00,0x01,0x03,
  0x03,0x01,0x47,0x10,0x08,0x08,0x08,0x08,0x0C,0x0C,0x04,0x01,0x01,0x01,0x00,0x01,
  0x00,0x03,0x01,0x03,0x00,0x00,0x25,0x01,0x02,0x1F,0x01,0x80,0x03,0x01,0x80,0x4C,
  0x01,0x20,0xFF,0x00,0x0D,0x01,0x08,0x07,0x01,0x02,0x11,0x05,0x40,0x00,0x80,0x00,
  0x1E,0x0F,0x01,0x80,0x62,0x01,0x04,0x18,0x17,0x80,0x80,0x80,0x80,0xC1,0x80,0xC0,
  0xC0,0xC0,0x40,0x00,0xC0,0x00,0xC0,0xC0,0xE0,0xF0,0xF0,0xE0,0xF0,0x00,0x00,0x70,
  0x3F,0x12,0x80,0x80,0x00,0x80,0x80,0x00,0x20,0x20,0x60,0x60,0x40,0x00,0x60,0xA0,
  0xE0,0x60,0x70,0xE0,0x07,0x28,0x40,0xDC,0x28,0xB0,0xB8,0xB8,0x3E,0x1E,0x1C,0x0E,
  0x7E,0x1F,0x5F,0x03,0x31,0x81,0xC1,0x80,0x40,0x41,0x0D,0x0F,0x0F,0xA0,0x73,0x01,
  0x42,0x12,0xFF,0x83,0xE3,0xBB,0xFE,0xFF,0xB7,0x17,0x07,0x40,0xF8,0xF8,0x38,0x0F,
  0x70,0x64,0x06,0x02,0xC4,0x7C,0x0C,0xC4,0x52,0xE0,0x92,0x17,0x03,0x85,0x22,0x04,
  0x07,0xCF,0x5E,0xE1,0x80,0xC3,0x1F,0x40,0x04,0x2B,0xF0,0x00,0x30,0x61,0x02,0x85,
  0x67,0xE1,0x38,0x0F,0x7A,0xC9,0xFC,0x08,0xF0,0x38,0xF0,0x7F,0xC1,0x7F,0x66,0x06,
  0x16,0x1F,0x06,0x7F,0x8E,0xFC,0xFC,0xF0,0x7F,0x00,0x01,0x00,0x01,0x01,0x07,0x03,
  0x07,0x03,0x07,0x03,0x30,0x36,0x13,0x10,0x10,0x30,0x30,0x18,0x30,0x10,0x17,0x0C,
  0x0F,0x05,0x03,0x07,0x03,0x07,0x1E,0x1F,0x0C,0x02,0x04,0x02,0x0F,0x07,0x05,0x08,
  0x03,0x05,0x03,0x0E,0x07,0x00,0x01,0x01,0x04,0x06,0x03,0x05,0x02,0x03,0x02,0x01,
  0x09,0x01,0x01,0x00,0x00,0xBD,0x01,0x02,0xFF,0x00,0x03,0x02,0x04,0x80,0x8F,0x01,
  0x01,0x56,0x07,0x80,0x00,0x80,0x80,0x00,0x00,0x40,0x0C,0x2D,0x40,0x40,0x20,0x40,
  0x40,0x80,0x40,0x40,0x20,0x20,0x50,0x00,0x20,0x80,0x00,0x90,0x50,0x50,0x50,0x70,
  0x50,0x70,0x70,0x30,0x3C,0x10,0x08,0x0C,0x10,0x18,0xE8,0xC0,0x30,0xA0,0x70,0x78,
  0x78,0x78,0x3C,0x18,0x18,0xE0,0x00,0x00,0x80,0x33,0x0E,0x78,0x14,0x62,0x08,0xE8,
  0x08,0x78,0xC1,0x40,0xE0,0x02,0x00,0x80,0x88,0x06,0x05,0x21,0x1E,0x00,0x7C,0x7C,
  0x04,0x30,0xA0,0x00,0x08,0x19,0x00,0x06,0x24,0x0E,0xD0,0x18,0xC0,0x10,0x84,0xD0,
  0x00,0x02,0x00,0xC0,0x11,0x84,0x20,0x84,0x9A,0x7E,0x48,0xE2,0x18,0x80,0xB0,0x00,
  0x00,0x0E,0x80,0x80,0x07,0x05,0x0E,0x06,0x18,0x0F,0x39,0x18,0x0A,0x0C,0xCF,0x00,
  0x00,0x07,0x31,0x13,0x10,0x30,0x20,0x20,0x00,0x00,0x64,0x07,0x00,0x1E,0x00,0x02,
  0x05,0x00,0x00,0x1C,0x38,0x20,0x20,0x05,0x03,0x1F,0x00,0x1C,0x04,0x17,0x03,0x0C,
  0x12,0x1C,0x10,0x09,0x07,0x03,0x00,0x01,0x00,0x00,0x07,0x09,0x0A,0x0C,0x0C,0x09,
  0x06,0x01,0x03,0x01,0x01,0x05,0x06,0x04,0x07,0x07,0x03,0x01,0x03,0x0A,0x01,0x01,
  0x00,0x00,0x45,0x01,0x80,0x51,0x01,0x08,0x0C,0x01,0x04,0xFF,0x00,0x10,0x01,0x10,
  0x13,0x04,0x20,0x00,0x00,0x10,0x60,0x01,0x01,0x0A,0x01,0x02,0x0F,0x02,0x02,0x04,
  0x08,0x01,0x01,0x5B,0x07,0x80,0x80,0x80,0x80,0x80,0x80,0x80,0x06,0x2E,0x80,0x00,
  0x00,0xC0,0x00,0x80,0x00,0x80,0x80,0xC0,0x40,0xA0,0xE0,0xC0,0xE0,0x60,0x60,0x40,
  0x60,0x60,0x40,0x60,0x40,0x60,0x60,0x60,0x60,0x70,0x70,0x60,0x60,0x60,0x20,0x80,
  0x40,0x80,0xC0,0x60,0x40,0x40,0xE0,0x60,0xE0,0x00,0x00,0x80,0x31,0x0B,0x70,0xF8,
  0x04,0x62,0xF8,0x08,0x28,0x78,0x81,0xC4,0x04,0x04,0x01,0x80,0x05,0x06,0x04,0x26,
  0x80,0x00,0x00,0x80,0x04,0x32,0x80,0xC0,0x00,0x00,0x03,0x08,0x58,0x20,0xE1,0x01,
  0x01,0x60,0x00,0xE0,0x00,0xF4,0xE0,0x00,0x02,0x19,0x41,0x19,0x0D,0x81,0xA5,0x08,
  0x60,0x00,0xC0,0x00,0x80,0x00,0x00,0x7F,0x06,0x39,0x51,0x3B,0x21,0xF3,0xC1,0xDC,
  0x42,0xE8,0x00,0xFF,0x00,0x07,0x00,0x80,0x2D,0x03,0x10,0x70,0x21,0x03,0x17,0x49,
  0x00,0x0B,0x5C,0x1B,0x02,0x07,0x0C,0x10,0x0C,0x39,0x60,0x40,0x40,0x38,0x08,0x04,
  0x00,0x01,0x3F,0x40,0x20,0x1B,0x03,0x23,0x04,0x11,0x20,0x69,0x67,0x66,0x39,0x0B,
  0x0D,0x06,0x06,0x01,0x00,0x38,0x35,0x20,0x11,0x23,0x34,0x38,0x0E,0x08,0x1E,0x06,
  0x01,0x03,0x02,0x00,0x07,0x01,0x38,0x08,0x1C,0x0E,0x1C,0x09,0x03,0x01,0x00,0x0F,
  0x00,0x00,0x17,0x01,0x08,0x13,0x01,0x80,0x19,0x05,0x80,0x00,0x00,0x80,0x80,0xFF,
  0x00,0x7F,0x01,0x40,0x05,0x04,0x04,0x00,0x00,0x10,0x7F,0x01,0x01,0x72,0x01,0x80,
  0x04,0x02,0x80,0x80,0x0A,0x04,0x80,0x80,0x80,0x80,0x0A,0x01,0x80,0x33,0x09,0x40,
  0x00,0x88,0x04,0x5A,0x00,0x00,0x48,0x30,0x04,0x04,0x04,0x04,0x04,0x80,0x06,0x01,
  0x0C,0x03,0x01,0x38,0x05,0x1F,0x10,0x00,0x80,0x02,0x00,0x11,0x20,0x53,0x60,0x00,
  0x00,0x80,0x00,0x01,0x00,0x00,0x10,0x00,0x08,0x02,0x02,0x02,0x02,0x0A,0x08,0x16,
  0x80,0x00,0x08,0x00,0x80,0x03,0x0B,0x03,0x44,0x22,0x00,0x40,0x01,0x01,0x21,0x91,
  0x28,0x01,0x03,0x02,0x8C,0x6C,0x2B,0x13,0x10,0x20,0x40,0x08,0x40,0x40,0x10,0x00,
  0x06,0x40,0x00,0x62,0x00,0x04,0x08,0x00,0x08,0x31,0x40,0x07,0x04,0x06,0x40,0x20,
  0x40,0x04,0x21,0x0B,0x24,0x50,0x02,0x00,0x08,0x00,0x04,0x01,0x08,0x00,0x00,0x03,
  0x00,0x40,0x40,0x00,0x4F,0x40,0x20,0x00,0x1C,0x00,0x08,0x02,0x00,0x05,0x00,0x08,
  0x01,0x00,0x30,0x20,0x07,0x0B,0x03,0x01,0x01,0x00,0x02,0x02,0x10,0x00,0x00,0x10,
  0x0B,0x00,0x00,0x38,0x01,0x40,0x0F,0x02,0x80,0x80,0x4C,0x01,0x06,0x1D,0x01,0x01,
  0xFF,0x00,0x0C,0x02,0x04,0x10,0x06,0x01,0x40,0x08,0x04,0x80,0x00,0x00,0x30,0xD7,
  0x01,0x80,0x25,0x03,0x80,0x80,0x80,0x42,0x10,0x80,0x40,0x00,0x00,0x20,0x48,0x00,
  0xB0,0xC8,0x02,0x80,0x80,0x00,0x00,0x20,0x08,0x06,0x04,0x08,0x10,0x00,0x30,0x08,
  0x0E,0x20,0x00,0x00,0x1C,0x02,0x04,0x00,0x02,0x00,0x00,0x01,0x01,0x00,0x10,0x03,
  0x08,0x10,0x24,0x04,0x24,0x04,0x04,0x04,0x04,0x04,0x01,0x80,0x04,0x09,0x08,0x10,
  0x44,0x82,0x00,0x10,0x28,0x40,0x11,0x04,0x01,0x02,0x2C,0x03,0x20,0x10,0x20,0x04,
  0x05,0x40,0x08,0x0F,0x38,0x02,0x03,0x0D,0x10,0x10,0x40,0x01,0x02,0x00,0x70,0x08,
  0x00,0x00,0x02,0x08,0x30,0x06,0x12,0x10,0x08,0x00,0x84,0x80,0x00,0x19,0x10,0x10,
  0x00,0x00,0x02,0x00,0x41,0x00,0x00,0x60,0x1D,0x03,0x0E,0x08,0x20,0x00,0x00,0x04,
  0x00,0x00,0x30,0x42,0x40,0x07,0x40,0x40,0x60,0x05,0x0B,0x02,0x02,0x00,0x01,0x00,
  0x00,0x40,0x00,0x00,0x20,0x14,0x00,0x00,0x17,0x01,0x08,0x90,0x01,0x08,0xFF,0x00,
  0x29,0x01,0x10,0xFF,0x00,0x4B,0x02,0x10,0x10,0x10,0x03,0x10,0x00,0x08,0x06,0x03,
  0x80,0x00,0x20,0x0E,0x01,0x70,0x13,0x02,0x8C,0x80,0x07,0x04,0x01,0x00,0x00,0x60,
  0x2D,0x01,0x08,0x0E,0x01,0x20,0x0A,0x03,0x08,0x00,0x20,0x0A,0x01,0x20,0x05,0x01,
  0x0C,0x04,0x05,0x19,0x00,0x20,0x10,0x20,0x09,0x03,0x38,0x00,0x10,0x06,0x01,0x04,
  0x03,0x02,0x04,0x1C,0x00,0x00,0x17,0x01,0x08,0x0A,0x01,0xC0,0x0E,0x01,0x10,0xFF,
  0x00,0x8F,0x02,0x04,0x1C,0x06,0x01,0x20,0xFF,0x00,0x66,0x01,0x10,0x0F,0x01,0x02,
  0x09,0x03,0x60,0x00,0x80,0x03,0x01,0x10,0x19,0x01,0x10,0x2C,0x01,0x10,0x09,0x03,
  0x03,0x00,0x04,0x06,0x01,0x01,0x07,0x01,0x04,0x0A,0x01,0x08,0x0A,0x03,0x20,0x00,
  0x18,0x0A,0x01,0x10,0x10,0x02,0x20,0x20,0x03,0x01,0x20,0x00,0x00,0x30,0x01,0x40,
  0xFF,0x00,0xA1,0x01,0x90,0x5A,0x01,0x01,0xEF,0x01,0x10,0x10,0x01,0x08,0x04,0x01,
  0x20,0x15,0x03,0x10,0x00,0x80,0x07,0x01,0x10,0x03,0x01,0x78,0x11,0x01,0x20,0x2F,
  0x01,0x01,0x03,0x04,0x08,0x00,0x00,0x40,0x0C,0x01,0x08,0x05,0x01,0x02,0x05,0x01,
  0x10,0x05,0x01,0x04,0x09,0x01,0x1F,0x05,0x01,0x11,0x04,0x04,0x20,0x06,0x00,0x0C,
  0x0D,0x01,0x38,0x03,0x01,0x07,0x00,0x00,0x32,0x01,0x08,0x12,0x04,0x80,0x80,0x80,
  0x80,0xFF,0x00,0x89,0x01,0x80,0xFF,0x00,0x4B,0x02,0xB0,0xE0,0x0D,0x01,0x40,0x0C,
  0x01,0x10,0x62,0x01,0x40,0x3A,0x01,0x08,0x0D,0x01,0x18,0x00,0x00,0xFF,0x00,0xB5,
  0x01,0x04,0x07,0x01,0x01,0x03,0x02,0x0C,0x10,0x06,0x01,0xE0,0xFF,0x00,0x50,0x01,
  0x20,0x14,0x01,0x08,0x0B,0x01,0x24,0x15,0x01,0x10,0x12,0x01,0x20,0x06,0x01,0x10,
  0x2A,0x01,0x10,0x0A,0x01,0x03,0x0E,0x01,0x01,0x14,0x01,0x08,0x04,0x01,0x20,0x0A,
  0x04,0x20,0x00,0x00,0x04,0x0D,0x01,0x60,0x00,0x00,0xFF,0x00,0xA7,0x01,0x40,0x0D,
  0x01,0x04,0x13,0x01,0xC0,0x7B,0x01,0x04,0xDA,0x01,0x08,0x12,0x01,0x08,0x15,0x01,
  0x60,0x1F,0x01,0x20,0x34,0x01,0x07,0x10,0x01,0x01,0x03,0x01,0x0C,0x15,0x01,0x18,
  0x0A,0x01,0x28,0x0F,0x01,0x58,0x00,0x00,0x38,0x01,0x40,0xFF,0x00,0x6E,0x01,0x40,
  0x04,0x01,0x02,0x11,0x05,0x40,0x00,0x00,0x0C,0x10,0x06,0x01,0x20,0x08,0x01,0x40,
  0xFF,0x00,0x4C,0x01,0x08,0x14,0x01,0x80,0x15,0x01,0x60,0x0B,0x01,0x10,0x4A,0x01,
  0x01,0x18,0x01,0x01,0x11,0x01,0x40,0x00,0x00,0xA5,0x01,0x01,0xFF,0x00,0x06,0x01,
  0x02,0x0A,0x01,0x80,0x0A,0x01,0x08,0xFF,0x00,0x5A,0x03,0x60,0x00,0x70,0x14,0x01,
  0x80,0x07,0x02,0x40,0x02,0x0C,0x01,0xC0,0x4D,0x01,0x40,0x03,0x01,0x10,0x04,0x01,
  0x01,0x28,0x01,0x18,0x08,0x01,0x02,0x04,0x03,0x20,0x00,0x20,0x08,0x04,0x02,0x00,
  0x00,0x3C,0x03,0x01,0x08,0x00,0x00,0x31,0x01,0x20,0xFF,0x00,0x75,0x01,0x40,0x0D,
  0x01,0x18,0x0B,0x01,0x08,0x86,0x01,0x02,0xD5,0x03,0x10,0x00,0xC0,0x10,0x01,0x80,
  0x07,0x01,0x40,0x0F,0x01,0x20,0x53,0x01,0x01,0x13,0x01,0x01,0x06,0x01,0x04,0x05,
  0x01,0x08,0x0A,0x01,0x03,0x0D,0x01,0x20,0x0C,0x01,0x20,0x00,0x00,0x30,0x02,0x80,
  0x20,0x06,0x01,0x20,0x6F,0x01,0x08,0x0B,0x01,0x01,0x03,0x01,0x08,0xFB,0x01,0x0C,
  0x0B,0x02,0x0C,0xC8,0x06,0x01,0xE0,0x08,0x03,0xD0,0x00,0x04,0x7D,0x01,0x01,0xC5,
  0x01,0x20,0x05,0x03,0x18,0x00,0x40,0x07,0x01,0x08,0x08,0x03,0x40,0x00,0x10,0x07,
  0x01,0x40,0x0D,0x01,0xF0,0x09,0x01,0x08,0x03,0x01,0x08,0x0C,0x02,0x10,0x02,0x04,
  0x01,0x01,0x2B,0x04,0x04,0x00,0x00,0x08,0x04,0x03,0x08,0x00,0x10,0x08,0x07,0x04,
  0x00,0x30,0x04,0x00,0x00,0x02,0x08,0x01,0x08,0x06,0x01,0x01,0x09,0x01,0x03,0x0A,
  0x04,0x18,0x00,0x00,0x09,0x0D,0x01,0x1C,0x00,0x00,
};
