// Auto-generated. Delta-encoded 128x64 1-bit video for the OLED player.
#pragma once
#include <Arduino.h>

#define VIDEO_FPS 7
#define VIDEO_FRAMES 151
#define VIDEO_BYTES 20140

const uint8_t videoData[] PROGMEM = {
  0x00,0xFF,0xFF,0xFF,0xFF,0xFF,0xFF,0xFF,0xFF,0xFF,0xFF,0xFF,0xFF,0xFF,0xFF,0xFF,
  0xFF,0xFF,0xFF,0xFF,0xFF,0xFF,0xFF,0xFF,0xFF,0xFF,0xFF,0xFF,0xFF,0xFF,0xFF,0xFF,
  0xFF,0xFF,0xFF,0xFF,0xFF,0xFF,0xFF,0xFF,0xFF,0xFF,0xFF,0xFF,0xFF,0xFF,0xFF,0xFF,
  0xFF,0xFF,0xFF,0xFF,0xFF,0xFF,0xFF,0xFF,0xFF,0xFF,0xFF,0xFF,0xFF,0xFF,0xFF,0xFF,
  0xFF,0xFF,0xFF,0xFF,0xFF,0xFF,0xFF,0xFF,0xFF,0xFF,0xFF,0xFF,0xFF,0xFF,0xFF,0xFF,
  0xFF,0xFF,0xFF,0xFF,0xFF,0xFF,0xFF,0xFF,0xFF,0xFF,0xFF,0xFF,0xFF,0xFF,0xFF,0xFF,
  0xFF,0xFF,0xFF,0xFF,0xFF,0xFF,0xFF,0xFF,0xFF,0xFF,0xFF,0xFF,0xFF,0xFF,0xFF,0xFF,
  0xFF,0xFF,0xFF,0xFF,0xFF,0xFF,0xFF,0xFF,0xFF,0xFF,0xFF,0xFF,0xFF,0xFF,0xFF,0xFF,
  0xFF,0xFF,0xFF,0xFF,0xFF,0xFF,0xFF,0xFF,0xFF,0xFF,0xFF,0xFF,0xFF,0xFF,0xFF,0xFF,
  0xFF,0x3F,0x1F,0x1F,0x0F,0x0F,0x07,0x07,0x03,0x03,0x03,0x01,0x01,0x03,0x03,0x03,
  0x03,0x01,0x01,0x01,0x01,0x03,0x03,0x03,0x03,0x07,0x07,0x0F,0x07,0x0F,0x0F,0x1F,
  0x1F,0x1F,0x3F,0x7F,0x7F,0xFF,0xFF,0xFF,0xFF,0xFF,0xFF,0xFF,0xFF,0xFF,0xFF,0xFF,
  0xFF,0xFF,0xFF,0xFF,0xFF,0xFF,0xFF,0xFF,0xFF,0xFF,0xFF,0xFF,0xFF,0xFF,0xFF,0xFF,
  0xFF,0xFF,0xFF,0xFF,0xFF,0xFF,0xFF,0xFF,0xFF,0xFF,0xFF,0xFF,0xFF,0xFF,0xFF,0xFF,
  0xFF,0xFF,0x7F,0x7F,0x7F,0x7F,0x7F,0x7F,0x7F,0x7F,0x7F,0x7F,0x7F,0x7F,0x3F,0x3F,
  0x3F,0x3F,0x3F,0x7F,0x7F,0x7F,0x7F,0xFF,0xFF,0xFF,0xFF,0xFF,0xFF,0xFF,0xFF,0xFF,
  0xFF,0x00,0x10,0xFF,0xFF,0xFF,0xFF,0xFF,0xFF,0xFF,0xFF,0xFF,0xFF,0xFF,0xFF,0xFF,
  0xFF,0xF1,0xE0,0x03,0x17,0x60,0x60,0x40,0x00,0x80,0x80,0x80,0xF0,0xE0,0x60,0x00,
  0x20,0x00,0x00,0x40,0x40,0x40,0x40,0x00,0x00,0x80,0xC8,0xC0,0x0A,0x2A,0x80,0x00,
  0x05,0xFF,0xFF,0xFF,0xFF,0xFF,0xFF,0xFF,0xFF,0xFF,0xFF,0xFF,0xFF,0xFF,0xFF,0xFF,
  0xFF,0xFF,0xFF,0xFF,0xFF,0xFF,0xFF,0xFF,0xFF,0xFF,0xFF,0xFF,0xFF,0xFF,0x7F,0x3F,
  0x1F,0x0F,0x07,0x07,0x03,0x01,0x01,0x01,0x13,0x01,0x02,0x07,0x5C,0x01,0x03,0x03,
  0x07,0x0F,0x3F,0x7F,0xFF,0xFF,0xFF,0xFF,0xFF,0xFF,0xFF,0xFF,0xFF,0xFF,0xFF,0xFF,
  0xFF,0xFF,0xFF,0xD7,0x00,0x00,0x3C,0xFC,0xDC,0xC2,0x81,0x84,0x8F,0xDF,0xFF,0xFF,
  0xFF,0xFC,0xFC,0xFC,0xFC,0xFD,0xFE,0xFC,0xFE,0xFF,0xFE,0xFE,0xFE,0xFD,0x30,0x00,
  0x00,0x60,0x7C,0x8A,0x4E,0xBE,0xD8,0xC8,0x70,0x00,0x02,0x17,0xFF,0xFF,0xFF,0xFF,
  0xFF,0xFF,0xFF,0xFF,0xFF,0xFF,0xFF,0xFF,0xFF,0xFF,0xFF,0xFF,0xFF,0xFF,0xFF,0xFF,
  0xFF,0xFF,0xFF,0xFF,0xFF,0xFF,0xFF,0xE0,0x80,0x06,0x04,0x08,0x60,0xC0,0x80,0x07,
  0x07,0x20,0x00,0x00,0x80,0x80,0x80,0x80,0x13,0x56,0x01,0xFF,0xFF,0xFF,0xFF,0xFF,
  0xFF,0xFF,0xFF,0xFF,0xFF,0xFF,0xFF,0xFF,0xFF,0xFF,0xFE,0xE0,0xC0,0x8F,0x3D,0x3D,
  0x7D,0xFF,0xFF,0xFF,0x7D,0x7D,0x7D,0x7D,0x7D,0x79,0xFB,0xFF,0x7F,0x3F,0xBF,0x9F,
  0x9F,0xCF,0xC7,0xE1,0xF0,0x0E,0x00,0x00,0xC8,0xF8,0xF8,0xF9,0xF9,0xF9,0xF8,0xFC,
  0xFC,0xFE,0xFF,0xFF,0xFF,0xFF,0xFF,0xFF,0xFF,0xFF,0xFF,0xFF,0xFF,0xFF,0xFF,0xFF,
  0xFF,0xFF,0xFF,0xFF,0xFF,0xFF,0xFF,0xFF,0xFF,0xFF,0xFF,0xFF,0xFF,0xFF,0xFF,0x02,
  0x04,0x15,0x40,0x98,0xDC,0x9F,0xFF,0xFF,0xFF,0xFE,0xFE,0xFE,0xFF,0xFF,0xFF,0xFF,
  0xFF,0xFF,0xFF,0xFF,0xFF,0xDF,0xDC,0x06,0x03,0x1C,0x0E,0x07,0x09,0x56,0xFF,0xFF,
  0xFF,0xFF,0xFF,0xFF,0xFF,0xFF,0xFF,0xFF,0xFF,0xFF,0xFF,0xFF,0xFF,0xFF,0xFF,0x7F,
  0x7F,0x3F,0x3C,0x00,0x00,0xFF,0xFF,0xFF,0xFE,0xFE,0xFF,0xFF,0xFF,0xFF,0xFF,0xFF,
  0xFF,0xFF,0x3F,0xE3,0xFD,0xFF,0xFF,0xEF,0x00,0x00,0x87,0x1F,0x3F,0x7F,0x7F,0xFF,
  0xFF,0xFF,0xFF,0xFF,0xFF,0xFF,0xFF,0xFF,0xFF,0xFF,0xFF,0xFF,0xFF,0xFF,0xFF,0xFF,
  0xFF,0xFF,0xFF,0xFF,0xFF,0xFF,0xFF,0xFF,0xFF,0xFF,0xFF,0xFF,0xFF,0xFF,0xFF,0xFF,
  0xFF,0xFF,0xFC,0xE0,0x04,0x15,0x01,0x07,0x03,0x1C,0x1E,0x1E,0x1E,0x1E,0x1E,0x1C,
  0xDE,0xFE,0xFE,0xFF,0xFF,0xEF,0xCF,0xEF,0xC7,0xE3,0xA0,0x11,0x58,0x3F,0x3F,0x3F,
  0x1F,0x1F,0x0F,0x0F,0x07,0x07,0x07,0x07,0x07,0xC7,0xC3,0x63,0xE3,0x00,0x00,0xFC,
  0xFF,0xFE,0x7C,0x30,0x23,0x07,0x1F,0x1F,0x3F,0x3F,0x7F,0x7F,0x7F,0x7F,0x7F,0x3F,
  0x3F,0x18,0x0F,0x0F,0x07,0x67,0x60,0x60,0xF7,0xFF,0xFF,0xE0,0x00,0x00,0x54,0xCC,
  0xA1,0x29,0x03,0x53,0x73,0x07,0x07,0x6F,0x8F,0xCF,0x8F,0x9F,0x9F,0x3F,0x3F,0x7F,
  0x7F,0xFF,0xFF,0xFF,0xFF,0xFF,0xFF,0xFF,0xFF,0xFF,0xFF,0xFF,0xFF,0x7F,0x7F,0x3F,
  0x3F,0x0F,0x8F,0x80,0x80,0x07,0x02,0x20,0xC0,0x03,0x0E,0x03,0x3F,0x7F,0x7F,0x7F,
  0xF7,0xF3,0xF3,0xF3,0x31,0x00,0x04,0x40,0xC0,0x0E,0x03,0x62,0x63,0xC0,0x09,0x11,
  0x6E,0xC0,0x00,0x0B,0x40,0x00,0x01,0x39,0xF8,0xFE,0xFC,0xFC,0xFC,0xF8,0xF0,0xF0,
  0xC0,0x03,0x60,0x04,0x0C,0x1C,0x1C,0x80,0xA0,0xFC,0xFE,0xFE,0xFE,0xFC,0xFC,0x78,
  0x01,0x83,0xC0,0x50,0xAE,0x37,0x5F,0x63,0xC6,0xE4,0x62,0x24,0x1C,0x14,0x06,0x86,
  0x13,0x17,0x07,0x83,0x42,0x52,0xDE,0xDC,0xF8,0x63,0x07,0x0F,0x07,0x63,0xF3,0xE0,
  0xC0,0x8C,0x3C,0x7E,0xFE,0xFF,0xFF,0xFF,0xCF,0xC7,0xE3,0xF0,0xF0,0xF8,0xFC,0xFC,
  0xFC,0xF0,0xE0,0xE0,0xE0,0xFC,0xFC,0xF8,0xF8,0xF0,0xE0,0xE0,0x83,0x03,0x01,0x90,
  0x8C,0xCE,0xCF,0xCE,0xC0,0xC0,0xC0,0x90,0x80,0x80,0x80,0xC0,0xC0,0xC0,0xE0,0xC0,
  0xE0,0xE0,0xF0,0x00,0x00,0xA9,0x01,0x08,0x42,0x01,0x40,0x04,0x01,0x40,0x23,0x01,
  0x40,0x06,0x01,0x20,0x0A,0x02,0x08,0xC0,0x0C,0x01,0x02,0x3A,0x01,0x02,0x08,0x01,
  0x02,0x14,0x06,0x10,0x00,0x00,0x40,0x00,0x18,0x0C,0x01,0x01,0x05,0x01,0x01,0x0A,
  0x01,0x04,0x28,0x03,0x08,0x00,0x20,0x08,0x01,0x20,0x2D,0x01,0x20,0x0D,0x01,0x40,
  0x08,0x04,0x02,0x00,0x00,0x08,0x3E,0x01,0x20,0x08,0x01,0x02,0x1E,0x01,0x02,0x0F,
  0x03,0xC0,0xB4,0x04,0x34,0x02,0x04,0x04,0x0C,0x01,0x20,0x04,0x01,0x20,0x31,0x01,
  0x80,0x03,0x05,0x01,0x03,0x00,0x00,0x04,0x05,0x01,0x20,0x04,0x0B,0x80,0x20,0x12,
  0x10,0x50,0x00,0x00,0x28,0x00,0x00,0x80,0x06,0x01,0x80,0x0F,0x01,0x10,0x0F,0x01,
  0x10,0x07,0x03,0x80,0x00,0x08,0x11,0x03,0x02,0x02,0x80,0x0A,0x03,0x02,0x00,0x03,
  0x03,0x02,0x40,0x04,0x07,0x01,0x40,0x06,0x01,0x04,0x09,0x1A,0x10,0x80,0x80,0x40,
  0x82,0x00,0x40,0x01,0x40,0x04,0x82,0x20,0x24,0x04,0x00,0x00,0x10,0x10,0x02,0x00,
  0x41,0x00,0x28,0x24,0x08,0x40,0x08,0x01,0x20,0x10,0x01,0x01,0x08,0x04,0x80,0x04,
  0x00,0x08,0x06,0x01,0x20,0x03,0x01,0x40,0x03,0x01,0x20,0x00,0x00,0xF1,0x01,0x40,
  0x36,0x01,0x40,0x68,0x03,0x40,0x00,0x18,0x48,0x01,0x20,0x4D,0x01,0x02,0x69,0x01,
  0x02,0x0F,0x02,0x80,0xA4,0x7A,0x01,0x80,0x03,0x02,0x01,0x03,0x0F,0x03,0x10,0x00,
  0x10,0x48,0x01,0x02,0x30,0x01,0x02,0x03,0x06,0x40,0x00,0x00,0x20,0x20,0x04,0x09,
  0x01,0x24,0x00,0x00,0xF1,0x01,0x40,0x36,0x01,0x40,0x68,0x03,0x40,0x00,0x18,0x48,
  0x01,0x20,0x4D,0x01,0x02,0x30,0x01,0x40,0x38,0x01,0x02,0x0F,0x02,0x80,0xA0,0x46,
  0x01,0x20,0x21,0x01,0x40,0x11,0x01,0x80,0x03,0x02,0x01,0x03,0x0F,0x03,0x10,0x00,
  0x10,0x48,0x01,0x02,0x10,0x01,0x80,0x1F,0x01,0x02,0x03,0x06,0x40,0x00,0x00,0x20,
  0x00,0x04,0x09,0x01,0x24,0x00,0x00,0xAA,0x01,0x08,0x04,0x01,0x20,0x41,0x01,0x40,
  0x36,0x01,0x80,0x0A,0x03,0x80,0x00,0x02,0x1F,0x01,0x10,0x19,0x01,0x01,0x26,0x01,
  0x08,0x0A,0x01,0x02,0x0C,0x01,0x02,0x03,0x05,0x08,0x08,0x00,0x00,0x10,0x25,0x01,
  0x20,0x0E,0x01,0x80,0x2A,0x01,0x80,0x08,0x01,0x02,0x0A,0x01,0x02,0x29,0x01,0x04,
  0x18,0x01,0x20,0x08,0x01,0x01,0x1D,0x01,0x04,0x10,0x02,0x84,0x08,0x35,0x02,0x01,
  0x02,0x0F,0x02,0x04,0x40,0x29,0x01,0x08,0x0A,0x03,0x04,0x03,0x03,0x05,0x01,0x01,
  0x05,0x0B,0x50,0xA8,0x00,0x00,0x10,0x00,0x20,0x00,0x00,0x80,0x80,0x24,0x01,0x20,
  0x03,0x01,0x10,0x0C,0x01,0x40,0x0E,0x02,0x61,0x62,0x0B,0x03,0x62,0x00,0x08,0x14,
  0x02,0x80,0x40,0x0C,0x07,0x10,0x00,0x80,0x02,0x00,0x40,0x10,0x03,0x01,0x80,0x05,
  0x01,0xA0,0x03,0x01,0x60,0x15,0x02,0x02,0x02,0x0E,0x01,0x10,0x00,0x00,0xF1,0x01,
  0x40,0x36,0x01,0x80,0x0C,0x01,0x02,0x39,0x01,0x01,0x3C,0x01,0x20,0x06,0x01,0x08,
  0x28,0x01,0x20,0x4D,0x01,0x02,0x42,0x01,0x20,0x26,0x01,0x04,0x10,0x01,0x80,0x7E,
  0x02,0x01,0x03,0x0F,0x01,0x10,0x2E,0x01,0x10,0x0C,0x01,0x40,0x0F,0x01,0x42,0x0B,
  0x01,0x22,0x2B,0x01,0x20,0x0C,0x01,0x40,0x00,0x00,0x00,0xFF,0xFF,0xFF,0xFF,0xFF,
  0xFF,0xFF,0xFF,0xFF,0xFF,0xFF,0xFF,0xFF,0xFF,0xFF,0xFF,0xFF,0xFF,0xFF,0xFF,0xFF,
  0xFF,0xFF,0xFF,0xFF,0xFF,0xFF,0xFF,0xFF,0xFF,0xFF,0xFF,0xFF,0xFF,0xFF,0xFF,0xFF,
  0xFF,0xFF,0xFF,0xFF,0xFF,0xFF,0xFF,0xFF,0xFF,0xFF,0xFF,0xFF,0xFF,0xFF,0xFF,0xFF,
  0xFF,0xFF,0xFF,0xFF,0xFF,0xFF,0xFF,0xFF,0xFF,0xFF,0xFF,0xFF,0xFF,0xFF,0xFF,0xFF,
  0xFF,0xFF,0xFF,0xFF,0xFF,0xFF,0xFF,0xFF,0xFF,0xFF,0xFF,0xFF,0xFF,0xFF,0xFF,0xFF,
  0xFF,0xFF,0xFF,0xFF,0xFF,0xFF,0xFF,0xFF,0xFF,0xFF,0xFF,0xFF,0xFF,0xFF,0xFF,0xFF,
  0xFF,0xFF,0xFF,0xFF,0xFF,0xFF,0xFF,0xFF,0xFF,0xFF,0xFF,0xFF,0xFF,0xFF,0xFF,0xFF,
  0xFF,0xFF,0xFF,0xFF,0xFF,0xFF,0xFF,0xFF,0xFF,0xFF,0xFF,0xFF,0xFF,0xFF,0xFF,0xFF,
  0xFF,0xFF,0xFF,0xFF,0xFF,0xFF,0xFF,0xFF,0xFF,0xFF,0xFF,0x3F,0x1F,0x1F,0x0F,0x0F,
  0x07,0x07,0x03,0x03,0x03,0x01,0x01,0x03,0x03,0x03,0x03,0x01,0x01,0x01,0x01,0x03,
  0x03,0x03,0x03,0x07,0x07,0x07,0x0F,0x0F,0x0F,0x1F,0x1F,0x3F,0x3F,0x7F,0x7F,0xFF,
  0xFF,0xFF,0xFF,0xFF,0xFF,0xFF,0xFF,0xFF,0xFF,0xFF,0xFF,0xFF,0xFF,0xFF,0xFF,0xFF,
  0xFF,0xFF,0xFF,0xFF,0xFF,0xFF,0xFF,0xFF,0xFF,0xFF,0xFF,0xFF,0xFF,0xFF,0xFF,0xFF,
  0xFF,0xFF,0xFF,0xFF,0xFF,0xFF,0xFF,0xFF,0xFF,0xFF,0xFF,0xFF,0x7F,0x7F,0x7F,0x7F,
  0x7F,0x7F,0x7F,0x7F,0x7F,0x7F,0x7F,0x7F,0x7F,0x3F,0x3F,0x3F,0x3F,0x3F,0x7F,0x7F,
  0x7F,0xFF,0xFF,0xFF,0xFF,0xFF,0xFF,0xFF,0xFF,0xFF,0xFF,0x00,0x10,0xFF,0xFF,0xFF,
  0xFF,0xFF,0xFF,0xFF,0xFF,0xFF,0xFF,0xFF,0xFF,0xFF,0xFF,0xF1,0xE0,0x03,0x16,0x60,
  0x60,0x40,0x40,0x80,0x80,0x80,0xF0,0xE0,0x60,0x20,0x20,0x00,0x00,0x40,0x40,0x40,
  0x40,0x00,0x00,0x80,0xC0,0x0D,0x28,0x07,0xFF,0xFF,0xFF,0xFF,0xFF,0xFF,0xFF,0xFF,
  0xFF,0xFF,0xFF,0xFF,0xFF,0xFF,0xFF,0xFF,0xFF,0xFF,0xFF,0xFF,0xFF,0xFF,0xFF,0xFF,
  0xFF,0xFF,0xFF,0xFF,0xFF,0x7F,0x3F,0x0F,0x0F,0x07,0x07,0x03,0x01,0x01,0x01,0x1B,
  0x5C,0x01,0x01,0x03,0x07,0x0F,0x3F,0x7F,0xFF,0xFF,0xFF,0xFF,0xFF,0xFF,0xFF,0xFF,
  0xFF,0xFF,0xFF,0xFF,0xFF,0xFF,0xFF,0xC7,0x00,0x00,0x7C,0xFC,0xC4,0xC2,0x81,0x8C,
  0x8F,0xDF,0xFF,0xFF,0xFF,0xFC,0xFC,0xFC,0xFC,0xFC,0xFC,0xFC,0xFE,0xFF,0xFE,0xFF,
  0xFE,0xFD,0x30,0x00,0x00,0x40,0x7C,0x88,0x4E,0xBE,0xDC,0xC0,0x70,0x00,0x02,0x07,
  0xFF,0xFF,0xFF,0xFF,0xFF,0xFF,0xFF,0xFF,0xFF,0xFF,0xFF,0xFF,0xFF,0xFF,0xFF,0xFF,
  0xFF,0xFF,0xFF,0xFF,0xFF,0xFF,0xFF,0xFF,0xFF,0xFF,0xFF,0xE0,0x80,0x07,0x03,0x60,
  0xE0,0x80,0x0A,0x03,0x80,0x80,0x80,0x14,0x56,0x01,0xFF,0xFF,0xFF,0xFF,0xFF,0xFF,
  0xFF,0xFF,0xFF,0xFF,0xFF,0xFF,0xFF,0xFF,0xFF,0xFE,0xE0,0xC0,0x8F,0x1D,0x3D,0x7D,
  0x7F,0xFF,0xFF,0x7D,0x7D,0x7D,0x7D,0x7D,0x79,0xF9,0xFF,0x3F,0x3F,0xBF,0x9F,0x9F,
  0xCF,0xC7,0xE1,0xF0,0x0C,0x00,0x00,0xC0,0xF8,0xF8,0xF9,0xF9,0xF9,0xF8,0xFC,0xFC,
  0xFE,0xFF,0xFF,0xFF,0xFF,0xFF,0xFF,0xFF,0xFF,0xFF,0xFF,0xFF,0xFF,0xFF,0xFF,0xFF,
  0xFF,0xFF,0xFF,0xFF,0xFF,0xFF,0xFF,0xFF,0xFF,0xFF,0xFF,0xFF,0xFF,0xFF,0x06,0x04,
  0x15,0x40,0x98,0x9C,0x9F,0xFF,0xFF,0xFF,0xFE,0xFE,0xFE,0xFF,0xFF,0xFF,0xFF,0xFF,
  0xFF,0xFF,0xFF,0xFF,0xFF,0xDC,0x06,0x03,0x1C,0x0C,0x06,0x09,0x56,0xFF,0xFF,0xFF,
  0xFF,0xFF,0xFF,0xFF,0xFF,0xFF,0xFF,0xFF,0xFF,0xFF,0xFF,0xFF,0xFF,0xFF,0x7F,0x7F,
  0x3F,0x3E,0x00,0x00,0xFF,0xFF,0xFF,0xFE,0xFE,0xFF,0xFF,0xFF,0xFF,0xFF,0xFF,0xFF,
  0xFF,0xFF,0x57,0xF1,0xFF,0xFF,0xEF,0x00,0x00,0x87,0x1F,0x3F,0x7F,0x7F,0xFF,0xFF,
  0xFF,0xFF,0xFF,0xFF,0xFF,0xFF,0xFF,0xFF,0xFF,0xFF,0xFF,0xFF,0xFF,0xFF,0xFF,0xFF,
  0xFF,0xFF,0xFF,0xFF,0xFF,0xFF,0xFF,0xFF,0xFF,0xFF,0xFF,0xFF,0xFF,0xFF,0xFF,0xFF,
  0xFF,0xFC,0xE0,0x04,0x15,0x01,0x03,0x06,0x1E,0x1E,0x1E,0x1E,0x1E,0x1E,0x1C,0xDE,
  0xFE,0xFE,0xFF,0xFF,0xCF,0xCF,0xEF,0xE7,0xE7,0xC0,0x11,0x58,0x3F,0x3F,0x3F,0x1F,
  0x1F,0x0F,0x0F,0x07,0x07,0x07,0x07,0x07,0xC7,0xC3,0x23,0xE3,0x00,0x00,0xFC,0xFF,
  0xFE,0x7C,0x30,0x23,0x0F,0x1F,0x1F,0x3F,0x3F,0x7F,0x7F,0x7F,0xFF,0x7F,0x3F,0x3B,
  0x1B,0x0C,0x0F,0x07,0x63,0x60,0x60,0xF6,0xFF,0xFF,0xC0,0x00,0x00,0x04,0x64,0x21,
  0x09,0x11,0x43,0x03,0x07,0x07,0xC7,0x0F,0xCF,0x0F,0x9F,0x9F,0x3F,0x3F,0x7F,0x7F,
  0x7F,0xFF,0xFF,0xFF,0xFF,0xFF,0xFF,0xFF,0xFF,0xFF,0xFF,0xFF,0x7F,0x7F,0x3F,0x3F,
  0x1F,0x8F,0x80,0x80,0x07,0x02,0x20,0xE0,0x03,0x0E,0x13,0x3F,0x7F,0x7F,0x7F,0xF7,
  0xF3,0xF3,0x73,0x31,0x08,0x04,0x40,0xC0,0x0E,0x03,0x01,0x41,0x40,0x09,0x11,0x6E,
  0x82,0x00,0x00,0x40,0x80,0x01,0x79,0xFC,0xFE,0xFC,0xFC,0xFC,0xF8,0xF0,0xF0,0x80,
  0x03,0x60,0x04,0x0C,0x1C,0x18,0x00,0xE0,0xFC,0xFE,0xFE,0xFE,0xFC,0xFC,0x78,0x11,
  0x03,0x40,0x10,0x2C,0x27,0x1F,0xE2,0x84,0xE0,0xA0,0x14,0x38,0x10,0x06,0x06,0x03,
  0x07,0x05,0x83,0x03,0xF2,0xF6,0xF8,0xF0,0x03,0x07,0x0F,0x07,0x63,0xF3,0xE0,0xC0,
  0x8C,0x1C,0x7E,0xFE,0xFF,0xFF,0xFF,0xCF,0xC7,0xE3,0xF0,0xF0,0xF8,0xFC,0xFE,0xFE,
  0xF0,0xE0,0xE1,0xE0,0xFC,0xFC,0xF8,0xF8,0xF0,0xE0,0xE0,0x03,0x07,0x01,0x88,0x8C,
  0xCE,0xCF,0xCE,0xC0,0xC0,0xE0,0x90,0x80,0x80,0xC0,0xC0,0xC0,0xC0,0xC0,0xC0,0xE0,
  0xE0,0xF0,0x00,0x00,0x00,0x00,0x00,0x00,0x00,0x00,0x00,0x00,0x00,0x00,0x00,0x00,
  0x00,0x00,0x00,0x00,0x00,0x00,0x00,0x00,0x00,0x00,0x00,0x00,0x00,0x00,0x00,0x00,
  0x00,0x00,0x00,0x00,0x00,0x00,0x37,0x06,0x0E,0xFE,0xFE,0xFE,0xBE,0x0C,0x79,0x08,
  0x0C,0x1E,0x1F,0x1F,0x1F,0x0F,0x0E,0x04,0x00,0x00,0x9F,0x03,0x80,0xC0,0xC0,0x0C,
  0x08,0x80,0x80,0xC0,0xE0,0xC0,0xC0,0xC0,0x80,0x05,0x04,0x80,0xC0,0xC0,0x80,0x06,
  0x03,0x80,0xC0,0xC0,0x04,0x09,0x80,0xC0,0xC0,0xC0,0xC0,0xC0,0xC0,0xC0,0x80,0x49,
  0x09,0xFF,0xFF,0xFF,0xFB,0xF0,0xE0,0xE0,0xE0,0xC0,0x05,0x0C,0x1C,0x3F,0x7F,0x7F,
  0xF3,0xF1,0xE1,0xF3,0x7F,0x7F,0x3F,0x36,0x03,0x0D,0x01,0x03,0x0F,0x1F,0x7E,0xFC,
  0xF8,0xF8,0xFC,0xFF,0x7F,0x1F,0x07,0x03,0x0A,0x40,0x6F,0xFF,0xFF,0xFF,0xBF,0xB9,
  0xB9,0x99,0x19,0x78,0x08,0x01,0x03,0x03,0x03,0x03,0x03,0x03,0x01,0x00,0x00,0x36,
  0x02,0x06,0x10,0x03,0x02,0x40,0x02,0x70,0x03,0x80,0x00,0x40,0x06,0x01,0x10,0x04,
  0x01,0x10,0x0C,0x01,0x80,0x58,0x01,0x04,0x0E,0x03,0x04,0x00,0x10,0x04,0x01,0x0A,
  0x03,0x04,0x02,0x04,0x00,0x20,0x09,0x01,0x01,0x03,0x01,0x90,0x06,0x02,0x20,0x20,
  0x00,0x00,0x36,0x01,0x06,0x67,0x01,0x80,0x0E,0x01,0x80,0x03,0x01,0x20,0x03,0x01,
  0x08,0x07,0x01,0x04,0x16,0x02,0x40,0x80,0x50,0x01,0x20,0x05,0x01,0x02,0x07,0x01,
  0x80,0x0A,0x01,0x80,0x03,0x01,0x02,0x5D,0x0D,0x70,0x70,0x70,0xF0,0xF0,0xF0,0xF0,
  0xF8,0xF0,0xF0,0xF8,0x70,0x30,0x03,0x19,0x60,0xF0,0xF0,0xF0,0xE0,0x40,0x00,0x00,
  0xC0,0xF0,0xF0,0xF0,0xF0,0x00,0x00,0x80,0xC0,0xE0,0xF0,0xE0,0xE0,0xE0,0xF0,0xE0,
  0x40,0x03,0x01,0x02,0x44,0x04,0x80,0x80,0x80,0x80,0x0D,0x06,0x80,0x94,0x3F,0x3F,
  0x3F,0x1F,0x08,0x17,0x1C,0x3F,0x3F,0x3F,0x3F,0x0E,0x0F,0x0F,0x0F,0x7F,0x7F,0x7F,
  0x3F,0x00,0x00,0x76,0x7F,0xFF,0xFF,0xFF,0xFE,0xFE,0xCE,0x45,0x1B,0x1C,0xBE,0xFF,
  0xFF,0xFF,0xF7,0xF7,0xF7,0x07,0x03,0x00,0xFE,0xFF,0xFF,0xFF,0xFE,0x7C,0x78,0x7C,
  0x3E,0x1F,0x1F,0xFF,0xFF,0xFF,0xFE,0x80,0x03,0x05,0x06,0xFF,0xFF,0xFF,0xFF,0x03,
  0x0C,0x07,0x07,0x07,0xF7,0xFF,0xFF,0xFF,0xFF,0xFF,0x07,0x07,0x03,0x04,0x18,0xFD,
  0xFF,0xFF,0xFE,0xE0,0xE0,0xE0,0xF8,0xFC,0xFE,0xFE,0xFE,0x10,0x1C,0x7E,0x7E,0x7F,
  0xFF,0xFF,0xFF,0xFF,0xCF,0xC0,0x80,0x32,0x07,0x07,0x07,0x07,0x07,0x07,0x03,0x01,
  0x04,0x05,0x07,0x0F,0x0F,0x07,0x03,0x05,0x06,0x03,0x0F,0x0F,0x0F,0x07,0x03,0x03,
  0x05,0x07,0x0F,0x0F,0x07,0x01,0x06,0x06,0x0F,0x0F,0x0F,0x0F,0x0F,0x01,0x06,0x06,
  0x06,0x0F,0x1F,0x1F,0x0F,0x07,0x03,0x05,0x0F,0x0F,0x0F,0x0F,0x06,0x03,0x09,0x18,
  0x1C,0x1C,0x1F,0x1F,0x0F,0x0F,0x0F,0x0F,0x00,0x00,0x36,0x01,0x06,0x76,0x01,0x80,
  0x0F,0x01,0x04,0x76,0x01,0x80,0x6B,0x01,0x60,0x13,0x06,0x08,0x10,0xA0,0x00,0x00,
  0x20,0x06,0x02,0x40,0x20,0x07,0x01,0x40,0x5A,0x01,0x2A,0x03,0x01,0x20,0x08,0x01,
  0x02,0x04,0x04,0x01,0x00,0x00,0x30,0x06,0x02,0x08,0x80,0x05,0x01,0x30,0x4A,0x07,
  0x08,0x00,0x10,0x00,0x02,0x00,0x01,0x05,0x01,0x04,0x03,0x01,0x20,0x04,0x01,0x08,
  0x03,0x01,0x08,0x0A,0x01,0x08,0x07,0x0E,0x04,0x00,0x00,0x01,0x01,0x02,0x00,0x00,
  0x01,0x18,0x00,0x00,0x14,0x02,0x03,0x02,0x0C,0x60,0x08,0x01,0x02,0x32,0x01,0x02,
  0x04,0x04,0x04,0x00,0x00,0x01,0x06,0x02,0x08,0x0C,0x05,0x01,0x04,0x04,0x01,0x03,
  0x07,0x01,0x02,0x12,0x01,0x04,0x09,0x02,0x10,0x10,0x0A,0x05,0x10,0x10,0x00,0x00,
  0x06,0x00,0x00,0x36,0x01,0x06,0x76,0x01,0x80,0x0F,0x01,0x04,0x76,0x01,0x80,0x94,
  0x01,0x40,0xCA,0x03,0x10,0x00,0x02,0x0B,0x01,0x20,0x04,0x01,0x08,0x19,0x01,0x01,
  0x08,0x02,0x10,0x02,0x03,0x02,0x08,0x60,0x40,0x01,0x04,0x0A,0x01,0x08,0x0A,0x01,
  0x03,0x1A,0x01,0x04,0x07,0x01,0x02,0x0E,0x04,0x10,0x00,0x00,0x02,0x00,0x00,0x36,
  0x01,0x06,0x76,0x01,0x80,0x0F,0x01,0x04,0x76,0x01,0x80,0x94,0x01,0x40,0xCA,0x03,
  0x10,0x00,0x02,0x0B,0x01,0x20,0x04,0x01,0x08,0x19,0x01,0x01,0x08,0x02,0x10,0x02,
  0x03,0x02,0x08,0x60,0x40,0x01,0x04,0x0A,0x01,0x08,0x0A,0x01,0x03,0x1A,0x01,0x04,
  0x07,0x01,0x02,0x0E,0x04,0x10,0x00,0x00,0x02,0x00,0x00,0x36,0x07,0x06,0x1E,0xFE,
  0xFE,0xFE,0xFE,0x0E,0x61,0x04,0x80,0x80,0xC0,0xC0,0x0B,0x12,0x80,0x80,0xC0,0xC0,
  0xC0,0xC0,0xC0,0xC0,0x88,0x1C,0x1E,0x1F,0x1F,0x1F,0x9F,0xCE,0xC4,0x80,0x06,0x04,
  0x80,0xC0,0xC0,0x80,0x03,0x0A,0x80,0xC0,0xC0,0xC0,0xC0,0xC0,0xC0,0xC0,0xC0,0x80,
  0x48,0x09,0xFF,0xFF,0xFF,0xFF,0xF0,0xE0,0xE0,0xE0,0xE0,0x05,0x0C,0x1E,0x3F,0x7F,
  0x7F,0xF7,0xF1,0xF1,0xF3,0x7F,0x7F,0x3F,0x3C,0x03,0x1A,0x03,0x07,0x0F,0x3F,0xFE,
  0xFC,0xF8,0xF8,0xFE,0xFF,0x7F,0x1F,0x07,0x01,0x00,0x00,0x40,0xFF,0xFF,0xFF,0xFF,
  0xBF,0xB9,0xB9,0xB9,0x39,0x4B,0x0E,0x60,0x70,0x70,0x70,0xF0,0xF0,0xF0,0xF0,0xF8,
  0xF0,0xF0,0xF8,0x70,0x30,0x03,0x18,0x60,0xF0,0xF0,0xF8,0xF0,0xE0,0x00,0x00,0xE0,
  0xF0,0xF0,0xF0,0xF0,0x00,0x00,0xC0,0xE0,0xE0,0xF0,0xE0,0xE0,0xE0,0xF0,0xE0,0x04,
  0x08,0x03,0x03,0x03,0x03,0x03,0x03,0x03,0x01,0x3D,0x04,0x80,0x80,0x80,0x80,0x0D,
  0x06,0x80,0xBE,0x3F,0x3F,0x3F,0x3F,0x08,0x17,0x1E,0x3F,0x3F,0x3F,0x3F,0x0F,0x0F,
  0x0F,0x3F,0x7F,0x7F,0x7F,0x3F,0x00,0x00,0x7E,0xFF,0xFF,0xFF,0xFF,0xFE,0xFE,0xFE,
  0x45,0x1B,0x1C,0xBE,0xFF,0xFF,0xFF,0xFF,0xF7,0xE7,0x07,0x01,0x00,0xFF,0xFF,0xFF,
  0xFF,0xFE,0x7C,0x7C,0x7C,0x3E,0x1F,0x3F,0xFF,0xFF,0xFF,0xFE,0x88,0x03,0x05,0x0E,
  0xFF,0xFF,0xFF,0xFF,0x03,0x28,0x07,0x07,0x07,0xFF,0xFF,0xFF,0xFF,0xFF,0xFF,0x07,
  0x07,0x07,0x00,0x00,0x01,0x01,0xFF,0xFF,0xFF,0xFF,0xF8,0xE0,0xE0,0xEC,0xFE,0xFE,
  0xFE,0xFE,0x1C,0x7C,0x7E,0x7E,0x7F,0xFF,0xFF,0xFF,0xFF,0xCF,0xC2,0x80,0x31,0x09,
  0x02,0x07,0x07,0x07,0x07,0x03,0x03,0x01,0x01,0x03,0x05,0x07,0x0F,0x0F,0x0F,0x0F,
  0x05,0x05,0x07,0x0F,0x0F,0x0F,0x07,0x04,0x05,0x07,0x0F,0x0F,0x07,0x03,0x06,0x06,
  0x0F,0x0F,0x0F,0x0F,0x0F,0x01,0x06,0x06,0x02,0x0F,0x1F,0x1F,0x0F,0x07,0x03,0x05,
  0x0F,0x1F,0x1F,0x0F,0x06,0x03,0x0A,0x18,0x1C,0x1C,0x1F,0x1F,0x1F,0x1F,0x0F,0x0F,
  0x06,0x00,0x00,0x00,0x00,0x00,0x00,0x00,0x00,0x00,0x00,0x00,0x00,0xE5,0x02,0x80,
  0x80,0x28,0x09,0x30,0xF8,0xF8,0xF8,0xFC,0x3C,0x3C,0x38,0x18,0x06,0x0C,0x40,0xE0,
  0xF8,0xF8,0xF8,0x38,0x38,0x78,0xF8,0xF8,0xF0,0xC0,0x06,0x09,0x60,0xF0,0xF8,0xF8,
  0xF8,0xF0,0xF0,0xE0,0x80,0x06,0x09,0xE0,0xF0,0xF0,0xF8,0x70,0xF0,0xF0,0xC0,0xC0,
  0x04,0x10,0x30,0x78,0x78,0x78,0xF8,0xF0,0xC0,0xC0,0x80,0x80,0xC0,0xF8,0xF8,0xFC,
  0x78,0x10,0x04,0x0C,0x08,0x3F,0x3F,0x3F,0x3F,0x97,0xC7,0xE7,0xFF,0xFE,0x7C,0x10,
  0x24,0x0A,0xE1,0xE3,0xEF,0xEF,0xEF,0xFE,0xFE,0xFC,0x38,0x10,0x04,0x0D,0x01,0x0F,
  0x7F,0xFF,0xFF,0xF8,0xE0,0xE0,0xE0,0xF7,0xFF,0x3F,0x3F,0x05,0x1C,0xC0,0xFF,0xFF,
  0xFF,0xFF,0x1F,0x1F,0x3F,0x3D,0x78,0x70,0x30,0x00,0x00,0x60,0xFF,0xFF,0xFF,0x7F,
  0x3E,0x3E,0x3F,0x3F,0x7F,0xFB,0xF0,0x70,0x20,0x05,0x09,0x03,0x23,0xF7,0xFF,0xFF,
  0x7F,0x3F,0x03,0x03,0x0A,0x06,0x3F,0xFF,0xFF,0xFF,0xC1,0x81,0x3A,0x03,0x01,0x01,
  0x01,0x0A,0x03,0x01,0x01,0x01,0x32,0x04,0x01,0x03,0x03,0x01,0x00,0x00,0xE3,0x05,
  0x80,0x00,0x80,0x00,0x80,0x27,0x01,0xC0,0x06,0x02,0x04,0x04,0x06,0x02,0x40,0x10,
  0x03,0x01,0x40,0x03,0x04,0x08,0x00,0x20,0xC0,0x05,0x01,0x80,0x03,0x01,0x08,0x03,
  0x02,0x40,0x80,0x07,0x08,0x08,0x00,0x80,0x00,0x10,0x20,0x00,0x80,0x05,0x09,0x80,
  0x80,0x00,0x00,0x20,0x00,0x40,0x00,0x20,0x03,0x02,0x04,0x08,0x04,0x02,0x04,0x01,
  0x05,0x01,0x08,0x03,0x01,0x08,0x24,0x09,0x02,0x04,0x00,0x00,0x11,0x00,0x00,0x80,
  0x44,0x05,0x01,0x01,0x0A,0x03,0x40,0x00,0x18,0x04,0x01,0x01,0x05,0x09,0x20,0x00,
  0x42,0x01,0x08,0x48,0x00,0x00,0x04,0x03,0x01,0x80,0x08,0x01,0x40,0x05,0x02,0x02,
  0x40,0x05,0x02,0x04,0x02,0x09,0x02,0x07,0x40,0x80,0x02,0x01,0x02,0x00,0x00,0xE3,
  0x05,0x80,0x00,0x00,0x80,0x80,0x27,0x09,0xF0,0xF8,0xF8,0xF8,0xFC,0x3C,0x3C,0x3C,
  0x1C,0x07,0x0C,0xF0,0xF8,0xF8,0xF8,0x78,0x38,0x78,0xF8,0xF0,0xF0,0xE0,0xC0,0x05,
  0x0A,0xE0,0xF0,0xF8,0xF8,0xF0,0xF0,0xF0,0xE0,0xC0,0x80,0x05,0x0A,0xE0,0xF0,0xF8,
  0xF8,0xF0,0xF0,0xE0,0xE0,0xC0,0x80,0x03,0x10,0x30,0x78,0xF8,0xF8,0xF8,0xF0,0xE0,
  0xC0,0xC0,0x80,0xE0,0xF8,0xF8,0xFC,0x7C,0x18,0x04,0x0C,0x0C,0x3E,0x3F,0x3F,0x3F,
  0x97,0xC7,0xEF,0xFF,0xFE,0x7C,0x18,0x24,0x0A,0xE3,0xE7,0xEF,0xEF,0xFE,0xFE,0xFE,
  0x7C,0x7C,0x10,0x05,0x0D,0x0F,0x7F,0xFF,0xFF,0xF8,0xE0,0xE0,0xE0,0xF7,0xFF,0x7F,
  0x3F,0x18,0x04,0x1C,0xC1,0xFF,0xFF,0xFF,0xFF,0x1F,0x3F,0x3F,0x7F,0x79,0x78,0x78,
  0x00,0x00,0x64,0xFF,0xFF,0xFF,0xFF,0x3E,0x3E,0x3F,0x3F,0x7F,0xFB,0xF0,0x70,0x60,
  0x05,0x09,0x01,0x63,0xF7,0xFF,0xFF,0x7F,0x3F,0x07,0x01,0x09,0x07,0x07,0x7F,0xFF,
  0xFF,0xFF,0xC1,0x81,0x3A,0x03,0x01,0x01,0x01,0x0A,0x03,0x01,0x01,0x01,0x31,0x05,
  0x01,0x03,0x03,0x03,0x01,0x00,0x00,0x00,0x00,0x00,0x00,0xB3,0x15,0x80,0xC0,0xC0,
  0xC0,0xC0,0x80,0xC0,0xC0,0xC0,0xC0,0xC0,0xC0,0xC0,0xC0,0xC0,0xC0,0xC0,0xC0,0xC0,
  0xC0,0x80,0x6A,0x17,0x04,0x07,0x0F,0x0F,0x0F,0x3F,0xFF,0xFF,0xFF,0xFF,0xFF,0xFF,
  0xFF,0xFF,0xFF,0xDF,0x0F,0x0F,0x0F,0x0F,0x0F,0x07,0x06,0x6E,0x0B,0xE7,0xFF,0xFF,
  0xFF,0xFF,0xFF,0xFF,0xFF,0xFF,0xFF,0x0F,0x74,0x0F,0x80,0xFB,0xFF,0xFF,0xFF,0xFF,
  0xFF,0xFF,0xFF,0xFF,0xFF,0xC0,0x80,0x80,0x80,0x6C,0x16,0x0C,0x0E,0x1F,0x3F,0x3F,
  0x3F,0x3F,0x3F,0x3F,0x3F,0x3F,0x3F,0x3F,0x3F,0x3F,0x3F,0x3F,0x3F,0x1F,0x1F,0x1F,
  0x07,0x00,0x00,0xB8,0x04,0x40,0x00,0x20,0x20,0x0B,0x01,0x40,0x6A,0x06,0x03,0x08,
  0x00,0x00,0x90,0xC0,0x09,0x04,0x20,0x10,0x10,0x10,0x71,0x02,0xC1,0x18,0x09,0x01,
  0xF0,0x72,0x04,0x80,0x80,0x00,0x04,0x09,0x05,0x2F,0x40,0x40,0x40,0x80,0x6B,0x02,
  0x12,0x11,0x10,0x01,0x20,0x00,0x00,0xB2,0x01,0x80,0x0B,0x07,0x20,0x20,0x20,0x00,
  0x20,0x20,0x20,0x82,0x01,0x08,0x6E,0x01,0x98,0x8A,0x01,0x10,0x00,0x00,0x92,0x09,
  0x80,0x80,0xC0,0xC0,0xC0,0xC0,0xC0,0x80,0x80,0x12,0x18,0x80,0x80,0x80,0x80,0x80,
  0x00,0x00,0x40,0xC0,0xC0,0xC0,0xC0,0xC0,0xE0,0xE0,0xC0,0xC0,0xE0,0x60,0x20,0x00,
  0x20,0x20,0x20,0x03,0x05,0xC0,0xC0,0xC0,0x80,0x80,0x07,0x06,0x80,0x80,0x80,0x80,
  0x80,0x80,0x35,0x0D,0x7E,0xFF,0xFF,0xFF,0xFF,0xFF,0xE3,0xC3,0xC3,0xC3,0x83,0x83,
  0x80,0x0A,0x27,0x80,0xF0,0xFC,0xFE,0xFF,0xFF,0x7F,0x1F,0x07,0x07,0x07,0x7F,0xF8,
  0xF0,0xF0,0xF0,0x61,0x07,0xFF,0xFF,0xFF,0xFF,0xFF,0xFF,0xFF,0xFC,0xFC,0x00,0xE0,
  0xE0,0xE0,0xF0,0xF0,0xF0,0xF9,0x9B,0x03,0x03,0x01,0x06,0x11,0xFF,0xFF,0xFF,0xFF,
  0xFF,0xFF,0x0F,0x1F,0x1F,0x7E,0xFE,0xFE,0xFC,0xF8,0xF0,0xE0,0x80,0x2D,0x0F,0x01,
  0x01,0x01,0x03,0x03,0x03,0x07,0x3F,0xFF,0xFF,0xFF,0xFE,0xFC,0xF0,0x40,0x05,0x25,
  0xF8,0xFF,0xFF,0xFF,0xFF,0xFF,0x7F,0x7C,0x78,0x78,0x78,0x78,0x78,0xFE,0xFF,0xFF,
  0xFF,0xA6,0x00,0x33,0xFF,0xFF,0xFF,0xFF,0xFF,0xFF,0xFF,0xFF,0xE1,0x7F,0xFF,0xFF,
  0xFF,0xFF,0xFF,0xFF,0x63,0x09,0x11,0xA3,0xFF,0xFF,0xFF,0xFF,0xFF,0x00,0x00,0x80,
  0xC0,0xED,0xFF,0xFF,0xFF,0x7F,0x3F,0x03,0x2A,0x11,0x0E,0x1E,0x3F,0x3F,0x3F,0x3E,
  0x3C,0x38,0x3C,0x3C,0x3E,0x3F,0x1F,0x1F,0x0F,0x07,0x03,0x06,0x06,0x3F,0x7F,0x7F,
  0x7F,0x3F,0x10,0x07,0x19,0x1F,0x3F,0xFF,0xFF,0xBF,0x80,0xC0,0xFF,0xFF,0xFF,0xFF,
  0xFF,0x8F,0x0F,0x07,0x01,0x3F,0x3F,0x3F,0x7F,0xFF,0xFF,0xFF,0xF6,0x70,0x08,0x0E,
  0x33,0x7F,0x7F,0x7F,0xFF,0x7F,0x7C,0x3E,0x3F,0x1F,0x1F,0x0F,0x07,0x07,0x50,0x16,
  0x1E,0x1F,0x1F,0x3F,0x3F,0x3F,0x3F,0x3F,0x3F,0x3F,0x3F,0x3F,0x3F,0x3F,0x3F,0x3F,
  0x3F,0x3F,0x3E,0x1E,0x1F,0x07,0x00,0x00,0x37,0x06,0x04,0xFE,0xFE,0xFE,0xBE,0x06,
  0x55,0x09,0x80,0x80,0xC0,0xC0,0xC0,0xC0,0xC0,0x80,0x80,0x03,0x04,0x80,0x80,0xC0,
  0x80,0x0B,0x19,0x80,0x00,0x40,0x40,0x40,0x40,0x40,0x40,0x88,0x1C,0x1E,0x0F,0x0F,
  0x0F,0x9F,0xCC,0xC0,0x80,0x80,0xC0,0xC0,0xC0,0xC0,0x40,0x40,0x03,0x11,0x40,0xC0,
  0x80,0x00,0x80,0xC0,0xC0,0xC0,0xC0,0xC0,0xC0,0x40,0x00,0x80,0x80,0x80,0x80,0x35,
  0x29,0x7E,0xFF,0xFF,0xFF,0xFF,0xFF,0xE3,0xC3,0xC3,0xC3,0x83,0x83,0x80,0x00,0x00,
  0x7F,0xFF,0xFF,0xFF,0xE0,0xE0,0xE0,0xE0,0x60,0x90,0xFC,0xFE,0xFF,0xFF,0x40,0x20,
  0x78,0x78,0xF0,0x8C,0x0E,0x04,0x00,0x00,0x81,0xC0,0x03,0x29,0x03,0x07,0x0F,0x3F,
  0xFC,0xFD,0x07,0x03,0x01,0x00,0x80,0xE0,0xF8,0xFC,0x9B,0x03,0x40,0x7E,0xFF,0xFF,
  0xFF,0xBF,0xB9,0xB9,0x42,0xC6,0xFE,0xFF,0xFF,0xFF,0x0F,0x1F,0x1F,0x7E,0xFE,0xFE,
  0xFC,0xF8,0xF0,0xE0,0x80,0x2D,0x39,0x01,0x01,0x01,0x03,0x03,0x03,0x07,0x3F,0xFF,
  0xFF,0xFF,0xFE,0xFC,0xF0,0x40,0x00,0x70,0x70,0x70,0xF0,0x08,0x07,0x07,0x07,0x07,
  0x07,0x87,0x04,0x08,0x58,0x78,0x78,0x08,0x0E,0x07,0x07,0x0F,0x1F,0xFF,0xCC,0xC0,
  0xF0,0xF0,0xF0,0xF0,0x00,0x00,0x80,0xDE,0x8E,0x0F,0x0F,0x0F,0x0F,0x0F,0x1F,0x03,
  0x03,0x17,0x03,0x03,0x03,0x03,0x03,0x03,0xA0,0xFC,0xFF,0xFF,0xFF,0xFF,0x00,0x00,
  0x80,0xC0,0xED,0xFF,0xFF,0xFF,0x7F,0x3F,0x03,0x2A,0x11,0x0E,0x1E,0x3F,0x3F,0xBF,
  0xBE,0xBC,0xB8,0x3C,0x3C,0x3E,0x3F,0x1F,0x1F,0x0F,0x07,0x03,0x04,0x02,0x80,0x94,
  0x03,0x06,0x40,0x38,0x10,0x00,0x00,0x80,0x03,0x11,0x3C,0x20,0x00,0x00,0x40,0x20,
  0x70,0x30,0x0F,0x7F,0x7F,0x7F,0x3F,0x70,0xF0,0x86,0x01,0x03,0x06,0x01,0x01,0x01,
  0x39,0xF6,0x70,0x08,0x0E,0x33,0x7F,0x7F,0x7F,0xFF,0x7F,0x7C,0x3E,0x3F,0x1F,0x1F,
  0x0F,0x07,0x07,0x2C,0x1B,0x1C,0xBE,0xFF,0xFF,0xFF,0xF7,0xF7,0xF7,0x07,0x03,0x00,
  0xFE,0xFF,0xFF,0xFF,0xFE,0x7C,0x78,0x7C,0x3E,0x1F,0x1F,0xFF,0xFF,0xFF,0xFE,0x80,
  0x03,0x05,0x06,0xFF,0xFF,0xFF,0xFF,0x03,0x0C,0x07,0x07,0x07,0xF7,0xFF,0xFF,0xFF,
  0xFF,0xFF,0x07,0x07,0x03,0x04,0x18,0xFC,0xFE,0xFF,0xFE,0xE0,0xE0,0xE0,0xF8,0xFC,
  0xFE,0xFE,0xFE,0x10,0x1C,0x7E,0x7E,0x7F,0xFF,0xFF,0xFF,0xFF,0xCF,0xC0,0x80,0x32,
  0x07,0x07,0x07,0x07,0x07,0x07,0x03,0x01,0x04,0x05,0x07,0x0F,0x0F,0x07,0x03,0x05,
  0x06,0x03,0x0F,0x0F,0x0F,0x07,0x03,0x03,0x05,0x07,0x0F,0x0F,0x07,0x01,0x06,0x06,
  0x0F,0x0F,0x0F,0x0F,0x0F,0x01,0x06,0x06,0x06,0x0F,0x1F,0x1F,0x0F,0x07,0x03,0x05,
  0x0F,0x0F,0x0F,0x0F,0x06,0x03,0x09,0x18,0x1C,0x1C,0x1F,0x1F,0x0F,0x0F,0x0F,0x0F,
  0x00,0x00,0x36,0x02,0x06,0x1A,0x03,0x01,0x40,0x65,0x01,0x40,0x0B,0x01,0x80,0x0A,
  0x06,0x10,0x10,0x10,0x00,0x02,0x04,0x0B,0x01,0x80,0x54,0x01,0x80,0x08,0x01,0x20,
  0x04,0x01,0x20,0x06,0x05,0x08,0x80,0x80,0x40,0x04,0x10,0x05,0x02,0x00,0x00,0x03,
  0x80,0x53,0x01,0x60,0x05,0x01,0x08,0x06,0x05,0x40,0x20,0x00,0x00,0x10,0x07,0x01,
  0x20,0x06,0x02,0x40,0x20,0x03,0x01,0x10,0x03,0x01,0x40,0x0A,0x01,0x02,0x4F,0x06,
  0x2A,0x00,0x40,0x40,0x00,0x03,0x07,0x04,0x02,0x00,0x00,0x40,0x04,0x01,0x30,0x0E,
  0x01,0xC6,0x49,0x07,0x08,0x00,0x10,0x00,0x02,0x00,0x01,0x05,0x01,0x04,0x03,0x01,
  0x20,0x04,0x01,0x08,0x03,0x01,0x08,0x0A,0x01,0x08,0x07,0x0E,0x04,0x00,0x00,0x01,
  0x01,0x02,0x00,0x00,0x01,0x18,0x00,0x00,0x14,0x02,0x03,0x02,0x0C,0x60,0x08,0x01,
  0x02,0x32,0x01,0x02,0x04,0x04,0x04,0x00,0x00,0x01,0x06,0x02,0x08,0x0C,0x05,0x01,
  0x04,0x04,0x01,0x03,0x07,0x01,0x02,0x12,0x01,0x04,0x09,0x02,0x10,0x10,0x0A,0x05,
  0x10,0x10,0x00,0x00,0x06,0x00,0x00,0x36,0x01,0x06,0x76,0x01,0x80,0x0F,0x01,0x04,
  0x76,0x01,0x80,0x94,0x01,0x40,0xCA,0x03,0x10,0x00,0x02,0x0B,0x01,0x20,0x04,0x01,
  0x08,0x19,0x01,0x01,0x08,0x02,0x10,0x02,0x03,0x02,0x08,0x60,0x40,0x01,0x04,0x0A,
  0x01,0x08,0x0A,0x01,0x03,0x1A,0x01,0x04,0x07,0x01,0x02,0x0E,0x04,0x10,0x00,0x00,
  0x02,0x00,0x00,0x36,0x01,0x06,0x76,0x01,0x80,0x0F,0x01,0x04,0x76,0x01,0x80,0x94,
  0x01,0x40,0xCA,0x03,0x10,0x00,0x02,0x0B,0x01,0x20,0x04,0x01,0x08,0x0D,0x01,0x08,
  0x0B,0x01,0x01,0x08,0x02,0x10,0x02,0x03,0x02,0x08,0x60,0x40,0x01,0x04,0x0A,0x01,
  0x08,0x0A,0x01,0x03,0x1A,0x01,0x04,0x07,0x01,0x02,0x0E,0x04,0x10,0x00,0x00,0x02,
  0x00,0x00,0x36,0x01,0x06,0x76,0x01,0x80,0x0F,0x01,0x04,0x76,0x01,0x80,0x94,0x01,
  0x40,0xCA,0x03,0x10,0x00,0x02,0x0B,0x01,0x20,0x04,0x01,0x08,0x19,0x01,0x01,0x08,
  0x02,0x10,0x02,0x03,0x02,0x08,0x60,0x40,0x01,0x04,0x0A,0x01,0x08,0x0A,0x01,0x03,
  0x1A,0x01,0x04,0x07,0x01,0x02,0x0E,0x04,0x10,0x00,0x00,0x02,0x00,0x00,0x3C,0x01,
  0x08,0x74,0x01,0x20,0x0B,0x01,0x04,0x0F,0x01,0x40,0x07,0x01,0x80,0x4C,0x01,0x10,
  0x09,0x01,0x01,0x0A,0x01,0x02,0x1D,0x01,0x01,0x4A,0x01,0x50,0x06,0x01,0x08,0x11,
  0x01,0x80,0x08,0x03,0x01,0x00,0x10,0x03,0x01,0x10,0x4D,0x01,0x80,0x12,0x01,0x06,
  0x04,0x01,0x80,0x07,0x01,0x10,0x11,0x01,0x0C,0x59,0x01,0xA0,0x03,0x02,0x01,0x60,
  0x03,0x01,0x09,0x06,0x01,0x02,0x14,0x01,0x14,0x07,0x05,0x28,0x60,0x80,0x81,0x80,
  0x38,0x01,0x04,0x06,0x01,0x02,0x04,0x01,0x08,0x09,0x01,0x06,0x08,0x04,0x08,0x00,
  0x00,0x08,0x17,0x02,0x10,0x08,0x07,0x01,0x01,0x03,0x03,0x04,0x00,0x02,0x06,0x01,
  0x02,0x00,0x00,0x00,0x3D,0xFF,0xFF,0xFF,0xFF,0xFF,0xFF,0xFF,0xFF,0xFF,0xFF,0xFF,
  0xFF,0xFF,0xFF,0xFF,0xFF,0xFF,0xFF,0xFF,0xFF,0xFF,0xFF,0xFF,0xFF,0xFF,0xFF,0xFF,
  0xFF,0xFF,0xFF,0xFF,0xFF,0xFF,0xFF,0xFF,0xFF,0xFF,0xFF,0xFF,0xFF,0xFF,0xFF,0xFF,
  0xFF,0xFF,0xFF,0xFF,0xFF,0xFF,0xFF,0xFF,0xFF,0xFF,0xFF,0xFF,0xE1,0xDD,0xFE,0xFE,
  0xFE,0x0E,0x04,0xF7,0xAA,0x55,0xAA,0x55,0xAA,0x55,0xAA,0x55,0xAA,0x55,0xAA,0x55,
  0xAA,0x55,0xAA,0x55,0xAA,0x55,0xAA,0x55,0xAA,0x55,0xAA,0x55,0xAA,0x55,0xAA,0x55,
  0xAA,0x55,0xAA,0x55,0xAA,0x55,0xAA,0x55,0xAA,0x55,0xAA,0x55,0xAA,0x55,0xAA,0x55,
  0xAA,0x55,0xAA,0x55,0xAA,0x55,0xAA,0x55,0xAA,0x55,0xAA,0x55,0xAA,0x55,0xAA,0x55,
  0xAA,0x55,0xAA,0xFF,0xFF,0xFF,0xFF,0xFF,0xFF,0xFF,0xFF,0xFF,0xFF,0xFF,0xFF,0xFF,
  0xFF,0xFF,0xFF,0xFF,0xFF,0xFF,0xFF,0xFF,0xFF,0xFF,0xFF,0xFF,0xFF,0xFF,0xFF,0xFF,
  0xFF,0x7F,0x7F,0x3F,0x3F,0xFF,0xFF,0xFF,0xFF,0xFF,0xFF,0xFF,0xFF,0xFF,0xFF,0xFF,
  0xFF,0x7F,0x3F,0x3F,0x1F,0x3F,0x3F,0x3F,0x77,0xE3,0xE1,0x1C,0x1F,0x1F,0x9F,0xCE,
  0x64,0xC0,0xA0,0x40,0xAA,0x45,0x8A,0xC5,0x0A,0x85,0x4A,0x85,0x8A,0x45,0x8A,0xC5,
  0x4A,0x85,0x4A,0x85,0x4A,0x85,0x4A,0x85,0x8A,0x45,0x8A,0x45,0x8A,0x45,0x8A,0x45,
  0x8A,0x45,0x8A,0x45,0x8A,0x45,0x8A,0x45,0x8A,0x45,0x8A,0x45,0x8A,0x45,0x8A,0x45,
  0x8A,0x45,0x8A,0x45,0x8A,0x45,0x8A,0x45,0x8A,0x45,0x8A,0x45,0x8A,0x45,0x8A,0x05,
  0x0A,0x05,0x0A,0xFF,0xFF,0xFF,0xFF,0xFF,0xFF,0xFF,0x0F,0x07,0x03,0x03,0x83,0x03,
  0x07,0x07,0x1F,0xFF,0xFF,0xFF,0x0F,0x07,0x07,0x07,0x0F,0x1F,0x3F,0x7F,0xFF,0x0F,
  0x07,0xFC,0xFC,0xD8,0x00,0x77,0xE7,0xE7,0xE7,0xE7,0x4F,0x0F,0x1F,0x1F,0x3F,0xE1,
  0xC0,0x80,0x80,0x08,0x0C,0x0E,0x0C,0x00,0x80,0xC0,0xC1,0x03,0xFF,0x03,0x07,0x0D,
  0x3A,0x5D,0xBB,0x5A,0xB9,0x5C,0xBA,0xDD,0x4A,0xA5,0x54,0xA2,0x45,0xE2,0xBA,0x5D,
  0xBA,0x5D,0xEA,0x1B,0xEC,0x1F,0x7C,0xA2,0x45,0xAA,0x45,0xAA,0x45,0xAA,0x45,0xAA,
  0x45,0xAA,0x45,0xA2,0x45,0xA2,0x45,0xA2,0x45,0xA2,0x45,0xA2,0x45,0xA2,0x45,0xA2,
  0x45,0xA2,0x45,0xA2,0x45,0xA2,0x45,0xA2,0x45,0xA2,0x45,0xA2,0x45,0xA2,0x40,0xA0,
  0x40,0xA0,0xFF,0xFF,0xFF,0xFF,0xFF,0xFF,0x80,0x80,0xC0,0xE0,0xF1,0xF1,0xF1,0xF0,
  0x80,0x80,0x80,0x83,0xFF,0xFE,0x84,0x00,0x00,0x98,0xFE,0xF8,0xF0,0xF0,0x80,0x00,
  0x00,0x80,0xF2,0x8F,0x8F,0xF0,0x70,0x70,0x74,0x77,0x78,0x38,0x38,0x08,0x87,0xCF,
  0xFF,0x03,0x01,0x63,0x03,0x0B,0xFB,0xF3,0xE3,0x1F,0x00,0x60,0xF0,0xF0,0xF0,0xF0,
  0x50,0xAA,0x95,0x4A,0xA5,0x5A,0xB5,0x4A,0xA5,0x5A,0xA5,0xCA,0x55,0xAA,0x55,0xA9,
  0x56,0xA9,0x56,0xA9,0x56,0xA9,0x54,0xAA,0x55,0xAA,0x55,0xAA,0x55,0xAA,0x55,0xAA,
  0x55,0xAA,0x55,0xAA,0x55,0xAA,0x55,0xAA,0x55,0xAA,0x55,0xAA,0x55,0xAA,0x55,0xAA,
  0x55,0xAA,0x55,0xAA,0x55,0xAA,0x55,0xAA,0x55,0xAA,0x55,0xAA,0x55,0xAA,0x55,0xAA,
  0x55,0xAA,0xFF,0xFF,0xFF,0xFF,0xFF,0xFF,0xFF,0xFF,0xFF,0xFF,0xFF,0xFF,0xFF,0xFF,
  0xFF,0xFF,0xFF,0xFF,0x7F,0x7F,0x7F,0x7F,0x7F,0xFF,0xFF,0xFF,0xFF,0xFF,0xFF,0xFF,
  0xFF,0xFF,0xFF,0xFF,0xFF,0x7F,0x41,0xC0,0xC0,0xC0,0xC0,0xFD,0xFF,0xFF,0xFF,0x7F,
  0x7F,0x00,0x00,0x3C,0xC0,0xC0,0xC1,0x3F,0x0F,0x10,0x0F,0x3F,0x00,0x55,0x7F,0x7F,
  0x7F,0x3F,0x55,0xAA,0x2B,0x55,0xAA,0x55,0xAA,0x54,0xAB,0x54,0x59,0xAA,0x55,0xAA,
  0x55,0xAA,0x55,0xAA,0x55,0xAA,0x55,0xAA,0x55,0xAA,0x55,0xAA,0x55,0xAA,0x55,0xAA,
  0x55,0xAA,0x55,0xAA,0x55,0xAA,0x55,0xAA,0x55,0xAA,0x55,0xAA,0x55,0xAA,0x55,0xAA,
  0x55,0xAA,0x55,0xAA,0x55,0xAA,0x55,0xAA,0x55,0xAA,0x55,0xAA,0x55,0xAA,0x55,0xAA,
  0x55,0xAA,0x55,0xAA,0xFF,0xFF,0xFF,0xFF,0xFF,0xFF,0xFF,0xFF,0xFF,0xFF,0xFF,0xFF,
  0xFF,0xE3,0x41,0x04,0x05,0x08,0x08,0xF8,0xFC,0xFF,0x04,0x07,0x01,0x83,0x83,0x83,
  0xC1,0xE0,0x40,0x04,0x05,0x1F,0xFF,0xFF,0xFF,0xF8,0x03,0xAE,0x02,0xF0,0xF0,0xF1,
  0xF4,0xF4,0xFF,0x0F,0x6F,0xFF,0xFF,0xAF,0x5F,0x57,0xA7,0x52,0xA2,0x55,0xA2,0x44,
  0x5D,0xBA,0x5D,0xBA,0x4E,0xA5,0x42,0xB9,0x5E,0xBB,0x5C,0xBB,0x96,0x39,0x54,0xBA,
  0x55,0xBA,0x55,0xBA,0xF5,0xCA,0xC8,0x85,0x0A,0x05,0x0A,0x05,0x0A,0x05,0x0A,0x05,
  0x0A,0x05,0x0A,0x05,0x0A,0x05,0x0A,0x05,0x0A,0x05,0x0A,0x05,0x0A,0x05,0x0A,0x05,
  0x0A,0x05,0x0A,0x05,0x0A,0x05,0x0A,0x05,0x0A,0x05,0x0A,0x05,0x0A,0xFF,0xFF,0xFF,
  0xFF,0xFF,0xFF,0xFF,0xFF,0xFF,0xFF,0xFF,0xFF,0xF9,0xF8,0xF8,0xF8,0xF8,0xF8,0xFC,
  0xFC,0xFE,0xFF,0xFF,0xFF,0xF0,0xF0,0xF0,0xF0,0xF8,0xFF,0xFF,0xFF,0xFF,0xFF,0xFE,
  0xF0,0xF0,0xF0,0xF8,0xFC,0xFF,0xFF,0xFF,0xF0,0xF0,0xF0,0xF0,0xFC,0xFF,0xFF,0xFF,
  0xFF,0xFF,0xFF,0xF0,0xF1,0x0F,0x0F,0x0A,0x0B,0x05,0x0A,0x05,0x0A,0x85,0x8A,0x83,
  0x85,0x1A,0x15,0x5A,0x05,0x05,0x8A,0x17,0x05,0x0A,0x55,0xDA,0xCD,0x95,0x0A,0x15,
  0x16,0x09,0x14,0x0A,0x1F,0x1F,0x0F,0x0F,0x0F,0x06,0x23,0x3B,0xFF,0xFF,0xFF,0xFF,
  0xFF,0xFF,0xFF,0xFF,0xFF,0xFF,0xFF,0xFF,0xFF,0xFF,0xFF,0xFF,0xFF,0xFF,0xFF,0xFF,
  0xFF,0xFF,0xFF,0xFF,0xFF,0xFF,0xFF,0xFF,0xFF,0xFF,0xFF,0xFF,0xFF,0xFF,0xFF,0xFF,
  0xFF,0xFF,0xFF,0xFF,0xFF,0xFF,0xFF,0xFF,0xFF,0xFF,0xFF,0xFF,0xFF,0xFF,0xFF,0xFF,
  0xFF,0xFF,0xFF,0xFF,0xF0,0xC0,0xC0,0x05,0x11,0x01,0x01,0x01,0x00,0x00,0x02,0x00,
  0x00,0x01,0x01,0x01,0x01,0x00,0x00,0x03,0x03,0x03,0x00,0x00,0x38,0x01,0x03,0x7F,
  0x01,0x03,0x33,0x05,0x10,0x00,0x10,0x00,0x10,0x0C,0x03,0x80,0x00,0x80,0x0A,0x07,
  0x80,0x40,0x00,0x00,0x08,0x00,0x80,0x11,0x01,0x88,0x21,0x01,0x10,0x05,0x01,0x10,
  0x05,0x03,0x10,0x00,0x10,0x0C,0x01,0x08,0x1C,0x04,0x05,0x2A,0x05,0x2A,0x11,0x10,
  0x04,0x00,0x00,0x04,0x00,0x00,0x07,0x00,0x04,0x00,0x10,0x00,0x80,0x00,0x00,0x40,
  0x09,0x01,0x20,0x64,0x07,0x0C,0x1C,0x3C,0xFC,0xF8,0xFC,0x0C,0x03,0x0C,0x80,0x80,
  0xB0,0xF8,0xFC,0xFC,0xBE,0x8E,0x8E,0x8E,0xC0,0xC0,0x6B,0x15,0x18,0x3C,0x3F,0x3F,
  0x3E,0x3C,0x18,0x00,0x00,0x01,0x03,0x03,0x03,0xFF,0xFF,0xFF,0x19,0x01,0x01,0x01,
  0x01,0x0A,0x01,0x02,0x87,0x01,0x04,0x12,0x01,0x10,0x7B,0x01,0x02,0x00,0x00,0xFF,
  0x00,0x08,0x25,0xF0,0xF8,0xFC,0x7C,0x3C,0xFC,0xF8,0xF0,0xE0,0x80,0x00,0x00,0xF0,
  0xF8,0xF8,0xF8,0xF0,0xE0,0xC0,0x80,0x00,0xF0,0xF8,0xFC,0xFC,0xD8,0x00,0xF0,0xF8,
  0xF8,0xF8,0xF8,0xF0,0xF0,0xE0,0xE0,0xC0,0x51,0x01,0x20,0x08,0x26,0x7F,0x7F,0x3F,
  0x1F,0x0E,0x0E,0x0E,0x0F,0x7F,0x7F,0x7F,0xB8,0xE0,0xF1,0x87,0x03,0x83,0x18,0xF9,
  0xF3,0xFF,0xDF,0xBF,0x7F,0xFF,0x7F,0x7D,0x00,0x00,0x7F,0x7F,0x7F,0x7B,0x78,0x7F,
  0x3F,0x1F,0x0F,0x63,0x16,0xF4,0xE3,0xC3,0x03,0x07,0xC1,0x10,0x18,0x18,0x1D,0x9F,
  0x3F,0x4F,0x07,0x00,0x1C,0xBE,0x8E,0x8E,0x8E,0xC0,0xC0,0x6A,0x0B,0x01,0x1B,0x3F,
  0x3C,0x3E,0x3E,0x3C,0x18,0x00,0x00,0x01,0x03,0x08,0xFC,0xFC,0xFF,0x19,0x01,0x01,
  0x01,0x01,0x00,0x00,0x38,0x01,0x03,0x7F,0x01,0x01,0x33,0x05,0x10,0x00,0x10,0x00,
  0x10,0x0C,0x03,0x80,0x00,0x80,0x44,0x01,0x10,0x05,0x01,0x10,0x05,0x03,0x10,0x00,
  0x10,0x0C,0x01,0x08,0x1C,0x04,0x05,0x0A,0x05,0x2A,0x12,0x01,0x10,0x06,0x04,0x08,
  0x00,0x00,0x40,0x78,0x03,0x20,0x20,0x04,0x82,0x01,0x02,0x14,0x01,0x02,0x9A,0x01,
  0x10,0x00,0x00,0x38,0x01,0x03,0x79,0x07,0x80,0x80,0xC0,0xC0,0xC0,0x80,0x01,0x33,
  0x0B,0x10,0x00,0x10,0x00,0x10,0x00,0x10,0x00,0x10,0x00,0x10,0x06,0x3B,0x80,0x00,
  0x80,0x00,0x80,0xFC,0xFE,0xFE,0x9E,0x06,0x0E,0xBE,0xFE,0xF8,0xF8,0x60,0x7C,0xFE,
  0xFE,0xFE,0x87,0xFE,0xFE,0xFE,0x7C,0xFE,0xFF,0xFF,0xF4,0x80,0xF8,0xFC,0xFE,0xFE,
  0xB6,0xFF,0xFF,0xFF,0xB3,0xFB,0xFF,0xFE,0xF0,0xF0,0xFE,0xFF,0xFF,0xC0,0x80,0x80,
  0x80,0x80,0x80,0xFF,0xFF,0xFF,0xB9,0x99,0x19,0x0C,0x01,0x10,0x05,0x01,0x10,0x05,
  0x03,0x10,0x00,0x10,0x0C,0x01,0x08,0x1C,0x0F,0x05,0x0A,0x05,0x2A,0x00,0x02,0x07,
  0x07,0x07,0x0F,0x0F,0x07,0x07,0x07,0x01,0x03,0x2A,0x01,0x01,0x03,0xC3,0xF3,0xF3,
  0xF9,0xFC,0x7C,0x79,0xF9,0xFB,0xF3,0xC3,0x83,0x01,0x00,0x03,0x03,0x03,0x03,0x03,
  0x03,0x03,0x03,0x01,0x00,0x01,0x01,0x03,0x03,0x03,0x03,0x03,0x01,0x01,0x01,0x01,
  0x01,0x03,0x03,0x03,0x57,0x10,0xF8,0xFF,0xFF,0xFF,0xFF,0x3D,0x3C,0x38,0x1C,0x1D,
  0x1F,0xBF,0xFF,0xFF,0xFC,0xE0,0x70,0x05,0x01,0x03,0x03,0x03,0x01,0x06,0x05,0x01,
  0x03,0x03,0x03,0x03,0x10,0x01,0x02,0x9A,0x01,0x10,0x00,0x00,0x38,0x01,0x03,0x7F,
  0x01,0x01,0x33,0x0B,0x10,0x00,0x10,0x00,0x10,0x00,0x10,0x00,0x10,0x00,0x10,0x06,
  0x0A,0x80,0x00,0x80,0x00,0x00,0x02,0x00,0x00,0x20,0x08,0x03,0x04,0x04,0x00,0x00,
  0x80,0x0B,0x07,0x0A,0x40,0x04,0x02,0x00,0x00,0x08,0x03,0x01,0x08,0x05,0x04,0x01,
  0x00,0x00,0x20,0x17,0x01,0x10,0x05,0x01,0x10,0x05,0x03,0x10,0x00,0x10,0x0C,0x01,
  0x08,0x1C,0x06,0x05,0x0A,0x05,0x2A,0x00,0x05,0x07,0x01,0x04,0x03,0x03,0x01,0x00,
  0x02,0x08,0x01,0x02,0x0D,0x01,0x02,0x0C,0x02,0x02,0x02,0xFA,0x01,0x02,0x9A,0x01,
  0x10,0x00,0x00,0x38,0x01,0x03,0x7F,0x01,0x01,0x33,0x05,0x10,0x00,0x10,0x00,0x10,
  0x0C,0x03,0x80,0x00,0x80,0x44,0x01,0x10,0x05,0x01,0x10,0x05,0x03,0x10,0x00,0x10,
  0x0C,0x01,0x08,0x1C,0x04,0x05,0x0A,0x05,0x2A,0x09,0x01,0x04,0x03,0x01,0x01,0x18,
  0x01,0x02,0xFF,0x00,0x09,0x01,0x02,0x9A,0x01,0x10,0x00,0x00,0x38,0x01,0x03,0x7F,
  0x01,0x01,0x33,0x05,0x10,0x00,0x10,0x00,0x10,0x0C,0x03,0x80,0x00,0x80,0x44,0x01,
  0x10,0x0B,0x03,0x10,0x00,0x10,0x0C,0x01,0x08,0x1C,0x04,0x05,0x0A,0x05,0x2A,0x09,
  0x01,0x04,0x03,0x01,0x01,0x18,0x01,0x02,0xFF,0x00,0x09,0x01,0x02,0x9A,0x01,0x10,
  0x00,0x00,0x38,0x01,0x01,0x7F,0x01,0x01,0x44,0x03,0x80,0x40,0x80,0x05,0x01,0x40,
  0x05,0x02,0x04,0x10,0x04,0x01,0x08,0x0D,0x01,0x80,0x06,0x01,0x01,0x05,0x01,0x06,
  0x08,0x04,0x40,0x00,0x80,0x02,0x07,0x09,0x10,0x00,0x10,0x00,0x10,0x00,0x10,0x00,
  0x10,0x03,0x03,0x10,0x00,0x10,0x12,0x01,0x08,0x1B,0x03,0x02,0x05,0x02,0x21,0x01,
  0x04,0x0F,0x01,0x02,0x0C,0x01,0x04,0x72,0x04,0x02,0x00,0x00,0x02,0x7A,0x01,0x02,
  0x12,0x01,0x10,0x82,0x01,0x40,0x00,0x00,0x38,0x01,0x02,0xB3,0x0B,0x10,0x00,0x10,
  0x00,0x10,0x00,0x10,0x00,0x10,0x00,0x10,0x07,0x01,0x40,0x0C,0x01,0x04,0x13,0x01,
  0x80,0x18,0x01,0x02,0x07,0x03,0x10,0x00,0x10,0x03,0x03,0x10,0x00,0x10,0x03,0x07,
  0x10,0x00,0x10,0x00,0x10,0x00,0x10,0x0C,0x03,0x08,0x00,0x08,0x1A,0x12,0x05,0x08,
  0x00,0x28,0xC0,0xC0,0xC0,0xC0,0xC0,0xC0,0xC0,0x00,0x00,0xE4,0xE0,0xE0,0x70,0x21,
  0x03,0x1C,0xC0,0xE0,0xF0,0xF0,0xE0,0x60,0x00,0xE0,0xF0,0xE0,0xE0,0x80,0x80,0x80,
  0x00,0x00,0xE0,0xE0,0xF0,0xE0,0x70,0x22,0xC0,0xE0,0xE0,0xE0,0xE0,0xC0,0x11,0x01,
  0x04,0x41,0x2F,0x7F,0xFF,0xFF,0xF7,0xF1,0x7F,0x7F,0x3F,0x1F,0xFF,0xFF,0xFF,0xFE,
  0x8E,0x80,0x00,0x7F,0xFF,0xFF,0xC3,0xC0,0xC0,0x00,0x00,0xFF,0xFF,0xFF,0x7F,0x7F,
  0xF1,0xC1,0xC0,0xE0,0xFF,0xFF,0xFF,0xE7,0xC6,0xC6,0xFF,0xFF,0xFF,0xFC,0x3F,0xFF,
  0xFF,0xF0,0x5B,0x04,0x01,0x01,0x01,0x01,0x04,0x02,0x01,0x01,0x04,0x03,0x01,0x03,
  0x01,0x03,0x07,0x01,0x00,0x00,0x01,0x01,0x00,0x01,0x04,0x01,0x01,0x18,0x01,0x10,
  0x87,0x01,0x10,0x00,0x00,0x38,0x01,0x03,0x7F,0x01,0x01,0x33,0x0B,0x10,0x00,0x10,
  0x00,0x10,0x00,0x10,0x00,0x10,0x00,0x10,0x06,0x03,0x80,0x00,0x80,0x37,0x01,0x80,
  0x0C,0x01,0x10,0x05,0x01,0x10,0x14,0x01,0x08,0x1C,0x04,0x05,0x0A,0x05,0x2A,0x06,
  0x09,0x40,0x00,0x80,0x04,0x00,0x10,0x00,0x41,0x40,0x06,0x01,0x10,0x08,0x01,0x40,
  0x07,0x01,0x02,0x06,0x01,0xC0,0x03,0x01,0x02,0x4E,0x04,0x80,0x00,0x00,0x08,0x0A,
  0x03,0x86,0x70,0x80,0x06,0x01,0xC0,0x05,0x01,0x02,0x10,0x01,0x01,0x05,0x01,0x02,
  0x5C,0x01,0x01,0x11,0x06,0x01,0x00,0x01,0x00,0x01,0x01,0x06,0x01,0x02,0x9A,0x01,
  0x10,0x00,0x00,0x38,0x01,0x01,0x7F,0x01,0x01,0x03,0x01,0x40,0x40,0x03,0x80,0x40,
  0x80,0x0B,0x01,0x04,0x13,0x01,0x80,0x17,0x02,0x80,0x02,0x03,0x01,0x05,0x03,0x13,
  0x10,0x00,0x10,0x00,0x10,0x00,0x10,0x00,0x10,0x00,0x10,0x00,0x10,0x00,0x10,0x00,
  0x10,0x00,0x10,0x0E,0x01,0x08,0x1B,0x03,0x02,0x05,0x02,0x06,0x01,0x40,0x05,0x03,
  0x80,0x00,0x40,0x0B,0x05,0x10,0x10,0x00,0x00,0x40,0x05,0x03,0x10,0x00,0x10,0x0A,
  0x01,0x02,0x0C,0x01,0x04,0x45,0x01,0x02,0x19,0x01,0x20,0x05,0x01,0x08,0x0F,0x01,
  0x02,0x54,0x01,0x01,0x0A,0x04,0x01,0x00,0x00,0x01,0x07,0x01,0x01,0x0A,0x01,0x01,
  0x04,0x01,0x02,0x12,0x01,0x10,0x00,0x00,0x38,0x01,0x01,0x7F,0x01,0x01,0x03,0x01,
  0x40,0x40,0x03,0x80,0x40,0x80,0x1F,0x01,0x80,0x17,0x02,0x80,0x02,0x03,0x01,0x05,
  0x03,0x09,0x10,0x00,0x10,0x00,0x10,0x00,0x10,0x00,0x10,0x03,0x07,0x10,0x00,0x10,
  0x00,0x10,0x00,0x10,0x0E,0x01,0x08,0x1B,0x03,0x02,0x05,0x02,0x06,0x03,0x40,0x00,
  0x40,0x05,0x01,0x40,0x0C,0x04,0x10,0x00,0x00,0x40,0x12,0x01,0x02,0x0C,0x01,0x04,
  0x75,0x01,0x02,0x7A,0x01,0x02,0x12,0x01,0x10,0x00,0x00,0x38,0x01,0x01,0x7F,0x01,
  0x01,0x44,0x03,0x80,0x40,0x80,0x1F,0x01,0x80,0x17,0x02,0x80,0x02,0x07,0x09,0x10,
  0x00,0x10,0x00,0x10,0x00,0x10,0x00,0x10,0x03,0x07,0x10,0x00,0x10,0x00,0x10,0x00,
  0x10,0x0E,0x01,0x08,0x1B,0x03,0x02,0x05,0x02,0x06,0x01,0x40,0x07,0x01,0x40,0x0C,
  0x04,0x10,0x00,0x00,0x40,0x12,0x01,0x02,0x0C,0x01,0x04,0x75,0x01,0x02,0x7A,0x01,
  0x02,0x12,0x01,0x10,0x00,0x00,0x38,0x01,0x01,0x7F,0x01,0x01,0x44,0x03,0x80,0x40,
  0x80,0x1F,0x01,0x80,0x17,0x02,0x80,0x02,0x07,0x09,0x10,0x00,0x10,0x00,0x10,0x00,
  0x10,0x00,0x10,0x03,0x03,0x10,0x00,0x10,0x12,0x01,0x08,0x1B,0x03,0x02,0x05,0x02,
  0x06,0x02,0x40,0x80,0x06,0x01,0x40,0x0C,0x04,0x10,0x00,0x00,0x40,0x12,0x01,0x02,
  0x0C,0x01,0x04,0x75,0x01,0x02,0x7A,0x01,0x02,0x12,0x01,0x10,0x00,0x00,0x38,0x01,
  0x01,0x7F,0x01,0x01,0x44,0x03,0x80,0x40,0x80,0x1F,0x01,0x80,0x17,0x02,0x80,0x02,
  0x07,0x09,0x10,0x00,0x10,0x00,0x10,0x00,0x10,0x00,0x10,0x03,0x03,0x10,0x00,0x10,
  0x12,0x01,0x08,0x1B,0x03,0x02,0x05,0x02,0x06,0x01,0x40,0x07,0x01,0x40,0x0C,0x04,
  0x10,0x00,0x00,0x40,0x12,0x01,0x02,0x0C,0x01,0x04,0x75,0x01,0x02,0x7A,0x01,0x02,
  0x12,0x01,0x10,0x00,0x00,0x38,0x01,0x02,0xB3,0x0B,0x10,0x00,0x10,0x00,0x10,0x00,
  0x10,0x00,0x10,0x00,0x10,0x07,0x01,0x40,0x0C,0x01,0x04,0x13,0x01,0x80,0x18,0x01,
  0x02,0x07,0x03,0x10,0x00,0x10,0x03,0x03,0x10,0x00,0x10,0x03,0x07,0x10,0x00,0x10,
  0x00,0x10,0x00,0x10,0x0C,0x03,0x08,0x00,0x08,0x1A,0x04,0x05,0x08,0x00,0x28,0x09,
  0x01,0x04,0x03,0x01,0x01,0x0D,0x01,0x10,0x0A,0x01,0x02,0x06,0x01,0x40,0x10,0x01,
  0x04,0x4F,0x02,0x82,0x60,0x0E,0x01,0x20,0x67,0x09,0xE0,0xF0,0xF0,0xF8,0xB8,0xF0,
  0xF0,0xF0,0xE0,0x05,0x12,0xE0,0xE0,0xF0,0xE0,0x00,0xC0,0xF0,0xF0,0xF0,0x00,0x00,
  0xE0,0xE0,0xF0,0x70,0x38,0x38,0x30,0x1C,0x01,0x10,0x44,0x20,0x3F,0x7F,0x7F,0x77,
  0x63,0x67,0x7F,0x3F,0x3E,0x1C,0x00,0x00,0x30,0x7D,0x7F,0xFF,0xE4,0x60,0x7F,0x7F,
  0x3F,0x02,0x00,0x00,0x01,0x63,0x67,0xCF,0x7F,0x7E,0x3C,0x18,0x23,0x01,0x10,0x00,
  0x00,0x38,0x01,0x03,0x7F,0x01,0x01,0x33,0x0B,0x10,0x00,0x10,0x00,0x10,0x00,0x10,
  0x00,0x10,0x00,0x10,0x06,0x03,0x80,0x00,0x80,0x37,0x01,0x80,0x0C,0x01,0x10,0x0B,
  0x03,0x10,0x00,0x10,0x0C,0x01,0x08,0x1C,0x04,0x05,0x0A,0x05,0x2A,0x06,0x04,0x40,
  0x00,0x00,0x04,0x03,0x02,0x01,0x40,0x0F,0x01,0x40,0x07,0x01,0x02,0x06,0x01,0x40,
  0x03,0x01,0x02,0x5C,0x02,0x82,0x60,0x24,0x01,0x02,0x51,0x05,0x10,0x00,0x08,0x00,
  0x40,0x0E,0x01,0xC0,0x08,0x01,0x08,0x0C,0x01,0x02,0x56,0x04,0x08,0x00,0x00,0x80,
  0x04,0x01,0x40,0x05,0x05,0x02,0x80,0x00,0x00,0x90,0x03,0x09,0x05,0x00,0x00,0x40,
  0x80,0x00,0x38,0x00,0x41,0x25,0x01,0x10,0x00,0x00,0x38,0x01,0x03,0x7F,0x01,0x01,
  0x33,0x0B,0x10,0x00,0x10,0x00,0x10,0x00,0x10,0x00,0x10,0x00,0x10,0x06,0x03,0x80,
  0x00,0x80,0x44,0x01,0x10,0x0B,0x03,0x10,0x00,0x10,0x0C,0x01,0x08,0x1C,0x04,0x05,
  0x2A,0x05,0x2A,0x06,0x04,0x40,0x00,0x00,0x04,0x03,0x02,0x01,0x40,0x17,0x01,0x02,
  0x06,0x01,0x40,0x60,0x02,0x82,0x60,0x89,0x01,0xC0,0x15,0x01,0x02,0x56,0x01,0x08,
  0x1B,0x03,0x18,0x00,0x41,0x25,0x01,0x10,0x00,0x00,0x38,0x01,0x03,0x7F,0x01,0x01,
  0x33,0x0B,0x10,0x00,0x10,0x00,0x10,0x00,0x10,0x00,0x10,0x00,0x10,0x06,0x03,0x80,
  0x00,0x80,0x2C,0x01,0x01,0x17,0x01,0x10,0x0B,0x03,0x10,0x00,0x10,0x0C,0x01,0x08,
  0x1C,0x04,0x05,0x2A,0x05,0x2A,0x06,0x04,0x40,0x00,0x00,0x04,0x03,0x02,0x01,0x40,
  0x17,0x01,0x02,0x06,0x01,0x40,0x60,0x02,0x82,0x60,0x89,0x01,0xC0,0x15,0x01,0x02,
  0x56,0x01,0x08,0x1B,0x03,0x18,0x00,0x41,0x25,0x01,0x10,0x00,0x00,0x38,0x01,0x01,
  0x7F,0x01,0x01,0x03,0x01,0x40,0x0B,0x05,0x10,0x00,0x10,0x00,0x10,0x30,0x03,0x80,
  0x40,0x80,0x0B,0x01,0x04,0x13,0x01,0x80,0x17,0x02,0x80,0x02,0x03,0x01,0x05,0x03,
  0x09,0x10,0x00,0x10,0x00,0x10,0x00,0x10,0x00,0x10,0x03,0x03,0x10,0x00,0x10,0x12,
  0x01,0x08,0x1B,0x03,0x02,0x05,0x02,0x06,0x01,0x40,0x07,0x01,0x42,0x0C,0x04,0x10,
  0x00,0x00,0x40,0x12,0x01,0x02,0x0C,0x01,0x04,0x5F,0x01,0x20,0x15,0x01,0x02,0x5A,
  0x01,0x40,0x09,0x01,0x40,0x06,0x03,0x10,0x00,0x80,0x0C,0x01,0x02,0x07,0x01,0x80,
  0x0A,0x01,0x10,0x43,0x02,0x26,0x40,0x03,0x02,0x04,0x10,0x04,0x01,0x08,0x05,0x01,
  0x02,0x04,0x04,0x08,0x00,0x00,0x20,0x05,0x01,0x02,0x00,0x00,0x38,0x01,0x01,0x7F,
  0x01,0x01,0x03,0x01,0x40,0x0B,0x05,0x10,0x00,0x10,0x00,0x10,0x30,0x03,0x80,0x40,
  0x80,0x1F,0x01,0x80,0x17,0x02,0x80,0x02,0x03,0x01,0x05,0x03,0x09,0x10,0x00,0x10,
  0x00,0x10,0x00,0x10,0x00,0x10,0x03,0x03,0x10,0x00,0x10,0x12,0x01,0x08,0x1B,0x03,
  0x02,0x05,0x02,0x06,0x01,0x40,0x07,0x01,0x40,0x0C,0x04,0x10,0x00,0x00,0x40,0x12,
  0x01,0x02,0x0C,0x01,0x04,0x75,0x01,0x02,0x64,0x01,0x40,0x15,0x01,0x02,0x12,0x01,
  0x10,0x43,0x01,0x20,0x00,0x00,0x38,0x01,0x01,0x07,0x01,0x40,0x77,0x01,0x01,0x03,
  0x01,0x40,0x03,0x01,0x05,0x3C,0x03,0x80,0x40,0x80,0x1F,0x01,0x80,0x17,0x02,0x80,
  0x02,0x03,0x01,0x05,0x03,0x09,0x10,0x00,0x10,0x00,0x10,0x00,0x10,0x00,0x10,0x03,
  0x03,0x10,0x00,0x10,0x12,0x01,0x08,0x1B,0x03,0x02,0x05,0x02,0x06,0x01,0x40,0x07,
  0x01,0x40,0x0C,0x04,0x10,0x00,0x00,0x40,0x12,0x01,0x02,0x0C,0x01,0x04,0xDA,0x01,
  0x40,0x15,0x01,0x02,0x12,0x01,0x10,0x43,0x01,0x20,0x00,0x00,0x38,0x01,0x01,0x07,
  0x01,0x10,0x77,0x01,0x01,0x03,0x01,0x40,0x03,0x01,0x04,0x3D,0x01,0x40,0x0C,0x01,
  0x04,0x20,0x01,0x04,0x08,0x04,0x40,0x00,0x88,0x02,0x03,0x01,0x05,0x03,0x09,0x10,
  0x00,0x10,0x00,0x10,0x00,0x10,0x00,0x10,0x03,0x07,0x10,0x00,0x10,0x00,0x10,0x00,
  0x10,0x0E,0x01,0x08,0x1A,0x04,0x05,0x08,0x00,0x08,0x06,0x01,0x48,0x14,0x01,0x10,
  0x15,0x01,0x02,0x05,0x01,0x02,0x06,0x01,0x04,0xDA,0x02,0x40,0x10,0x14,0x01,0x02,
  0x12,0x01,0x10,0x43,0x01,0x20,0x10,0x01,0x04,0x04,0x01,0x08,0x00,0x00,0x38,0x01,
  0x03,0x07,0x01,0x04,0x71,0x07,0x80,0x80,0xC0,0xC0,0xC0,0x80,0x01,0x07,0x01,0x01,
  0x09,0x03,0x10,0x00,0x10,0x1F,0x05,0x10,0x00,0x10,0x00,0x10,0x10,0x37,0x80,0xFE,
  0xFE,0xFE,0xFE,0x0E,0x0E,0xBE,0xFE,0xFC,0xF8,0x70,0xFC,0xFE,0xFE,0xFE,0x8F,0xFE,
  0xFE,0xFE,0x7C,0xFE,0xFF,0xFF,0xFE,0xC0,0xFC,0xFE,0xFE,0xFE,0x3E,0xFF,0xFF,0xFF,
  0xBB,0xFB,0xFF,0xFF,0xF0,0xF0,0xFF,0xFF,0xFF,0xE3,0x80,0x80,0x80,0x80,0x80,0xFF,
  0xFF,0xFF,0xB9,0x99,0x11,0x08,0x05,0x10,0x00,0x10,0x00,0x10,0x1A,0x01,0x08,0x1F,
  0x39,0x20,0xC0,0xC7,0xC7,0xC7,0xC7,0xCF,0x87,0x87,0xC7,0xE3,0xE1,0xF0,0xF0,0x61,
  0x03,0x03,0x03,0xC3,0xE3,0xF3,0xF1,0xF0,0x60,0x01,0xE3,0xF3,0xF3,0xE3,0x83,0x81,
  0x80,0x03,0x03,0xE7,0xE3,0xF3,0xF3,0x73,0x31,0xC1,0xE0,0xE1,0xE1,0xE3,0xC3,0xC3,
  0x03,0x01,0x01,0x01,0x01,0x03,0x03,0x03,0x03,0x01,0x48,0x2F,0xFF,0xFF,0xFF,0xFF,
  0xF3,0x7F,0x7F,0x3F,0x1F,0xFF,0xFF,0xFF,0xFE,0x8E,0x06,0x70,0xFF,0xFF,0xFF,0xC3,
  0xC0,0xC0,0x00,0xC0,0xFF,0xFF,0xFF,0x7F,0x7F,0xF3,0xE1,0xC0,0xE0,0xFF,0xFF,0xFF,
  0xEF,0xC6,0xC6,0xFF,0xFF,0xFF,0xFC,0x3F,0xFF,0xFF,0xF1,0x57,0x25,0xF0,0xF0,0xF8,
  0xF9,0xF9,0xF1,0xF1,0xF1,0xE0,0x40,0x00,0x01,0x01,0x01,0xE1,0xE0,0xF0,0xE1,0x01,
  0x03,0xE1,0xF0,0xF0,0x00,0x01,0xE1,0xF0,0xF1,0xF9,0x39,0x39,0x31,0x00,0x01,0x01,
  0x01,0x01,0x04,0x01,0x02,0x56,0x21,0x0E,0x7F,0x7F,0xFF,0x77,0x67,0x77,0x7F,0x7F,
  0x3E,0x1C,0x08,0x00,0x30,0x7F,0xFF,0xFF,0xE2,0xF0,0x7F,0x7F,0x3F,0x07,0x00,0x00,
  0x61,0xE3,0x67,0xF7,0x7F,0x3F,0x3E,0x18,0x23,0x01,0x10,0x00,0x00,0x38,0x01,0x03,
  0x07,0x01,0x54,0x77,0x01,0x01,0x11,0x03,0x10,0x00,0x10,0x1F,0x05,0x10,0x00,0x10,
  0x00,0x10,0x0C,0x03,0x80,0x00,0x80,0x40,0x05,0x10,0x00,0x10,0x00,0x10,0x0B,0x03,
  0x10,0x00,0x10,0x0C,0x01,0x08,0x1C,0x04,0x05,0x0A,0x05,0x2A,0xFF,0x00,0x30,0x01,
  0x02,0x9A,0x01,0x10,0x00,0x00,0x38,0x47,0xDC,0xFF,0xFF,0xFF,0xFF,0xFF,0xFF,0xFF,
  0xFF,0x55,0xAA,0x55,0x2A,0xD5,0x6A,0xA5,0x5A,0xAD,0x56,0xAB,0x54,0xAA,0x55,0xAA,
  0x55,0xAE,0x55,0xA8,0x54,0xAB,0x54,0xAB,0x54,0xAA,0x55,0xAA,0x55,0xAA,0x55,0xAA,
  0x55,0xAA,0x52,0xA5,0x4A,0x55,0xAA,0x55,0xAA,0x55,0xAA,0x55,0xAA,0x55,0xAA,0x55,
  0xAA,0x55,0xAA,0x55,0xAA,0x55,0xAA,0x55,0xAA,0x55,0xAA,0x55,0xAA,0x55,0xAA,0x37,
  0x49,0x80,0x80,0x3E,0x1F,0x1F,0x1F,0x0F,0xA7,0x47,0xA7,0x43,0xA9,0x44,0x8A,0x45,
  0x8A,0x45,0x8A,0x45,0x8A,0x45,0x8A,0x45,0x8A,0x45,0x8A,0x45,0x8A,0x45,0x8A,0x45,
  0x8A,0x45,0x8A,0x45,0x8A,0x45,0x8A,0x45,0x8A,0x45,0x8A,0x45,0x8A,0x45,0x8A,0x45,
  0x8B,0x4A,0x95,0x7A,0xF5,0x3A,0x75,0xBA,0x75,0xBA,0x75,0xBA,0x75,0xBA,0x75,0xBA,
  0x75,0xBA,0x75,0xBA,0x75,0xBA,0x75,0xFA,0xF5,0xFA,0x2F,0x51,0xC0,0xF0,0xF8,0xFC,
  0x3C,0xDE,0xFF,0x7F,0x1F,0x1F,0xD0,0xC8,0x40,0x44,0x40,0x22,0x25,0x82,0x55,0xA2,
  0x45,0xA2,0x45,0xA2,0x55,0xD2,0xA9,0x5C,0xAA,0x5D,0xBA,0x5D,0xBA,0x5C,0xAB,0x5C,
  0xA9,0x5A,0x35,0xA2,0x45,0xAA,0x45,0xAA,0x45,0xAA,0x45,0xAA,0x45,0xAA,0x45,0xA2,
  0x45,0xA2,0x45,0xA2,0x45,0xA2,0x45,0xA2,0x45,0xA3,0x5A,0x9D,0x3A,0x5D,0xBA,0x5D,
  0xBA,0x5D,0xBA,0x5D,0xBA,0x5D,0xBA,0x5D,0xBA,0x5D,0xBF,0x5F,0xBF,0x30,0x50,0xFF,
  0xFD,0xFC,0x0C,0x0D,0xFD,0xFC,0xFC,0xE0,0xFF,0xFF,0xFF,0xFE,0xFE,0xFE,0xAF,0x54,
  0xAB,0x54,0xAB,0x54,0x2A,0xA5,0x55,0xAA,0x54,0xA9,0x4A,0x95,0x2A,0x45,0xAA,0x55,
  0xAA,0x55,0xAA,0xD5,0x50,0xAA,0x55,0x4A,0x95,0x6A,0x95,0x4A,0xA5,0x4A,0xB5,0x4A,
  0xB5,0x5A,0x85,0x6A,0x95,0x6A,0xB5,0x4A,0xA5,0x2A,0x55,0xAA,0x55,0xAA,0x55,0x48,
  0xAA,0x55,0xAA,0x55,0xAA,0x55,0xAA,0x55,0xAA,0x55,0xAA,0x55,0xAA,0x55,0xAA,0x30,
  0x50,0xFF,0xFF,0xFF,0x00,0x00,0x01,0xFF,0xFF,0xE0,0xFF,0xFF,0xFF,0xFF,0xFF,0xFF,
  0xAA,0x55,0xAA,0x55,0xAA,0xAB,0x55,0xAA,0x69,0x94,0x55,0xAA,0x55,0x50,0xAA,0x55,
  0xAA,0x55,0xAA,0x55,0xAA,0x54,0xA9,0x52,0xA5,0x29,0x52,0xA5,0x2A,0x55,0xAA,0x55,
  0xAA,0x55,0xAA,0x55,0xAA,0x55,0xAA,0x55,0xAA,0x55,0xC2,0x2A,0x55,0xAA,0x55,0x82,
  0xAB,0x55,0xAA,0x55,0xAA,0x55,0xAA,0x55,0xAA,0x55,0xAA,0x55,0xAA,0x55,0xAA,0x55,
  0xAA,0x30,0x50,0x02,0x0F,0x0F,0x0C,0x0C,0x0C,0x0F,0x0F,0xEF,0xFF,0xFF,0xAF,0x5F,
  0xAF,0x5F,0xAA,0x5D,0xAA,0x5D,0xBA,0x5D,0xBB,0x5C,0xB9,0x5E,0xA5,0x22,0x45,0xA2,
  0x44,0xA1,0x5A,0x95,0x7A,0x95,0x78,0x35,0xDA,0x35,0xDA,0x85,0xCB,0xCA,0xC4,0x85,
  0x82,0xCD,0xC6,0xE9,0xE6,0xF3,0xFC,0xF3,0xFD,0xF2,0xF4,0xFA,0xF4,0xE8,0xE5,0xEA,
  0xC5,0x8A,0x84,0x0D,0x0A,0x05,0x0A,0x05,0x1A,0x05,0x1A,0x15,0x1A,0x35,0x3A,0x35,
  0x3A,0x35,0x7A,0x38,0x49,0x05,0xFF,0xFF,0xFA,0xF5,0xFA,0xF5,0xFA,0xF5,0x7A,0x75,
  0x7A,0x75,0xFA,0xB5,0xBA,0x09,0x04,0x89,0x14,0x0A,0x15,0x4A,0xD5,0xC9,0x96,0x09,
  0x92,0x8D,0x10,0x0A,0x14,0x03,0x03,0x03,0x07,0x87,0x07,0x0F,0x1F,0x1F,0x3F,0x7F,
  0xFF,0xFF,0xFF,0xFF,0xFF,0xFF,0xFF,0xFF,0xFF,0xFF,0xFF,0xFF,0xFF,0xFF,0xFF,0xFF,
  0xFF,0xFE,0xFE,0xFE,0xFC,0xFC,0xFC,0xF8,0xF8,0xF8,0xF8,0xFC,0xFD,0x01,0x38,0x47,
  0x0F,0x3F,0x3F,0xFF,0xFF,0xFF,0xFF,0xFF,0xFE,0xFE,0xFE,0xFF,0xFF,0xFD,0xFD,0xFE,
  0xF9,0xF1,0x21,0x01,0x06,0x07,0x03,0xC3,0xC0,0xC3,0xE7,0xE7,0xE6,0xE4,0xE0,0xE0,
  0xE3,0xE3,0xE3,0xE1,0xE3,0xE0,0xE0,0xE0,0xF0,0xF0,0xFE,0xFE,0xFF,0xFF,0xFF,0xFF,
  0xFF,0xFF,0xFF,0xFF,0xFF,0xFF,0xFF,0xFF,0xFF,0xFF,0xFF,0xFF,0xFF,0xFF,0xFF,0xFF,
  0xFF,0xFF,0xFF,0x7F,0x3F,0x1F,0x0F,0x00,0x00,0x47,0x01,0x10,0x04,0x01,0x01,0x03,
  0x01,0x08,0x11,0x01,0x04,0x56,0x01,0x20,0x78,0x0C,0x40,0x20,0x00,0x00,0x20,0x00,
  0x20,0x00,0x08,0x00,0x00,0x40,0x0C,0x01,0x01,0x09,0x01,0x80,0x5B,0x01,0x02,0x23,
  0x01,0x22,0x06,0x01,0x20,0x06,0x01,0x10,0x0C,0x01,0x02,0x57,0x01,0x40,0x03,0x01,
  0x04,0x07,0x04,0x01,0x00,0x00,0x10,0x03,0x01,0x80,0x6C,0x01,0x04,0x05,0x01,0x04,
  0x09,0x01,0x40,0x08,0x01,0x10,0x05,0x06,0x09,0x01,0x00,0x02,0x02,0x04,0x08,0x01,
  0x10,0x60,0x01,0x01,0x77,0x04,0x08,0x00,0x00,0x02,0x0C,0x01,0x02,0x1D,0x01,0x80,
  0x00,0x00,0xFF,0x00,0x33,0x01,0x02,0x05,0x01,0x20,0x75,0x01,0x01,0x25,0x01,0x20,
  0x81,0x01,0x10,0x70,0x01,0x04,0x19,0x01,0x08,0x12,0x01,0x10,0xD9,0x01,0x80,0x00,
  0x00,0x4A,0x01,0x02,0x06,0x02,0x04,0x02,0x05,0x01,0x01,0x09,0x04,0x02,0x08,0x10,
  0x80,0x5B,0x02,0x02,0x01,0x22,0x01,0x01,0x48,0x01,0x20,0x04,0x01,0x01,0x08,0x01,
  0x20,0x18,0x01,0x30,0x17,0x03,0x20,0x00,0x80,0x12,0x07,0x80,0x80,0xC0,0xC0,0xC0,
  0xC0,0x80,0x03,0x09,0xC0,0xC0,0xC0,0x40,0xC0,0xC0,0xC0,0xC0,0x80,0x04,0x06,0xC0,
  0xC0,0xE0,0xC0,0xE0,0xC0,0x03,0x06,0xC0,0xE0,0xE0,0xE0,0xE0,0x20,0x04,0x17,0xE0,
  0xE0,0xE0,0x00,0x00,0xF0,0xF1,0xA0,0x10,0xF0,0xF0,0xF0,0xB0,0x98,0x10,0x00,0x20,
  0x78,0xF8,0xF8,0xD8,0xB8,0x30,0x11,0x01,0x20,0x03,0x01,0x20,0x10,0x02,0x20,0x80,
  0x04,0x01,0x20,0x11,0x08,0x0E,0x1F,0x1F,0x3F,0x39,0x19,0x18,0x18,0x03,0x37,0x1F,
  0x3F,0x1F,0x16,0x06,0x06,0x0F,0x0F,0x1D,0x18,0x00,0x10,0x1D,0x3F,0x3F,0x0F,0x05,
  0x04,0x07,0x1F,0x1E,0x38,0x00,0x00,0x11,0x33,0x33,0x33,0x3F,0x3E,0x1E,0x08,0x09,
  0x3F,0x3F,0x17,0x03,0x0F,0x1F,0x3F,0x18,0x00,0x0F,0x1F,0x19,0x11,0x11,0x00,0x00,
  0x30,0x30,0x39,0x1F,0x3F,0x1F,0x25,0x01,0x08,0x04,0x03,0x20,0x00,0x01,0x57,0x01,
  0x04,0x0B,0x01,0x80,0x03,0x04,0x10,0x00,0x00,0x01,0x12,0x03,0x40,0x00,0x04,0xDA,
  0x08,0x40,0x00,0x02,0x00,0x00,0x40,0x01,0x04,0x03,0x01,0x08,0x04,0x05,0x04,0x02,
  0x00,0x00,0x02,0x03,0x01,0x02,0x19,0x03,0x40,0x20,0x10,0x00,0x00,0x62,0x01,0x02,
  0x52,0x01,0x80,0x9E,0x01,0x08,0x16,0x01,0x01,0x23,0x01,0x80,0x0C,0x04,0x20,0x00,
  0x00,0x80,0x08,0x01,0x20,0x0A,0x01,0x40,0x04,0x01,0x40,0x07,0x04,0x20,0x00,0x00,
  0x20,0x10,0x01,0x20,0x0D,0x01,0x10,0x06,0x02,0x40,0x80,0x1E,0x01,0x08,0x04,0x07,
  0x20,0x00,0x00,0x08,0x00,0x10,0x02,0x03,0x04,0x02,0x00,0x00,0x10,0x06,0x02,0x20,
  0x01,0x07,0x01,0x04,0x03,0x03,0x08,0x00,0x10,0x04,0x04,0x10,0x00,0x04,0x08,0x04,
  0x03,0x01,0x00,0x20,0x0A,0x01,0x02,0x1C,0x02,0x20,0x01,0x03,0x01,0x08,0x69,0x01,
  0x40,0x08,0x01,0x10,0x08,0x01,0x01,0x04,0x01,0x01,0x06,0x01,0x10,0x66,0x01,0x08,
  0x20,0x01,0x04,0x00,0x00,0xE9,0x01,0x40,0x46,0x01,0x04,0x16,0x01,0x40,0x24,0x01,
  0x10,0x4C,0x06,0x20,0x00,0x00,0x40,0x80,0x01,0x0D,0x02,0x40,0x10,0x05,0x01,0x80,
  0x03,0x01,0x20,0x10,0x01,0x10,0x06,0x01,0xC0,0x17,0x02,0x01,0x01,0x06,0x01,0x08,
  0x08,0x01,0x21,0x03,0x01,0x01,0x0F,0x01,0x02,0x0B,0x01,0x02,0x0E,0x05,0x01,0xC0,
  0x00,0x00,0x80,0x08,0x04,0x02,0x00,0x00,0x40,0x71,0x01,0x40,0x11,0x01,0x40,0x0D,
  0x01,0x10,0x05,0x01,0x80,0x0E,0x01,0x40,0x7E,0x01,0x01,0x4C,0x01,0x80,0x09,0x01,
  0x08,0x0B,0x01,0x10,0x00,0x00,0xFF,0x00,0xB1,0x01,0x20,0x0D,0x01,0x01,0x7C,0x01,
  0x01,0x0B,0x02,0x01,0x40,0xB5,0x01,0x40,0x00,0x00,0xB7,0x01,0x40,0x9D,0x01,0x20,
  0x68,0x01,0x01,0x88,0x02,0x01,0x40,0xB5,0x01,0x40,0x00,0x00,0xB7,0x01,0x40,0xFF,
  0x00,0x07,0x01,0x01,0x03,0x01,0x80,0x84,0x02,0x01,0x40,0x00,0x00,0x62,0x01,0x02,
  0xF2,0x01,0x20,0x18,0x01,0x40,0x39,0x01,0x20,0x2B,0x01,0x20,0x14,0x02,0x40,0x80,
  0x04,0x01,0x40,0x28,0x01,0x01,0x03,0x01,0x01,0x18,0x07,0x80,0xC0,0xE0,0xC0,0xC0,
  0x80,0x80,0x59,0x28,0xC3,0xFF,0xFF,0xF7,0x81,0x01,0x00,0x00,0xFE,0xFF,0xFF,0x0E,
  0x0E,0x1C,0x3C,0x7F,0xFF,0x7F,0x7E,0x30,0x00,0x03,0x03,0x7B,0x7F,0x7F,0x6F,0x03,
  0x03,0x00,0x0F,0x3F,0x7F,0xFF,0xF0,0xC0,0xE0,0xFF,0x7F,0x0E,0x1E,0x01,0x40,0x80,
  0x01,0x08,0x20,0x01,0x01,0x00,0x00,0x62,0x01,0x02,0xFF,0x00,0x46,0x01,0x20,0x2B,
  0x01,0x20,0x14,0x02,0x40,0x80,0x4A,0x01,0x40,0x5F,0x01,0x0C,0x03,0x01,0x02,0x03,
  0x01,0x01,0x05,0x04,0x02,0x00,0x00,0x80,0x05,0x01,0x04,0x0A,0x03,0x01,0x00,0x01,
  0x44,0x01,0x40,0x16,0x03,0x01,0x00,0x01,0x44,0x01,0x08,0x00,0x00,0x62,0x01,0x02,
  0xFF,0x00,0x32,0x01,0x40,0x13,0x01,0x20,0x2B,0x01,0x20,0x14,0x02,0x40,0x80,0xAA,
  0x01,0x20,0x23,0x01,0x01,0x5B,0x01,0x01,0x32,0x01,0x02,0x13,0x01,0x08,0x00,0x00,
  0x62,0x01,0x02,0xFF,0x00,0x46,0x01,0x20,0x2B,0x01,0x20,0x14,0x02,0x40,0x80,0xCE,
  0x01,0x01,0x5B,0x01,0x01,0x46,0x01,0x08,0x00,0x00,0x00,0xF7,0xAA,0x55,0xAA,0x55,
  0xAA,0x55,0xAA,0x55,0xAA,0x55,0xAA,0x55,0xAA,0x55,0xAA,0x55,0xAA,0x55,0xAA,0x55,
  0xAA,0x55,0xAA,0x55,0xAA,0x55,0xAA,0x55,0xAA,0x55,0xAA,0x55,0xAA,0x55,0xAA,0x55,
  0xAA,0x55,0xAA,0x55,0xAA,0x55,0xAA,0x55,0xAA,0x55,0xAA,0x55,0xAA,0x55,0xAA,0x55,
  0xAA,0x55,0xAA,0x55,0xAA,0x55,0xAA,0x55,0xAA,0x55,0xAA,0x55,0xAA,0x55,0xAA,0x55,
  0x2A,0xD5,0x6A,0xB5,0x5A,0xAD,0x54,0xAB,0x55,0xAA,0x55,0xAA,0x5D,0xAA,0x57,0xA8,
  0x54,0xAB,0x54,0xAB,0x55,0xAA,0x55,0xAA,0x55,0xAA,0x55,0xAA,0x55,0xAA,0x57,0x07,
  0x0F,0x7F,0xFF,0xFF,0xFF,0xFF,0xFF,0xFF,0xFF,0xFF,0xFF,0x80,0x00,0xC0,0xC0,0xC0,
  0xE0,0xE0,0xE0,0xE0,0xE0,0xE0,0xE0,0xE0,0xE0,0xF0,0xF0,0xA0,0xAA,0x55,0xAA,0x55,
  0xAA,0x55,0xAA,0x55,0xAA,0x55,0xAA,0x55,0xAA,0x55,0xAA,0x55,0xAA,0x55,0xAA,0x55,
  0xAA,0x55,0xAA,0x55,0xAA,0x55,0xAA,0x55,0xAA,0x55,0xAA,0x55,0xAA,0x55,0xAA,0x55,
  0xAA,0x55,0xAA,0x55,0xAA,0x55,0xAA,0x55,0xAA,0x55,0xAA,0x55,0xAA,0x55,0xAA,0x55,
  0xAA,0xD5,0x2A,0xD5,0x6A,0x95,0x4A,0xB5,0x5A,0xAD,0x52,0xAD,0x56,0xAB,0x55,0xAA,
  0x55,0xAA,0x55,0xAA,0x55,0xAA,0x55,0xAA,0x55,0xAA,0x55,0xAA,0x55,0xAA,0x55,0xAA,
  0x55,0xAA,0x55,0xAA,0x55,0xAA,0x55,0xAA,0x55,0xAA,0x55,0xAA,0x55,0xAA,0x55,0xA8,
  0x40,0x00,0x0F,0x1F,0x3F,0x3F,0x7F,0xFF,0xFF,0xFF,0xFF,0xF0,0xF8,0xF8,0xFC,0xFF,
  0xFF,0xFF,0xFF,0x04,0x6A,0x40,0xF7,0xFF,0xFF,0x0A,0xAA,0x55,0xAA,0x55,0xAA,0x55,
  0xAA,0x55,0xAA,0x55,0xAA,0x55,0xAA,0x55,0xAA,0x55,0xAA,0x55,0xAA,0x55,0xAA,0x55,
  0xAA,0x55,0xAA,0x55,0xAA,0x55,0xAA,0x55,0xAA,0x55,0xAA,0x55,0xAA,0x55,0xAA,0x55,
  0xAA,0x55,0xAA,0x55,0xAA,0x55,0xAA,0x55,0x4A,0xA5,0x56,0xA9,0xD4,0xAA,0x55,0x2A,
  0x95,0x4A,0x85,0x62,0x1D,0xEE,0x35,0xCA,0x75,0x8A,0x45,0xAA,0x55,0xAA,0x55,0xAA,
  0x55,0x9A,0xA9,0x54,0xAB,0x55,0xAA,0x55,0xAA,0x54,0xAB,0x54,0xA9,0x52,0xAD,0x9A,
  0x55,0xAA,0x55,0xAA,0x55,0xAA,0x55,0xAA,0x55,0xAA,0x55,0xAA,0x55,0xAA,0x55,0x07,
  0x0A,0x0F,0x1F,0x3F,0x63,0x01,0x0D,0x7F,0xFF,0xFF,0x8F,0x04,0x70,0x08,0xC6,0xEB,
  0xFF,0xFF,0xA0,0xAA,0x55,0x2A,0xD5,0x6A,0x95,0x6A,0x95,0x2A,0x55,0xAA,0x55,0x6A,
  0x95,0x6A,0x95,0x6A,0x95,0x6A,0x95,0x6A,0x55,0xAA,0x55,0xAA,0x95,0x6A,0xB5,0x4A,
  0xB5,0x6A,0xD5,0xAA,0x55,0x6A,0xB5,0x4A,0xB5,0x4A,0x75,0x8A,0x55,0xAA,0x55,0x4A,
  0xB5,0x4B,0x54,0x8B,0xA5,0x5B,0xB4,0xBB,0xA5,0x5A,0xA5,0x5A,0xED,0xBA,0x54,0xCB,
  0xAC,0x52,0xAC,0x53,0xEC,0x1B,0x74,0x2A,0xA5,0x55,0xAA,0x54,0xA9,0x4A,0x95,0x6A,
  0x55,0xAA,0x55,0xAA,0x55,0xAA,0x55,0x52,0xAA,0x55,0x6A,0xB5,0x6A,0x95,0x6A,0xA5,
  0x4A,0xB5,0x4A,0xB5,0x5A,0x85,0x6A,0x91,0xC0,0xE0,0xE0,0xE0,0xE0,0x05,0x07,0x40,
  0xF0,0xF0,0xFF,0xFF,0xFF,0xF3,0x05,0x6F,0x36,0xFF,0xFF,0xFF,0xAA,0xAA,0x5B,0xB5,
  0x4A,0x95,0x6C,0xB3,0x4C,0xB3,0x5D,0xAA,0x55,0xB5,0x6A,0x95,0x4B,0xAC,0x5B,0xA5,
  0x4A,0xB5,0x4D,0xAA,0x45,0x95,0x6A,0x95,0x4A,0xAF,0x51,0xAD,0x4A,0xB4,0x6D,0x8A,
  0x54,0xBB,0x66,0x99,0x66,0x95,0x6B,0xB4,0x59,0xA1,0xEA,0x95,0x4A,0xA9,0x4A,0xB5,
  0x6A,0xB2,0x95,0x75,0xAA,0x75,0x8C,0x3B,0xD4,0xAA,0x65,0x9B,0x6C,0x95,0x6A,0xB5,
  0x2B,0x55,0x2A,0x69,0x54,0x95,0x2A,0x55,0x56,0xAA,0xD5,0xAA,0xD5,0xAA,0xD5,0xEA,
  0xF5,0xEB,0xF2,0xE5,0xE9,0x12,0x25,0xEA,0xD5,0xAA,0xD5,0xAA,0xD5,0xEA,0xD5,0xEA,
  0xD5,0xEA,0xFF,0xFF,0xFF,0xBF,0x81,0x04,0x2F,0xFE,0xFE,0xC6,0xF2,0xFF,0xFF,0xFF,
  0xF8,0xE0,0xE0,0xE0,0xE0,0x60,0x72,0x7F,0x7F,0x7F,0x0A,0xFF,0xFF,0xFF,0xFF,0xFF,
  0xFF,0xFF,0xFF,0xFF,0xFF,0xFF,0xFF,0xFF,0xFF,0xFF,0xFF,0xFF,0xFF,0xFF,0xFF,0xFF,
  0x10,0x00,0x00,0x08,0x7C,0xFE,0xFF,0xFF,0x03,0xFF,0xF1,0xF1,0xE3,0xC1,0x80,0x00,
  0x00,0x81,0xCF,0xFF,0xFC,0xFC,0x80,0x80,0x80,0x90,0xFC,0xFC,0xFF,0x58,0x94,0x28,
  0x54,0xA6,0x6B,0xB6,0x54,0x28,0xA5,0x57,0xAB,0x57,0xAB,0x57,0xAB,0x57,0xAA,0x56,
  0xA8,0x52,0xB4,0x6A,0x54,0xAA,0x55,0xAF,0x4B,0x97,0x6B,0x97,0x69,0xB7,0xCB,0x37,
  0xCB,0x35,0x9A,0x6A,0x94,0x25,0xD3,0x6D,0x97,0x49,0xB7,0x5B,0xAD,0x53,0xAC,0x52,
  0xAD,0x5B,0xA4,0x5B,0xB7,0x4E,0x80,0xC0,0x80,0x83,0x4C,0xF0,0xF0,0xF0,0xE0,0xE0,
  0xE0,0xE0,0xE0,0xC0,0xC0,0xC0,0xC0,0xC0,0x80,0x00,0xFF,0xFF,0xFF,0xFF,0xFF,0xFF,
  0xFF,0xFF,0xFF,0xFF,0xFF,0xFF,0xFF,0xFF,0xFF,0xFF,0xFF,0xFF,0xFF,0xFF,0xFF,0xFE,
  0xFF,0xFE,0xFF,0xFF,0xFF,0xFF,0xFF,0xFF,0xFF,0xFF,0xFF,0xFF,0xFF,0xFF,0xFF,0xFF,
  0xFF,0xFF,0xFF,0xFF,0xFF,0xFF,0xFF,0xFF,0xFF,0xFF,0xFF,0xFF,0xFF,0x55,0xAA,0x55,
  0xAA,0x55,0xAA,0x55,0xAA,0x55,0xAA,0x55,0xAA,0x55,0xAA,0x55,0xAA,0x55,0xAA,0x55,
  0xAA,0xA9,0x56,0xA9,0x54,0xAA,0x55,0xAA,0x55,0xA9,0x56,0xA9,0xD2,0x2D,0x50,0xAB,
  0x54,0xA9,0x56,0xA9,0x52,0x2D,0x5A,0xA5,0x4A,0xB5,0x6A,0xD5,0xAA,0x55,0xAA,0x55,
  0xAA,0x55,0xAA,0x55,0xAA,0x55,0xFA,0xFF,0xFF,0x9F,0x01,0x00,0x00,0x01,0x01,0x01,
  0x03,0x03,0x03,0x07,0x07,0x07,0x07,0x07,0x02,0x00,0xFF,0xFF,0xFF,0xFF,0xFF,0xFF,
  0xFF,0xFF,0xFF,0xFF,0xFF,0xFF,0xFF,0xFF,0xFF,0xFF,0xFF,0xFF,0xFF,0xFF,0xFF,0xFF,
  0xFF,0xFF,0xFF,0xFF,0xFF,0xFF,0xFF,0xFF,0xFF,0x00,0x51,0xFF,0xFF,0xFF,0xFF,0xFF,
  0xFF,0xFF,0xFF,0xFF,0xFF,0xFF,0xFF,0xFF,0xFF,0xFF,0xFF,0xFF,0xFF,0xFF,0xFF,0x5D,
  0xBE,0x5D,0xBE,0x5D,0xBE,0x5D,0xFE,0xFD,0xFE,0xFD,0xFE,0x0D,0x0E,0x0D,0x0E,0x0D,
  0x8E,0xE7,0xE6,0xEE,0x71,0x70,0x61,0x80,0xC5,0xC7,0x41,0x00,0xC0,0xC7,0xFF,0xDF,
  0xD6,0xE4,0xE8,0xE8,0xA3,0x23,0x27,0x23,0x23,0x02,0x02,0x20,0xA0,0xF0,0xFC,0xF6,
  0xEF,0xFF,0xFE,0xFF,0xFE,0xFF,0xFE,0xFF,0xFF,0xFF,0xFF,0x43,0x0C,0x03,0x80,0xC0,
  0xE0,0x00,0x00,0x62,0x01,0x04,0x0C,0x05,0x06,0x88,0x00,0x00,0x20,0x08,0x01,0x10,
  0x67,0x01,0x40,0x0A,0x04,0x03,0x00,0x04,0x01,0x09,0x01,0x08,0x67,0x01,0x05,0x0A,
  0x07,0x02,0x00,0x5E,0x80,0x00,0x00,0x90,0x05,0x02,0x02,0x14,0x67,0x01,0x04,0x0B,
  0x02,0x01,0x04,0x03,0x01,0x8C,0x04,0x02,0x01,0x30,0x19,0x01,0x80,0x13,0x01,0x80,
  0x03,0x01,0x80,0x09,0x01,0x80,0x07,0x03,0x80,0x00,0x80,0x06,0x01,0x40,0x07,0x01,
  0x40,0x03,0x07,0x40,0x20,0x40,0x00,0x40,0x00,0x40,0x15,0x02,0x2F,0x18,0x03,0x01,
  0x13,0x04,0x03,0x88,0x94,0x80,0x05,0x05,0x50,0xA8,0x50,0xA8,0x50,0x2B,0x01,0x54,
  0x14,0x05,0x02,0x00,0x02,0x00,0x02,0x1A,0x07,0x01,0x00,0x01,0x00,0x01,0x00,0x40,
  0x03,0x01,0xCC,0x7B,0x05,0x05,0x00,0x00,0x20,0x01,0x42,0x01,0xA2,0x10,0x0E,0x40,
  0x08,0x08,0x10,0x08,0x00,0x00,0x08,0x08,0x00,0x01,0x80,0x00,0x08,0x03,0x04,0x10,
  0x00,0x08,0x40,0x05,0x05,0x20,0x00,0x80,0x08,0x08,0x04,0x05,0x02,0x00,0x02,0x00,
  0x02,0x03,0x01,0x44,0x00,0x00,0x00,0x63,0x55,0xAA,0x55,0xAA,0x55,0xAA,0x55,0xAA,
  0x55,0xAA,0x55,0xAA,0x55,0xAA,0x55,0xAA,0x55,0xAA,0x55,0xAA,0x55,0xAA,0x55,0xAA,
  0x55,0xAA,0x55,0xAA,0x55,0xAA,0x55,0xAA,0x55,0xAA,0x55,0xAA,0x55,0xAA,0x55,0xAA,
  0x55,0xAA,0x55,0xAA,0x55,0xAA,0x55,0xAA,0x55,0xAA,0x55,0xAA,0x55,0xAA,0x55,0xAA,
  0x55,0xAA,0x55,0xAA,0x55,0xAA,0x55,0xAA,0x55,0xAA,0x55,0xAA,0x55,0xAA,0x55,0xAA,
  0x55,0xAA,0x55,0xAA,0x55,0xAA,0x55,0xAA,0x55,0xAA,0x55,0xAA,0x55,0xAA,0x55,0xAA,
  0x55,0xAA,0x55,0xAA,0x55,0xAA,0x55,0xAA,0x55,0xAA,0x50,0x0C,0x75,0x79,0x77,0x3F,
  0x3F,0x1F,0x1F,0x1F,0x1F,0x1F,0x1F,0x1F,0x1F,0x1F,0x0F,0x0F,0x0F,0x0A,0x55,0xAA,
  0x55,0xAA,0x55,0xAA,0x55,0xAA,0x55,0xAA,0x55,0xAA,0x55,0xAA,0x55,0xAA,0x55,0xAA,
  0x55,0xAA,0x55,0xAA,0x55,0xAA,0x55,0xAA,0x55,0xAA,0x55,0xAA,0x55,0xAA,0x55,0xAA,
  0x55,0xAA,0x55,0xAA,0x55,0xAA,0x55,0xAA,0x55,0xAA,0x55,0xAA,0x55,0xAA,0x55,0xAA,
  0x55,0xAA,0x55,0xAA,0x55,0xAA,0x55,0xAA,0x55,0xAA,0x55,0xAA,0x55,0xAA,0x55,0xAA,
  0x55,0xAA,0x55,0xAA,0x55,0xAA,0x55,0xAA,0x55,0xAA,0x55,0xAA,0x55,0xAA,0x55,0xAA,
  0x55,0xAA,0x55,0xAA,0x55,0xAA,0x55,0xAA,0x55,0xAA,0x55,0xAA,0x55,0xAA,0x55,0xAA,
  0x55,0xA8,0x0B,0x04,0x0C,0x07,0x03,0x02,0x04,0x05,0xFF,0xFF,0xFF,0xFF,0xBF,0x04,
  0x65,0x55,0xAA,0x55,0xAA,0x55,0xAA,0x55,0xAA,0x55,0xAA,0x55,0xAA,0x55,0xAA,0x55,
  0xAA,0x55,0xAA,0x55,0xAA,0x55,0xAA,0x55,0xAA,0x55,0xAA,0x55,0xAA,0x55,0xAA,0x55,
  0xAA,0x55,0xAA,0x55,0xAA,0x55,0xAA,0x55,0xAA,0x55,0xAA,0x55,0xAA,0x55,0xAA,0x55,
  0xAA,0x55,0xAA,0x55,0xAA,0x55,0xAA,0x55,0xAA,0x55,0xAA,0x55,0xAA,0x55,0xAA,0x55,
  0xAA,0x55,0xAA,0x55,0xAA,0x55,0xAA,0x55,0xAA,0x55,0xAA,0x55,0xAA,0x55,0xAA,0x55,
  0xAA,0x55,0xAA,0x55,0xAA,0x55,0xAA,0x55,0xAA,0x55,0xAA,0x55,0xAA,0x55,0xAA,0x55,
  0xAA,0x55,0xAA,0x55,0xAA,0x50,0x0A,0x03,0x1E,0xFE,0xAC,0x03,0x07,0xE0,0xFF,0xFF,
  0xFF,0xFF,0xF7,0x3B,0x04,0x65,0x55,0xAA,0x55,0xAA,0x55,0xAA,0x55,0xAA,0x55,0xAA,
  0x55,0xAA,0x55,0xAA,0x55,0xAA,0x55,0xAA,0x55,0xAA,0x55,0xAA,0x55,0xAA,0x55,0xAA,
  0x55,0xAA,0x55,0xAA,0x55,0xAA,0x55,0xAA,0x55,0xAA,0x55,0xAA,0x55,0xAA,0x55,0xAA,
  0x55,0xAA,0x55,0xAA,0x55,0xAA,0x55,0xAA,0x55,0xAA,0x55,0xAA,0x55,0xAA,0x55,0xAA,
  0x55,0xAA,0x55,0xAA,0x55,0xAA,0x55,0xAA,0x55,0xAA,0x55,0xAA,0x55,0xAA,0x55,0xAA,
  0x55,0xAA,0x55,0xAA,0x55,0xAA,0x55,0xAA,0x55,0xAA,0x55,0xAA,0x55,0xAA,0x55,0xAA,
  0x55,0xAA,0x55,0xAA,0x55,0xAA,0x55,0xAA,0x55,0xAA,0x55,0x0B,0x02,0x0E,0x0B,0x03,
  0x07,0x80,0xFF,0xFF,0xFF,0xFF,0xFE,0xF9,0x04,0x65,0x55,0xAA,0x55,0xAA,0x55,0xAA,
  0x55,0xAA,0x55,0xAA,0x55,0xAA,0x55,0xAA,0x55,0xAA,0x55,0xAA,0x55,0xAA,0x55,0x2A,
  0x55,0xAA,0x55,0xAA,0x55,0xAA,0x55,0xAA,0x55,0xAA,0x55,0xAA,0x55,0xAA,0x55,0xAA,
  0x55,0xAA,0x55,0x2A,0x55,0xAA,0x55,0xAA,0x55,0xAA,0x55,0xAA,0x55,0xAA,0x55,0xAA,
  0x55,0x2A,0x55,0xAA,0x55,0xAA,0x55,0xAA,0x55,0x2A,0x55,0x2A,0x55,0x2A,0x55,0x2A,
  0x55,0x2A,0x55,0x2A,0x55,0x2A,0x55,0x2A,0x55,0x2A,0x15,0x2A,0x15,0x0A,0x55,0x2A,
  0x55,0x2A,0x55,0x2A,0x55,0x2A,0x55,0x2A,0x55,0x2A,0x15,0x2A,0x15,0x2A,0x15,0x0B,
  0x02,0x16,0x15,0x03,0x12,0x14,0x1F,0x1F,0x1F,0x1F,0x17,0x19,0x00,0x80,0x80,0xA0,
  0x00,0x00,0x50,0xA8,0x50,0xA8,0x50,0x2B,0x3A,0x54,0xA8,0x54,0xA8,0x54,0xA8,0x54,
  0xA8,0x54,0xA8,0x54,0xA8,0x54,0xA8,0x54,0xA8,0x54,0xA8,0x54,0xA8,0x54,0xA8,0x54,
  0xA8,0x54,0xA8,0x54,0xA8,0x54,0xA8,0x54,0xA8,0x54,0xA8,0x54,0xA8,0x54,0xAA,0x54,
  0xAA,0x54,0xAA,0x54,0xAA,0x54,0xAA,0x54,0xAA,0x54,0xAA,0x54,0xAA,0x54,0xAA,0x54,
  0xAA,0x54,0xAA,0x04,0x10,0x8F,0xFF,0xFF,0xFF,0xFF,0xFF,0xFF,0xFF,0xFF,0xFF,0xFF,
  0xFF,0xFF,0xFF,0xFF,0x0A,0x33,0x39,0xAA,0x55,0xAA,0x55,0xAA,0x55,0xAA,0x55,0xAA,
  0x55,0xAA,0x55,0xAA,0x55,0xAA,0x55,0xAA,0x55,0xAA,0x55,0xAA,0x55,0xAA,0x55,0xAA,
  0x55,0xAA,0x55,0xAA,0x55,0xAA,0x55,0xAA,0x55,0xAA,0x55,0xAA,0x55,0xAA,0x55,0xAA,
  0x55,0xAA,0x55,0xAA,0x55,0xAA,0x55,0xAA,0x55,0xAA,0x55,0xAA,0x55,0xAA,0x55,0xAA,
  0x03,0x11,0x40,0xFF,0xFF,0xFF,0xFF,0xFF,0xFF,0xFF,0xFF,0xFF,0xFF,0xFF,0xFF,0xFF,
  0xFF,0xFF,0x01,0x34,0x38,0x41,0xA2,0x41,0xA2,0x41,0xA2,0x01,0x02,0x01,0x02,0x01,
  0xF2,0xF1,0xF2,0xF1,0xF2,0x31,0x10,0x11,0x00,0x81,0x80,0x81,0x88,0xC9,0xC8,0xC0,
  0x00,0x00,0x08,0x18,0x38,0x38,0x18,0x08,0x00,0x00,0xC0,0xC0,0xC0,0xC0,0xE0,0xC0,
  0xC0,0xC0,0x08,0x08,0x08,0x10,0x00,0x01,0x02,0x01,0x02,0x01,0x02,0x03,0x10,0xF8,
  0xFF,0xFF,0xFF,0xFF,0xFF,0xFF,0xFF,0xFF,0xFF,0xFF,0xFF,0xFF,0xFF,0xFF,0xFF,0x00,
  0x00,0x00,0x00,0x00,0x00,0x00,0x00,0x00,0x00,0x00,0x00,0x00,0x00,0x00,0xFF,0xFF,
  0xFF,0xFF,0xFF,0xFF,0xFF,0xFF,0xFF,0xFF,0xFF,0xFF,0xFF,0xFF,0xFF,0xFF,0xFF,0xFF,
  0xFF,0xFF,0xFF,0xFF,0xFF,0xFF,0xFF,0xFF,0xFF,0xFF,0xFF,0xFF,0xFF,0xFF,0xFF,0xFF,
  0xFF,0xFF,0xFF,0xFF,0xFF,0xFF,0xFF,0xFF,0xFF,0xFF,0xFF,0xFF,0xFF,0xFF,0xFF,0xFF,
  0xFF,0xFF,0xFF,0xFF,0xFF,0xFF,0xFF,0xFF,0xFF,0xFF,0xFF,0xFF,0xFF,0xFF,0xFF,0xFF,
  0xFF,0xFF,0xFF,0xFF,0xFF,0xFF,0xFF,0xFF,0xFF,0xFF,0xFF,0xFF,0xFF,0xFF,0xFF,0xFF,
  0xFF,0xFF,0xFF,0xFF,0xFF,0xFF,0xFF,0xFF,0xFF,0xFF,0xFF,0xFF,0xFF,0xFF,0xFF,0xFF,
  0xFF,0xFF,0xFF,0xFF,0xFF,0xFF,0xFF,0xFF,0xFF,0xFF,0xFF,0xFF,0xFF,0xFF,0xFF,0xFF,
  0xFF,0xFF,0xFF,0xFF,0xFF,0xFF,0xFF,0xFF,0xFF,0xFF,0xFF,0xFF,0xFF,0xFF,0xFF,0xFF,
  0xFF,0xFF,0xFF,0xFF,0xFF,0xFF,0xFF,0xFF,0xFF,0xFF,0xFF,0xFF,0xFF,0xFF,0xFF,0xFF,
  0xFF,0xFF,0xFF,0xFF,0xFF,0xFF,0xFF,0xFF,0xFF,0xFF,0xFF,0xFF,0xFF,0xFF,0xFF,0xFF,
  0xFF,0xFF,0xFF,0xFF,0xFF,0xFF,0xFF,0xFF,0xFF,0xFF,0xFF,0xFF,0xFF,0xFF,0xFF,0xFF,
  0xFF,0xFF,0xFF,0xFF,0xFF,0xFF,0xFF,0xFF,0xFF,0xFF,0xFF,0xFF,0xFF,0xFF,0xFF,0xFF,
  0xFF,0xFF,0xFF,0xFF,0xFF,0xFF,0xFF,0xFF,0xFF,0xFF,0xFF,0xFF,0xFF,0xFF,0xFF,0xFF,
  0xFF,0xFF,0xFF,0xFF,0xFF,0xFF,0xFF,0xFF,0xFF,0xFF,0xFF,0xFF,0xFF,0xFF,0xFF,0xFF,
  0xFF,0xFF,0xFF,0xFF,0xFF,0xFF,0xFF,0xFF,0xFF,0xFF,0xFF,0xFF,0xFF,0xFF,0xFF,0xFF,
  0xFF,0xFF,0xFF,0xFF,0xFF,0xFF,0xFF,0xFF,0xFF,0xFF,0xFF,0xFF,0xFF,0xFF,0x00,0xFF,
  0xFF,0xFF,0xFF,0xFF,0xFF,0xFF,0xFF,0xFF,0xFF,0xFF,0xFF,0xFF,0xFF,0xFF,0xFF,0xFF,
  0xFF,0xFF,0xFF,0xFF,0xFF,0xFF,0xFF,0xFF,0xFF,0xFF,0xFF,0xFF,0xFF,0xFF,0xFF,0xFF,
  0xFF,0xFF,0xFF,0xFF,0xFF,0xFF,0xFF,0xFF,0xFF,0xFF,0xFF,0xFF,0xFF,0xFF,0xFF,0xFF,
  0xFF,0xFF,0xFF,0xFF,0xFF,0xFF,0xFF,0xFF,0xFF,0xFF,0xFF,0xFF,0xFF,0xFF,0xFF,0xFF,
  0xFF,0xFF,0xFF,0xFF,0xFF,0xFF,0xFF,0xFF,0xFF,0xFF,0xFF,0xFF,0xFF,0xFF,0xFF,0xFF,
  0xFF,0xFF,0xFF,0xFF,0xFF,0xFF,0xFF,0xFF,0xFF,0xFF,0xFF,0xFF,0xFF,0xFF,0xFF,0xFF,
  0xFF,0xFF,0xFF,0xFF,0xFF,0xFF,0xFF,0xFF,0xFF,0xFF,0xFF,0xFF,0xFF,0xFF,0xFF,0xFF,
  0xFF,0xFF,0xFF,0xFF,0xFF,0xFF,0xFF,0xFF,0xFF,0xFF,0xFF,0xFF,0xFF,0xFF,0xFF,0xFF,
  0xFF,0xFF,0xFF,0xFF,0xFF,0xFF,0xFF,0xFF,0xFF,0xFF,0xFF,0xFF,0xFF,0xFF,0xFF,0xFF,
  0xFF,0xFF,0xFF,0xFF,0xFF,0xFF,0xFF,0xFF,0xFF,0xFF,0xFF,0xFF,0xFF,0xFF,0xFF,0xFF,
  0xFF,0xFF,0xFF,0xFF,0xFF,0xFF,0xFF,0xFF,0xFF,0xFF,0xFF,0xFF,0xFF,0xFF,0xFF,0xFF,
  0xFF,0xFF,0xFF,0xFF,0xFF,0xFF,0xFF,0xFF,0xFF,0xFF,0xFF,0xFF,0xFF,0xFF,0xFF,0xFF,
  0xFF,0xFF,0xFF,0xFF,0xFF,0xFF,0xFF,0xFF,0xFF,0xFF,0xFF,0xFF,0xFF,0xFF,0xFF,0xFF,
  0xFF,0xFF,0xFF,0xFF,0xFF,0xFF,0xFF,0xFF,0xFF,0xFF,0xFF,0xFF,0xFF,0xFF,0xFF,0xFF,
  0xFF,0xFF,0xFF,0xFF,0xFF,0xFF,0xFF,0xFF,0xFF,0xFF,0xFF,0xFF,0xFF,0xFF,0xFF,0xFF,
  0xFF,0xFF,0xFF,0xFF,0xFF,0xFF,0xFF,0xFF,0xFF,0xFF,0xFF,0xFF,0xFF,0xFF,0xFF,0x00,
  0xA2,0xFF,0xFF,0xFF,0xFF,0xFF,0xFF,0xFF,0xFF,0xFF,0xFF,0xFF,0xFF,0xFF,0xFF,0xFF,
  0xFF,0xFF,0xFF,0xFF,0xFF,0xFF,0xFF,0xFF,0xFF,0xFF,0xFF,0xFF,0xFF,0xFF,0xFF,0xFF,
  0xFF,0x7F,0x0F,0x0F,0x07,0x07,0x07,0x07,0x07,0x07,0x0F,0x0F,0x0F,0x1F,0xFF,0xFF,
  0xFF,0xFF,0xFF,0xFF,0xFF,0xFF,0xFF,0xFF,0xFF,0xFF,0xFF,0xFF,0xFF,0xFF,0xFF,0xFF,
  0xFF,0xFF,0xFF,0xFF,0xFF,0xFF,0xFF,0xFF,0xFF,0xFF,0xFF,0xFF,0xFF,0xFF,0xFF,0xFF,
  0xFF,0xFF,0xFF,0xFF,0xFF,0xFF,0xFF,0xFF,0xFF,0xFF,0xFF,0xFF,0xFF,0xFF,0xFF,0xFF,
  0xFF,0xFF,0xFF,0xFF,0xFF,0xFF,0xFF,0xFF,0xFF,0xFF,0xFF,0xFF,0xFF,0xFF,0xFF,0xFF,
  0xFF,0xFF,0xFF,0xFF,0xFF,0xFF,0xFF,0xFF,0xFF,0xFF,0xFF,0xFF,0xFF,0xFF,0xFF,0xFF,
  0xFF,0xFF,0xFF,0xFF,0xFF,0xFF,0xFF,0xFF,0xFF,0xFF,0xFF,0xFF,0xFF,0xFF,0xFF,0xFF,
  0xFF,0xFF,0xFF,0xFF,0xFF,0xFF,0xFF,0xFF,0xFF,0xFF,0xFF,0x7F,0x3F,0x1F,0x0F,0x07,
  0x07,0x02,0x02,0x0A,0x6D,0x06,0x0F,0x1F,0x3F,0xFF,0xFF,0xFF,0xFF,0xFF,0xFF,0xFF,
  0xFF,0xFF,0xFF,0xFF,0xFF,0xFF,0xFF,0xFF,0xFF,0xFF,0xFF,0xFF,0xFF,0xFF,0xFF,0xFF,
  0xFF,0xFF,0xFF,0xFF,0xFF,0xFF,0xFF,0xFF,0xFF,0xFF,0xFF,0xFF,0xFF,0xFF,0xFF,0xFF,
  0xFF,0xFF,0xFF,0xFF,0xFF,0xFF,0xFF,0xFF,0xFF,0xFF,0xFF,0xFF,0xFF,0xFF,0xFF,0xFF,
  0xFF,0xFF,0xFF,0xFF,0xFF,0xFF,0xFF,0xFF,0xFF,0xFF,0xFF,0xFF,0xFF,0xFF,0xFF,0xFF,
  0xFF,0xFF,0xFF,0xFF,0xFF,0xFF,0xFF,0xFF,0xFF,0xFF,0xFF,0xFF,0xFF,0xFF,0xFF,0xFF,
  0xFF,0xFF,0xFF,0xFF,0xFF,0xFF,0xFF,0xFF,0xFF,0xFF,0xFF,0xFF,0xFF,0xFF,0xFF,0xFF,
  0xFF,0xFF,0x17,0x6B,0x01,0x0F,0x7F,0xFF,0xFF,0xFF,0xFF,0xFF,0xFF,0xFF,0xFF,0xFF,
  0xFF,0xFF,0xFF,0xFF,0xFF,0xFF,0xFF,0xFF,0xFF,0xFF,0xFF,0xFF,0xFF,0xFF,0xFF,0xFF,
  0xFF,0xFF,0xFF,0xFF,0xFF,0xFF,0xFF,0xFF,0xFF,0xFF,0xFF,0xFF,0xFF,0xFF,0xFF,0xFF,
  0xFF,0xFF,0xFF,0xFF,0xFF,0xFF,0xFF,0xFF,0xFF,0xFF,0xFF,0xFF,0xFF,0xFF,0xFF,0xFF,
  0xFF,0xFF,0xFF,0xFF,0xFF,0xFF,0xFF,0xFF,0xFF,0xFF,0xFF,0xFF,0xFF,0xFF,0xFF,0xFF,
  0xFF,0xFF,0xFF,0xFF,0xFF,0xFF,0xFF,0xFF,0xFF,0xFF,0xFF,0xFF,0xFF,0xFF,0xFF,0xFF,
  0xFF,0xFF,0xFF,0xFF,0xFF,0xFF,0xFF,0xFF,0xFF,0xFF,0xFF,0xFF,0xFF,0xFC,0x10,0x17,
  0x50,0x03,0xFF,0xFF,0xFF,0xFF,0xFF,0xFF,0xFF,0xFF,0xFF,0xFF,0xFF,0xFF,0xFF,0xFF,
  0xFF,0xFF,0xFF,0xFF,0xFF,0xFF,0xFF,0xFF,0xFF,0xFF,0xFF,0xFF,0xFF,0xFF,0xFF,0xFF,
  0xFF,0xFF,0xFF,0xFF,0xFF,0xFF,0xFF,0xFF,0xFF,0xFF,0xFF,0xFF,0xFF,0xFF,0xFF,0xFF,
  0xFF,0xFF,0xFF,0xFF,0xFF,0xFF,0xFF,0xFF,0xFF,0xFF,0xFF,0xFF,0xFF,0xFF,0xFF,0xFF,
  0xFF,0xFF,0xFF,0xFF,0xFF,0xFF,0xFF,0xFF,0xFF,0xFF,0xFF,0xFF,0xFF,0xFF,0xFF,0xFF,
  0xFF,0x00,0x00,0x00,0x00,0xFF,0x00,0xFF,0x00,0xAB,0x01,0x04,0x00,0x00,0x00,0x00,
  0x00,0x00,0xFF,0x00,0x8C,0x0E,0x80,0xC0,0xE0,0xE0,0xF0,0xF0,0xF0,0xF0,0xF8,0xF8,
  0xF8,0xF0,0xE0,0xC0,0x32,0x05,0x80,0x80,0x80,0x80,0x80,0x34,0x18,0x80,0xC0,0xE0,
  0xF0,0xF8,0xFC,0xFC,0xFD,0xFF,0xFF,0xFF,0xFF,0xFF,0xFF,0xFF,0xFF,0xFF,0xFF,0xFB,
  0xF9,0xF8,0xF0,0xE0,0xC0,0x2A,0x0E,0x18,0xFE,0xFE,0xFF,0xFF,0xFF,0xFF,0xFF,0xFF,
  0xFF,0xFF,0xD2,0xC0,0x80,0x2F,0x0D,0x80,0xFF,0xFF,0xFF,0xFF,0xFF,0xFF,0xFF,0xFF,
  0xFF,0x43,0x03,0x01,0x05,0x08,0x01,0x03,0x07,0x7F,0x3F,0x1F,0x0F,0x07,0x26,0x16,
  0xF0,0xFE,0xFF,0xFF,0x0F,0x0F,0x07,0x07,0x03,0x03,0x03,0x03,0x07,0x07,0x0F,0xFF,
  0xFF,0xFF,0xFF,0xFC,0xF0,0xE0,0x2A,0x08,0x27,0xFF,0xFF,0xFF,0x7F,0x0F,0x07,0x01,
  0x38,0x04,0x0F,0x07,0x03,0x03,0x0B,0x08,0x01,0x03,0x07,0x0F,0x1F,0xFF,0xFF,0x08,
  0x2A,0x05,0x3F,0x3F,0x7F,0xFE,0x10,0x4D,0x04,0x70,0xFF,0xBF,0x18,0x00,0x00,0xFF,
  0x00,0x92,0x02,0x08,0x08,0x73,0x01,0x10,0x0F,0x01,0x04,0x2F,0x01,0x80,0x0A,0x01,
  0x0C,0x31,0x01,0x7D,0x09,0x04,0x84,0x00,0x00,0x01,0x06,0x01,0x20,0x2F,0x01,0x10,
  0x0E,0x02,0x02,0x08,0x2B,0x01,0x40,0x41,0x01,0x04,0x0C,0x01,0x02,0x06,0x01,0x34,
  0x29,0x01,0x09,0x03,0x02,0x01,0x84,0x4D,0x04,0x04,0x00,0x40,0x16,0x00,0x00,0xFF,
  0x00,0x45,0x05,0x80,0x00,0xC0,0x40,0x80,0x76,0x0E,0x20,0xF0,0x56,0xAA,0x55,0xAA,
  0x55,0xAA,0x55,0xAA,0x55,0xAA,0x70,0x70,0x15,0x0C,0x78,0x50,0xA8,0x54,0xAA,0x54,
  0xAA,0x54,0xAA,0x56,0x28,0x30,0x51,0x0A,0x08,0x0F,0x15,0x2A,0x75,0xEA,0xF5,0x72,
  0x01,0x01,0x08,0x02,0x20,0x0C,0x08,0x1A,0xC0,0xE0,0xF0,0xF8,0x38,0x3C,0x1C,0x1E,
  0x1E,0x1F,0x15,0x1A,0x15,0x1A,0x15,0x1A,0x35,0xAB,0x56,0xAA,0x56,0xA8,0x58,0xB0,
  0x60,0xC0,0x4E,0x01,0x0C,0x05,0x01,0x08,0x10,0x05,0x1C,0x7F,0x7F,0x71,0x20,0x0C,
  0x0C,0x20,0x39,0x15,0x2A,0x55,0xAA,0x55,0xAA,0x55,0xAA,0xC0,0xC0,0x59,0x0D,0x40,
  0xF8,0xF8,0xFC,0xF8,0xF0,0xE0,0x00,0x00,0xC0,0xFC,0x78,0x20,0x14,0x06,0x01,0x0A,
  0x1F,0x1E,0x0F,0x01,0x57,0x12,0xE0,0xF0,0xF0,0xF8,0xFF,0xFF,0xFF,0xFF,0x8B,0x00,
  0x00,0xF1,0xFD,0xFC,0xF0,0xF0,0xE0,0xC0,0x00,0x00,0x6E,0x07,0x0C,0x1C,0x78,0xF0,
  0xF0,0xC0,0x80,0x0B,0x1B,0x80,0x80,0x80,0x80,0x80,0x80,0xC0,0xC0,0xC0,0xC0,0xC0,
  0xE0,0xE0,0xE0,0xE0,0xE0,0xE0,0xE0,0xE0,0xE0,0xC0,0xC0,0xC0,0x80,0x80,0x80,0x80,
  0x51,0x47,0x80,0xC0,0xC0,0xE0,0xE0,0xE0,0xF3,0xFF,0xFF,0xFF,0xFE,0xF8,0xF8,0x9C,
  0x8C,0xCC,0xEC,0xCC,0xD0,0xE0,0xFF,0xFF,0xFF,0xFF,0xFF,0xFF,0xFF,0xFF,0xFF,0xFF,
  0xFF,0xFF,0xFF,0xFF,0xFF,0xFF,0xFF,0xFF,0xFF,0xFF,0xFF,0xFF,0xFF,0xFF,0xFF,0xFF,
  0xFF,0xFF,0xFF,0xFF,0xFF,0xFF,0xFE,0xFC,0xFC,0xFC,0xFC,0xFC,0xFC,0xFC,0xFC,0xFE,
  0xDE,0x9E,0x8C,0x0C,0x04,0x80,0x80,0x80,0x80,0x11,0xFF,0x80,0x00,0xC0,0x40,0x80,
  0x00,0x00,0x80,0x80,0xC0,0xC0,0x80,0xC0,0xC0,0xC0,0xE0,0xE0,0xE0,0xF0,0xF0,0xF0,
  0xF0,0xF0,0xF0,0xF0,0xF0,0xF0,0xF0,0xF0,0xE0,0xE0,0xE0,0xF0,0xF0,0xB0,0x00,0x70,
  0xFC,0xFE,0xFF,0xFF,0xFF,0xFF,0xFF,0xFF,0xFF,0xFF,0xFF,0xFF,0xFF,0xFF,0xFF,0xFF,
  0xFF,0xFF,0xFF,0xFF,0xFF,0xFF,0xFF,0xFF,0xFF,0xFF,0xFF,0xFF,0xFF,0xFF,0xFF,0xFF,
  0xFF,0xFF,0x7F,0x3F,0x1F,0x1F,0x0F,0x0F,0x07,0xC7,0xC7,0x87,0x87,0x8F,0x1F,0x3F,
  0xFF,0xFF,0xFF,0xFF,0xFF,0xFF,0xFF,0xFF,0xFF,0xFF,0xFF,0xFF,0xFF,0xFF,0xFF,0xFF,
  0xFF,0xFF,0xFF,0xFF,0xFF,0xBF,0x1F,0x0F,0x07,0x03,0x80,0x80,0xC0,0xC0,0xC0,0xE0,
  0xE0,0x60,0x30,0x30,0x30,0xF0,0xE0,0x70,0x56,0xAA,0x55,0xAA,0x55,0xA9,0x54,0xA9,
  0x16,0x49,0x01,0x01,0x79,0x7D,0x7F,0xFF,0xFF,0xFF,0xFF,0xFF,0xFF,0xFF,0xFF,0xFF,
  0xFF,0xFF,0xFF,0xFF,0xFF,0xFF,0xFF,0xFF,0xFF,0x87,0xAF,0x57,0xAB,0x55,0xAB,0x54,
  0xA8,0x51,0x91,0xD7,0xCF,0xFF,0xFF,0xFF,0xFF,0xFF,0xFF,0xFF,0xFF,0xFF,0xFF,0xFF,
  0xFF,0xFF,0xFF,0xFF,0xFF,0xFF,0xFF,0xFF,0xFF,0xC7,0x85,0x01,0x41,0xF1,0xF3,0x3F,
  0x33,0x43,0xC2,0xC0,0x80,0x80,0xC0,0xC0,0xF6,0xFF,0xFF,0xFF,0xFF,0xFF,0xF9,0xF9,
  0xF0,0xE5,0xC7,0x07,0x07,0x8F,0xFF,0xF7,0xE7,0xE7,0xF7,0xFF,0xE7,0xC7,0x8F,0x8F,
  0x0F,0x3F,0x9F,0x1F,0x1B,0x09,0xC3,0xF7,0xFB,0xFD,0xFF,0x03,0x01,0x01,0xFF,0xFF,
  0xFF,0xF8,0xE0,0xE0,0x70,0x3C,0x17,0x00,0x11,0x2A,0x00,0x0A,0x75,0xEA,0xF5,0xEA,
  0x8F,0x87,0x81,0x80,0xC0,0x80,0x03,0x41,0x80,0x81,0x33,0x7F,0x7F,0xFF,0xFD,0xC5,
  0xC7,0xC7,0xCF,0x2F,0x1F,0x0F,0x07,0xC7,0x43,0x63,0x61,0xE1,0xE0,0xEA,0xE5,0xEA,
  0xE5,0xEA,0xE5,0xCA,0x54,0xA9,0x55,0xA9,0x57,0x27,0x0F,0x1F,0x3F,0xFF,0xFF,0xFF,
  0xFF,0xFF,0xFF,0xFF,0xFF,0xFF,0xFF,0xFF,0xFF,0xFF,0x3F,0xE2,0xE0,0x40,0x80,0x89,
  0xF1,0xE0,0x80,0x00,0x03,0x0F,0xC3,0x81,0x01,0x04,0x27,0x01,0x03,0x27,0xFF,0xFF,
  0xFF,0xFF,0xFF,0x18,0x1D,0x1D,0x1F,0x9F,0x9F,0x1F,0x1F,0x13,0x03,0xC1,0xC1,0xFD,
  0xFE,0xF3,0xE1,0xC0,0x00,0x13,0x7F,0xFF,0xDF,0xBF,0xFE,0xE8,0xE0,0x03,0xFF,0xFF,
  0xFF,0x01,0x07,0x48,0xFC,0xFE,0x7F,0x07,0xE7,0xF3,0xF3,0xFB,0xF5,0xF4,0xF0,0xC2,
  0xE7,0xE7,0x6F,0x87,0x07,0x03,0x03,0x22,0x64,0x6E,0x0F,0x13,0x78,0x7C,0xF0,0xA1,
  0x80,0x80,0xC0,0xC0,0xE0,0xE0,0xE0,0xE1,0xF3,0xFB,0xFF,0xFF,0xDF,0xC6,0xEA,0xD5,
  0xAA,0x55,0xA2,0x51,0xA9,0x55,0x3F,0x3F,0xFF,0xFF,0xFF,0xFF,0xFF,0xFF,0xFF,0xFF,
  0xFF,0x01,0x01,0x00,0x67,0xFE,0xFC,0xFC,0x77,0x17,0xF7,0x41,0x04,0x2E,0x01,0x01,
  0x01,0x03,0x03,0x83,0xE2,0xF6,0x01,0x03,0x43,0x47,0x4F,0xCE,0xC0,0xC0,0xC0,0xC0,
  0xCD,0xCF,0xC0,0xC0,0xE0,0xFE,0xFF,0xFF,0xFF,0xFF,0xFF,0xFF,0xFF,0xFE,0xF0,0x80,
  0x00,0x0F,0xFF,0xFD,0xE3,0x8F,0x1F,0x1F,0x3F,0x3E,0xF0,0xC0,0x05,0x4B,0x10,0x17,
  0x06,0x06,0x02,0x01,0x01,0x01,0x01,0x01,0x03,0x0F,0xDF,0xFF,0xB1,0x7A,0xF4,0xF0,
  0xF0,0xF0,0xF0,0xF0,0xB0,0x9B,0x3B,0x9F,0xC7,0x67,0x67,0x63,0x67,0x23,0x33,0x33,
  0x33,0xB9,0x99,0xDD,0xFD,0xFE,0xFF,0xFF,0xFF,0xFF,0xFF,0xFF,0xFF,0xFE,0xF5,0xE0,
  0xE1,0xF0,0xFE,0xFF,0xFF,0xFF,0xFF,0xFF,0xFF,0xFF,0xFF,0xFF,0xC4,0xEC,0x68,0x31,
  0xC7,0xCF,0x4F,0xFF,0x94,0x00,0x02,0x48,0x80,0x07,0x29,0x0F,0xFF,0xFF,0x20,0xEE,
  0xFE,0xFE,0xFC,0xFC,0x74,0x04,0x00,0x01,0x41,0xC1,0x83,0x87,0x0F,0x1F,0x0F,0x1F,
  0x1F,0x1F,0x1F,0x1F,0x3F,0x3F,0x3F,0x1C,0xF0,0xFE,0xBF,0x0F,0x1F,0x9F,0xFC,0x78,
  0x38,0x1E,0x1F,0x03,0x11,0x32,0xE0,0xF1,0xF1,0xF9,0xFC,0xFC,0xFC,0x7C,0x7C,0x3C,
  0x3C,0x0C,0x0E,0x0F,0x07,0x0E,0x1C,0x3C,0xFC,0xFE,0xFE,0xFF,0xFF,0xFF,0xFF,0xFF,
  0xFF,0xFF,0xFF,0xFF,0xFF,0xFF,0xFF,0xFF,0xFF,0xFF,0xFF,0xFF,0x7F,0x7F,0x3F,0x3F,
  0x3F,0x1F,0x1F,0x0F,0x0F,0x0F,0x0F,0x0F,0x00,0x00,0x33,0x15,0x06,0x06,0x06,0xFF,
  0xFE,0xFE,0xDE,0x06,0x06,0x06,0x04,0x80,0xFC,0xFE,0xFE,0xAE,0x06,0x87,0xFF,0xFE,
  0xFC,0x27,0x01,0x20,0x05,0x01,0x80,0x1E,0x01,0x20,0x21,0x04,0x01,0x01,0x01,0x01,
  0x06,0x07,0x03,0x03,0x03,0x03,0x03,0x01,0x01,0x27,0x01,0x20,0x09,0x01,0x20,0x05,
  0x01,0x20,0x22,0x01,0x02,0x0A,0x01,0x02,0x22,0x01,0x40,0x13,0x01,0x10,0x03,0x04,
  0x20,0x40,0x00,0x01,0x44,0x07,0x20,0x00,0x00,0x04,0x01,0x40,0x20,0x04,0x04,0x10,
  0x00,0x00,0x40,0x08,0x02,0x02,0x02,0x3B,0x03,0x02,0x00,0x80,0x0A,0x01,0x14,0x09,
  0x01,0x04,0x13,0x05,0x02,0x00,0x0C,0x00,0x02,0x09,0x02,0x10,0x08,0x09,0x01,0x10,
  0x0E,0x02,0x20,0x02,0x03,0x01,0x10,0x17,0x01,0x80,0x13,0x01,0x40,0x03,0x06,0x80,
  0x00,0x20,0x08,0x08,0x80,0x1E,0x09,0x0C,0x00,0x00,0x20,0x40,0x00,0x10,0x00,0x04,
  0x11,0x01,0x04,0x04,0x07,0x30,0x00,0x10,0x80,0x80,0x00,0x80,0x05,0x01,0x08,0x05,
  0x01,0x40,0x04,0x02,0x01,0x10,0x0A,0x03,0x09,0x00,0x02,0x10,0x07,0x01,0x00,0x00,
  0x08,0x00,0x80,0x80,0x0A,0x03,0x04,0x00,0x02,0x04,0x01,0x01,0x03,0x01,0x08,0x03,
  0x03,0x20,0x00,0x01,0x0A,0x01,0x01,0x03,0x06,0x04,0x00,0x00,0x20,0x00,0x41,0x07,
  0x01,0x08,0x0D,0x06,0x02,0x00,0x00,0x01,0x01,0x01,0x09,0x09,0x04,0x00,0x44,0x00,
  0x00,0x80,0x00,0x44,0x20,0x18,0x04,0x08,0x00,0x04,0x80,0x06,0x02,0x04,0xB0,0x11,
  0x07,0x08,0x00,0x01,0x00,0x20,0x00,0x40,0x03,0x01,0x10,0x0A,0x04,0x01,0x00,0x10,
  0x90,0x03,0x04,0x40,0x20,0x00,0x04,0x1C,0x01,0x10,0x04,0x01,0x02,0x00,0x00,0x39,
  0x06,0x20,0x00,0x08,0x00,0x00,0x80,0x03,0x03,0x01,0x81,0x60,0x30,0x01,0x80,0x49,
  0x01,0x01,0x05,0x01,0x02,0x28,0x01,0x20,0x09,0x06,0x04,0x00,0x40,0x20,0x00,0x20,
  0x99,0x01,0x80,0x19,0x02,0x08,0x04,0x0D,0x01,0x80,0x08,0x01,0x80,0x38,0x01,0x20,
  0x0D,0x01,0x10,0x0F,0x01,0x08,0x11,0x01,0x01,0x07,0x01,0x04,0x06,0x01,0x08,0x0A,
  0x01,0x40,0x07,0x04,0x80,0x00,0x02,0x02,0x19,0x02,0x80,0x40,0x12,0x01,0x80,0x22,
  0x01,0x10,0x0B,0x01,0x01,0x13,0x01,0x04,0x0A,0x04,0x80,0x00,0x00,0x40,0x37,0x01,
  0x01,0x26,0x01,0x20,0x05,0x01,0x08,0x1D,0x01,0x20,0x07,0x01,0x10,0x05,0x02,0x20,
  0x02,0x21,0x03,0x19,0xD0,0x40,0x0E,0x01,0x02,0x19,0x02,0x10,0x60,0x44,0x01,0x10,
  0x00,0x00,0x2E,0x1A,0xFE,0xFE,0xFF,0xEF,0x87,0x99,0xF8,0xF8,0x02,0x86,0xFE,0x12,
  0xF8,0xF1,0xF9,0x20,0x00,0x02,0x00,0x01,0x50,0xF0,0x90,0xC8,0xF8,0xFC,0x25,0x01,
  0x04,0x07,0x01,0x80,0x38,0x0F,0x03,0x03,0x03,0x03,0x03,0x03,0x01,0x00,0x01,0x01,
  0x01,0x02,0x03,0x07,0x03,0x03,0x07,0x04,0x04,0x04,0x04,0x04,0x04,0x02,0x27,0x01,
  0x20,0x09,0x01,0x04,0xB8,0x02,0x08,0x04,0x36,0x01,0x02,0x18,0x01,0x20,0x0D,0x01,
  0x10,0x21,0x01,0x01,0x24,0x01,0x02,0x4D,0x01,0x04,0xC1,0x02,0x20,0x02,0x21,0x03,
  0x10,0xD0,0x40,0x28,0x01,0x10,0x00,0x00,0x2F,0x04,0x01,0x00,0x00,0x08,0x03,0x01,
  0x01,0x06,0x01,0x08,0x07,0x01,0x40,0x69,0x01,0x04,0x05,0x01,0x01,0x10,0x01,0x01,
  0x31,0x01,0x20,0x2F,0x01,0x02,0x3F,0x01,0x40,0x46,0x04,0x20,0x00,0x08,0x04,0x0A,
  0x01,0x40,0x44,0x01,0x20,0x0D,0x01,0x10,0x09,0x01,0x04,0x15,0x01,0x08,0x17,0x01,
  0x40,0x09,0x01,0x80,0x03,0x02,0x20,0x02,0x03,0x01,0x10,0x58,0x01,0x01,0x1B,0x03,
  0x10,0x00,0x80,0x31,0x01,0x01,0x04,0x02,0x80,0x80,0x2A,0x01,0x20,0x1D,0x01,0x01,
  0x13,0x01,0x20,0x22,0x02,0x08,0x10,0x29,0x01,0x10,0x00,0x00,0x2E,0x18,0xFE,0xFE,
  0xF1,0x01,0x70,0x60,0x01,0x89,0x83,0x06,0x7E,0x02,0x10,0x1F,0xFE,0x20,0x0E,0x40,
  0x02,0x02,0x03,0x89,0x08,0x48,0x68,0x03,0x03,0x07,0x02,0x03,0x0C,0x02,0x02,0x03,
  0x01,0x03,0x00,0x00,0x06,0x02,0x00,0x02,0x02,0x04,0x03,0x07,0x07,0x02,0xFF,0x00,
  0x77,0x01,0x08,0x00,0x00,0x30,0x02,0x0A,0x10,0x0A,0x0A,0x01,0x02,0x00,0x20,0x02,
  0x01,0x00,0x00,0x01,0x01,0x6A,0x01,0x01,0x05,0x02,0x04,0x02,0x04,0x01,0x01,0x06,
  0x01,0x04,0x34,0x01,0x20,0x04,0x01,0x04,0x2A,0x01,0x02,0x3F,0x01,0x40,0x46,0x04,
  0x20,0x00,0x08,0x04,0x4F,0x01,0x20,0x0D,0x01,0x10,0x09,0x01,0x04,0x15,0x01,0x08,
  0x0C,0x01,0x08,0x19,0x01,0x02,0x03,0x01,0x10,0x16,0x01,0x80,0x5F,0x01,0x80,0x31,
  0x01,0x01,0x04,0x02,0x80,0x80,0x48,0x01,0x01,0x13,0x01,0x20,0x23,0x01,0x10,0x29,
  0x01,0x10,0x00,0x00,0x3D,0x04,0x02,0x00,0x00,0x02,0xB6,0x02,0x04,0x20,0x04,0x01,
  0x04,0x6A,0x01,0x40,0x46,0x04,0x20,0x00,0x08,0x04,0x4F,0x01,0x20,0x0D,0x01,0x10,
  0x09,0x01,0x04,0x15,0x01,0x08,0x26,0x01,0x02,0x03,0x01,0x10,0x16,0x01,0x80,0x1D,
  0x01,0x08,0x41,0x01,0x80,0x31,0x01,0x01,0x04,0x02,0x80,0x80,0x48,0x01,0x01,0x13,
  0x01,0x20,0x23,0x01,0x10,0x29,0x01,0x10,0x00,0x00,0x2F,0x01,0x01,0x0D,0x04,0x02,
  0x00,0x00,0x02,0xB0,0x01,0x01,0x05,0x02,0x04,0x20,0x6F,0x01,0x40,0x46,0x04,0x20,
  0x00,0x08,0x04,0x0A,0x01,0x40,0x44,0x01,0x20,0x0D,0x01,0x10,0x09,0x01,0x04,0x3C,
  0x01,0x02,0x03,0x01,0x10,0x74,0x03,0x10,0x00,0x80,0x31,0x01,0x01,0x04,0x02,0x80,
  0x80,0x48,0x01,0x01,0x0F,0x01,0x04,0x03,0x01,0x20,0x23,0x01,0x10,0x29,0x01,0x10,
  0x00,0x00,0x29,0x2A,0x06,0x1E,0x3C,0x7C,0xF8,0xF8,0xFC,0xFA,0xC0,0xC0,0x71,0x01,
  0x8B,0x83,0x00,0x70,0x20,0x11,0x1E,0xFE,0x38,0x0A,0x60,0x00,0x02,0x10,0xFE,0x80,
  0xC0,0xF8,0xFE,0x00,0x00,0xFE,0xFF,0xFF,0xF7,0xF7,0xFF,0xBE,0xBE,0x1C,0x58,0x09,
  0x02,0x07,0x07,0x07,0x03,0x00,0x03,0x03,0x03,0x03,0x10,0x04,0x04,0x04,0x00,0x00,
  0x01,0x00,0x02,0x02,0x04,0x04,0x00,0x04,0x03,0x03,0x03,0x03,0x09,0x03,0x03,0x03,
  0x00,0x01,0x01,0x03,0x03,0x03,0x2B,0x01,0x10,0xFF,0x00,0x74,0x01,0x80,0x61,0x01,
  0x04,0x00,0x00,0x29,0x03,0x02,0x00,0x02,0x05,0x09,0x40,0x20,0x80,0x00,0x00,0x02,
  0x00,0x00,0x01,0x03,0x01,0x0E,0x06,0x01,0x04,0x0C,0x02,0x01,0x02,0x22,0x01,0x80,
  0x45,0x01,0x02,0x0B,0x01,0x01,0x0B,0x01,0x03,0x1A,0x01,0x20,0x09,0x01,0x04,0x05,
  0x01,0x10,0x68,0x01,0x80,0x49,0x01,0x08,0x08,0x01,0x40,0x47,0x01,0x30,0x0D,0x01,
  0x10,0x1E,0x04,0x20,0x00,0x02,0x01,0x15,0x01,0x40,0x0E,0x01,0x22,0x2A,0x01,0x40,
  0x24,0x01,0x02,0x03,0x01,0x04,0x03,0x01,0x18,0x04,0x01,0x01,0x19,0x01,0x02,0x14,
  0x01,0x20,0x51,0x01,0x20,0x0B,0x01,0x10,0x25,0x02,0x20,0x03,0x21,0x03,0x18,0xD8,
  0x40,0x28,0x01,0x10,0x00,0x00,0x2C,0x02,0x02,0x04,0x04,0x01,0x20,0x0A,0x01,0xC0,
  0x06,0x01,0x02,0x0B,0x01,0x01,0x7C,0x01,0x01,0x2A,0x01,0x20,0x6F,0x01,0x40,0x46,
  0x04,0x20,0x00,0x00,0x04,0x07,0x04,0x40,0x00,0x00,0x40,0x44,0x01,0x10,0x17,0x01,
  0x04,0x14,0x04,0x20,0x00,0x02,0x01,0x28,0x01,0x10,0x16,0x01,0x80,0x34,0x01,0x02,
  0x03,0x01,0x04,0x03,0x01,0x10,0x04,0x01,0x01,0x1B,0x03,0x10,0x00,0x80,0x10,0x01,
  0x20,0x20,0x01,0x01,0x04,0x02,0x80,0x80,0x2A,0x01,0x20,0x0B,0x01,0x10,0x11,0x01,
  0x01,0x36,0x03,0x08,0x48,0x40,0x00,0x00,0x29,0x2A,0x04,0x1E,0x22,0xC2,0x00,0x06,
  0x0A,0x00,0x90,0xD1,0xC0,0x3E,0xFC,0x00,0x80,0xF0,0x11,0xFF,0x00,0x00,0x06,0xBA,
  0xF0,0x70,0x02,0x10,0xF8,0x88,0xFE,0x00,0x01,0xFF,0xFF,0x18,0x18,0x98,0xF7,0xF6,
  0xFE,0xBE,0xBE,0x1E,0x22,0x01,0x80,0x35,0x29,0x02,0x04,0x04,0x04,0x00,0x03,0x03,
  0x03,0x01,0x02,0x01,0x04,0x04,0x04,0x04,0x03,0x00,0x06,0x07,0x07,0x06,0x00,0x00,
  0x04,0x06,0x03,0x00,0x04,0x06,0x07,0x07,0x04,0x04,0x04,0x07,0x01,0x01,0x03,0x03,
  0x03,0x03,0x1A,0x01,0x20,0x09,0x01,0x24,0x05,0x01,0x10,0x69,0x01,0x40,0x46,0x04,
  0x20,0x00,0x08,0x04,0x4F,0x01,0x20,0x0D,0x01,0x10,0x09,0x01,0x04,0x3C,0x01,0x02,
  0x03,0x01,0x10,0x16,0x01,0x80,0x3C,0x01,0x08,0x1E,0x05,0x02,0x00,0x10,0x00,0x80,
  0x31,0x01,0x01,0x04,0x02,0x80,0x80,0x48,0x01,0x01,0x13,0x02,0x20,0x03,0x21,0x02,
  0x10,0x90,0x29,0x01,0x10,0x00,0x00,0x2D,0x08,0x40,0x00,0x00,0x08,0x00,0x00,0x08,
  0x40,0x04,0x09,0x20,0x00,0x90,0x00,0x00,0x40,0x00,0x00,0x40,0x08,0x01,0x01,0x60,
  0x01,0x01,0x08,0x02,0x01,0x02,0x0F,0x02,0x03,0x04,0x31,0x01,0x20,0x05,0x01,0x10,
  0x29,0x01,0x02,0x3F,0x01,0x40,0x46,0x04,0x20,0x00,0x08,0x04,0x5D,0x01,0x10,0x46,
  0x01,0x02,0x03,0x01,0x10,0x16,0x01,0x80,0x5D,0x03,0x10,0x00,0x80,0x31,0x01,0x01,
  0x04,0x02,0x80,0x80,0x48,0x01,0x01,0x13,0x01,0x20,0x23,0x01,0x10,0x29,0x01,0x10,
  0x00,0x00,0x34,0x01,0x40,0x06,0x01,0x10,0x12,0x04,0x01,0x01,0x01,0x01,0x74,0x01,
  0x04,0x31,0x01,0x20,0x05,0x01,0x10,0x29,0x01,0x02,0x3F,0x01,0x40,0x46,0x04,0x20,
  0x00,0x08,0x04,0x5D,0x01,0x10,0x1F,0x01,0x08,0x26,0x01,0x02,0x03,0x01,0x10,0x16,
  0x01,0x80,0x14,0x01,0x10,0x4A,0x01,0x80,0x31,0x01,0x01,0x04,0x02,0x80,0x80,0x48,
  0x01,0x01,0x13,0x01,0x20,0x23,0x01,0x10,0x29,0x01,0x10,0x00,0x00,0x2D,0x01,0x02,
  0x0B,0x03,0x02,0x00,0x10,0x86,0x01,0x02,0x03,0x01,0x04,0x31,0x01,0x20,0x05,0x01,
  0x10,0x69,0x01,0x40,0x46,0x04,0x20,0x00,0x08,0x04,0x4F,0x01,0x20,0x0D,0x01,0x10,
  0x09,0x01,0x04,0x15,0x01,0x08,0x26,0x01,0x02,0x03,0x01,0x10,0x16,0x01,0x80,0x5F,
  0x01,0x80,0x31,0x01,0x01,0x04,0x02,0x80,0x80,0x48,0x01,0x01,0x13,0x01,0x20,0x23,
  0x01,0x10,0x29,0x01,0x10,0x00,0x00,0x3B,0x01,0x10,0x8A,0x01,0x04,0x31,0x01,0x20,
  0x05,0x01,0x10,0x69,0x01,0x40,0x46,0x04,0x20,0x00,0x08,0x04,0x4F,0x01,0x20,0x0D,
  0x01,0x10,0x09,0x01,0x04,0x3C,0x01,0x02,0x03,0x01,0x10,0x16,0x01,0x80,0x5D,0x03,
  0x10,0x00,0x80,0x31,0x01,0x01,0x04,0x02,0x80,0x80,0x48,0x01,0x01,0x13,0x01,0x20,
  0x23,0x01,0x10,0x29,0x01,0x10,0x00,0x00,0x2E,0x01,0x40,0x03,0x05,0x08,0x20,0x00,
  0x00,0x02,0x0A,0x01,0x20,0x08,0x01,0x10,0x2A,0x01,0x80,0x4D,0x01,0x01,0x09,0x01,
  0x04,0x20,0x01,0x20,0x09,0x01,0x04,0x05,0x01,0x10,0x2B,0x01,0x20,0x86,0x02,0x08,
  0x04,0x0A,0x01,0x40,0x44,0x01,0x30,0x0D,0x01,0x10,0x20,0x02,0x02,0x01,0x24,0x01,
  0x02,0x4D,0x03,0x08,0x00,0x02,0x03,0x01,0x04,0x03,0x01,0x18,0x04,0x01,0x01,0x19,
  0x01,0x02,0x14,0x01,0x20,0x51,0x01,0x20,0x0B,0x01,0x10,0x25,0x02,0x20,0x02,0x21,
  0x03,0x18,0xD8,0x40,0x12,0x01,0x01,0x15,0x01,0x10,0x00,0x00,0x00,0x0B,0x0A,0x7E,
  0xD6,0x46,0xBC,0xFC,0xB8,0xF0,0xF0,0xC0,0x80,0x20,0x22,0x1C,0xBC,0xBE,0xBE,0xF6,
  0xF6,0xEE,0xE6,0xE6,0xC0,0x00,0xFC,0xFE,0xFE,0xFC,0x00,0x7E,0xFE,0xFE,0xFE,0x0E,
  0x8E,0x9C,0xFC,0xF8,0x70,0x00,0xFE,0xFF,0xFF,0xFF,0xF7,0xE7,0x67,0x1B,0x33,0x80,
  0xC0,0xC0,0xC0,0xE0,0x64,0x7C,0x4D,0x09,0x81,0xC9,0x7B,0x3B,0xFF,0xFF,0xFF,0xFF,
  0xFF,0xFF,0xFF,0xFF,0xFF,0xFF,0xFF,0x2E,0x37,0x65,0x2C,0x75,0x01,0x07,0x23,0x09,
  0x13,0x07,0x0E,0x18,0x18,0x10,0x90,0x00,0x00,0x20,0xE0,0xE0,0xC0,0xC0,0x80,0x80,
  0x80,0x80,0x10,0x18,0x01,0x03,0x03,0xF3,0xFB,0xFB,0x0B,0x03,0x01,0x00,0x00,0x03,
  0x03,0x63,0xF3,0xF0,0xFB,0xBB,0x9B,0xBB,0xBB,0xBB,0x03,0x01,0x03,0x08,0x07,0x07,
  0x07,0x07,0x07,0x07,0x07,0x02,0x16,0x1C,0xC0,0xC0,0xE0,0xE0,0xF0,0xF9,0xF8,0xF8,
  0x7C,0x3C,0xBC,0xDE,0xDE,0xDE,0x0C,0x20,0xF0,0x10,0x01,0xC7,0xC3,0x83,0xC3,0xE3,
  0xE3,0x13,0x0F,0x1F,0x12,0x21,0x08,0x08,0x01,0x01,0x07,0x0F,0x1F,0x1F,0x3F,0x7F,
  0xFF,0xFF,0xFF,0xFF,0xFE,0xFE,0xFC,0xFC,0xFC,0xFC,0xFC,0xFC,0xFC,0xFE,0xFE,0x9E,
  0x8E,0x0C,0x3B,0xBF,0xBF,0x9F,0x80,0x04,0x0D,0x20,0x70,0x70,0x71,0x71,0x63,0x73,
  0x73,0x3F,0x3F,0x1F,0x0F,0x04,0x07,0x41,0x80,0x80,0xC0,0xC0,0xC0,0xC0,0xC0,0xC0,
  0xE0,0xE0,0xE0,0xF0,0xF0,0xF0,0xF0,0xF0,0xF0,0xF0,0xF0,0xF0,0xF0,0xF0,0xE0,0xE0,
  0xF7,0xF7,0x71,0x50,0x60,0xC8,0x03,0x80,0x80,0xFC,0x7F,0x7F,0x7F,0x7F,0x7F,0xFE,
  0xF0,0x00,0x02,0x78,0x3C,0x07,0xC3,0xE1,0xF0,0xF8,0xF8,0xFC,0x00,0xC0,0xF0,0xFC,
  0xFC,0xF8,0xF0,0xE0,0xE2,0xC0,0xC0,0xC0,0x80,0x06,0x05,0xC0,0xC0,0x80,0x80,0x80,
  0x06,0x23,0x01,0x01,0x03,0x07,0x07,0x0F,0x0F,0x1F,0x1F,0x3F,0xFF,0xFF,0xFF,0xFF,
  0xFF,0xFF,0xFF,0xBF,0x3F,0x0F,0x0F,0x03,0x81,0xC0,0xE0,0xC0,0xC0,0xE0,0xE0,0x70,
  0x30,0x30,0x70,0xF0,0xC0,0x06,0x2D,0x01,0x03,0x03,0xC3,0xE3,0xF1,0xF1,0xF9,0xFD,
  0xFF,0xFF,0xFF,0xFF,0xFF,0xFF,0xFF,0xFF,0xFF,0xFF,0xFF,0xFF,0xFF,0xFF,0xFF,0xFF,
  0xFF,0x67,0x23,0x11,0x00,0xC0,0xE0,0xF0,0xF8,0xFD,0xFE,0xFB,0xC7,0xFF,0x7F,0x7F,
  0x3E,0x1E,0x0E,0x04,0x07,0x48,0xFD,0xFF,0xFF,0xFF,0xFF,0x00,0xFF,0xFF,0xF7,0x87,
  0x81,0x01,0x01,0x03,0xC7,0xCF,0xBF,0x3F,0x3E,0x7C,0x7C,0x3C,0x34,0x06,0x0D,0x1D,
  0x3D,0x3B,0x6F,0x6F,0xFC,0xFF,0xDE,0xD0,0xF0,0xB0,0xC0,0xD0,0xC0,0xA0,0xE0,0xD0,
  0x30,0xA0,0xC0,0x00,0x01,0x03,0x27,0x6F,0xFF,0x9B,0x0B,0xC3,0xF3,0xF9,0xFE,0xFF,
  0x03,0x01,0x01,0xFF,0xFF,0xFF,0xFC,0xE0,0xF0,0x78,0x3C,0x1F,0x0F,0x0C,0x05,0x4A,
  0x60,0x78,0x7E,0x7F,0x3F,0x3F,0xFF,0xFF,0xFF,0x7F,0x7F,0x7F,0xFF,0xFF,0xFF,0xFF,
  0xE5,0x47,0x07,0x0F,0x9F,0xCF,0xC7,0xE3,0xE1,0x70,0x70,0x7C,0xFF,0xFF,0xFF,0x7F,
  0x0F,0x0F,0xC7,0xE3,0xF1,0xF8,0xFC,0xFE,0xFF,0xFF,0xFC,0x78,0xF8,0xFE,0xFF,0xFF,
  0xFC,0xE0,0xC0,0x01,0x03,0x07,0x0F,0x9F,0x00,0xFF,0xFF,0x7F,0x1F,0x1F,0x3F,0x7F,
  0x26,0x0E,0x1F,0x7F,0x7F,0xFC,0xE8,0xC8,0x88,0x88,0x09,0x23,0x01,0x01,0x03,0xE3,
  0xE7,0xE6,0xEE,0x7F,0x5F,0x1F,0x1F,0x1E,0x01,0xC3,0xD1,0xB9,0x18,0x08,0x0E,0x0F,
  0x63,0x40,0xB8,0x39,0x39,0x79,0xF9,0x76,0x1C,0xFB,0x07,0x0F,0x0F,0xC1,0x80,0x08,
  0x3D,0x80,0xF8,0xF8,0xF8,0xF8,0xFC,0xF6,0xF7,0xF3,0xF3,0x60,0x30,0x00,0x98,0x08,
  0x40,0xE0,0x92,0x9B,0x8D,0x0E,0x07,0x07,0x83,0x01,0x41,0x40,0x20,0xB0,0xB8,0xD8,
  0xEC,0xE7,0xF2,0xF0,0xFA,0xFF,0xFF,0xFF,0xFF,0xFF,0xFF,0xFF,0xFF,0xFE,0xFB,0xFE,
  0xFF,0xFF,0xFF,0xFF,0xFF,0xFF,0x1E,0x00,0x00,0x86,0xFF,0x00,0xFE,0x01,0x03,0x06,
  0x03,0x03,0x00,0x18,0x70,0xC0,0x03,0x6B,0x01,0x01,0x01,0x01,0x03,0x03,0x83,0xE6,
  0xF6,0xFC,0xFC,0xBC,0xB8,0xB0,0x30,0x3F,0x3F,0x3F,0x37,0x32,0x30,0x3F,0x1F,0x1E,
  0x03,0x07,0x0F,0x1F,0xDC,0xF8,0xF4,0xF0,0xFC,0xFE,0xE7,0xC6,0x80,0x42,0x00,0x28,
  0x40,0xC0,0xC0,0xC1,0x82,0x27,0x4F,0xFF,0xFC,0xE0,0x80,0xD0,0xD8,0xD8,0xE1,0x61,
  0x61,0x61,0x31,0x31,0x31,0x19,0x0F,0x01,0xD8,0xFC,0xF0,0x02,0xCF,0xCE,0x6E,0x3E,
  0x37,0x13,0x43,0x41,0xC0,0xE4,0xE6,0x66,0x67,0x67,0x67,0x77,0x33,0x37,0xB3,0xB9,
  0xDD,0xDD,0xFF,0xFE,0xFF,0xFF,0xFF,0xFF,0xFF,0xFF,0xFF,0xFF,0xFF,0xFF,0xFF,0xFF,
  0xFF,0xFF,0xE7,0x04,0x0A,0x01,0x0F,0x20,0xB3,0x10,0xAC,0x38,0xF8,0x70,0x30,0x03,
  0x03,0x1F,0x20,0xC0,0x07,0x33,0x0F,0xFF,0xFF,0x23,0x01,0x01,0x01,0x01,0x03,0x83,
  0x7B,0x7F,0x7E,0x1E,0x3E,0x3C,0x78,0x70,0x60,0x60,0x60,0x60,0x60,0x60,0x63,0x43,
  0x47,0xC5,0xE7,0xF7,0xF0,0xB8,0x18,0x9C,0xFC,0xFF,0x7B,0x59,0x81,0xE0,0xC8,0xC1,
  0x90,0x31,0xF0,0xF0,0x90,0xD8,0xC8,0xC0,0xC0,0x05,0x34,0x80,0xC0,0xE0,0x7F,0x1E,
  0x0E,0x04,0x00,0x03,0x03,0x03,0x43,0x43,0x63,0x73,0x73,0x77,0x7E,0x7E,0x7C,0x7C,
  0x7E,0x7E,0x7F,0x7F,0x7F,0x7F,0x7F,0x7F,0x7F,0x7F,0x7F,0x7F,0x7F,0x7F,0x7F,0x7F,
  0x7F,0x7F,0x7F,0xBF,0x9F,0xCF,0xC7,0xC1,0xE0,0xE0,0xE0,0xF0,0xF0,0xF0,0xF0,0x00,
  0x00,0x03,0x01,0x30,0x6D,0x01,0x40,0x11,0x03,0x11,0x00,0x04,0x04,0x01,0x10,0x1E,
  0x09,0xC0,0xE0,0xE0,0x70,0x70,0x00,0x08,0x98,0x08,0x03,0x13,0xC0,0xC0,0xE0,0x80,
  0x90,0xF0,0xB8,0x5C,0x7C,0x5C,0x5C,0x38,0x00,0x80,0xC0,0xC0,0xE0,0xE0,0x40,0x04,
  0x09,0xC0,0xE0,0xC0,0x00,0x00,0x40,0xE0,0xE0,0xC0,0x53,0x0A,0x01,0xC3,0xE7,0xEF,
  0xEE,0xFE,0xC1,0x41,0x41,0x23,0x03,0x21,0x07,0x1F,0x5F,0x0F,0x00,0x01,0x01,0x1C,
  0x0C,0x0C,0x20,0x38,0x00,0x10,0x3B,0x3F,0x39,0x30,0x30,0x30,0x30,0x00,0x00,0x3F,
  0x3F,0x3F,0x3E,0x06,0x06,0x5F,0x7F,0x7F,0x11,0x8A,0x01,0x80,0x2C,0x01,0x02,0x20,
  0x01,0x80,0x49,0x01,0x10,0x2D,0x01,0x02,0xD9,0x01,0x40,0x04,0x01,0x80,0x25,0x01,
  0x01,0x25,0x01,0x10,0x03,0x0C,0x80,0x80,0x80,0x80,0x80,0x80,0x80,0x80,0x80,0x80,
  0x80,0x80,0x17,0x01,0x02,0x00,0x00,0x00,0x08,0x01,0x00,0x00,0x80,0x00,0x00,0x04,
  0x08,0x79,0x0C,0x08,0x18,0x42,0x02,0x02,0x00,0x04,0x02,0x20,0x20,0x00,0x04,0x03,
  0x01,0x20,0x18,0x03,0x20,0x00,0x10,0x03,0x01,0x80,0x05,0x08,0x20,0x20,0x00,0x00,
  0x20,0x00,0x40,0x20,0x07,0x04,0x20,0x00,0x00,0x80,0x07,0x03,0xC0,0x00,0x80,0x11,
  0x01,0x80,0x13,0x04,0x20,0x00,0x00,0x10,0x11,0x01,0x80,0x03,0x06,0x80,0x00,0x08,
  0x00,0x00,0x02,0x13,0x01,0x24,0x08,0x01,0x10,0x0F,0x01,0x20,0x05,0x01,0x08,0x06,
  0x07,0x20,0x00,0x08,0xA0,0x80,0x00,0x04,0x0D,0x04,0x08,0x00,0x00,0x20,0x04,0x03,
  0x40,0x00,0x80,0x09,0x03,0x03,0x00,0x20,0x07,0x01,0x08,0x03,0x03,0x08,0x10,0x02,
  0x06,0x01,0x02,0x08,0x01,0x80,0x48,0x04,0x10,0x00,0x00,0x01,0x0E,0x01,0x02,0x07,
  0x01,0x02,0x15,0x01,0x08,0x03,0x0C,0x02,0x04,0x10,0x10,0x02,0x00,0x20,0x28,0x00,
  0x48,0x10,0x20,0x04,0x05,0xCA,0x40,0x88,0x90,0x80,0x03,0x02,0x20,0x40,0x31,0x01,
  0x10,0x1D,0x01,0x80,0x21,0x02,0x01,0x01,0x0E,0x01,0x24,0x05,0x01,0x80,0x07,0x01,
  0x80,0x22,0x01,0x80,0x19,0x07,0x21,0x00,0x00,0x01,0x00,0x00,0x01,0x29,0x02,0x02,
  0x06,0x04,0x03,0x10,0x00,0x50,0x04,0x01,0x20,0x14,0x01,0x10,0x04,0x01,0x01,0x03,
  0x04,0x40,0x00,0x00,0x10,0x25,0x01,0x10,0x2E,0x05,0x04,0x00,0x02,0x00,0x08,0x07,
  0x01,0x80,0x0A,0x04,0x10,0x00,0x00,0x40,0x08,0x01,0x20,0x21,0x01,0x80,0x00,0x00,
  0x00,0x01,0x01,0x8F,0x01,0x20,0x18,0x08,0xE0,0xE0,0xF0,0x70,0x70,0xF0,0x70,0x60,
  0x04,0x13,0xE0,0xE0,0x20,0x00,0x80,0xC0,0xC0,0x00,0x20,0xE0,0xE0,0x80,0x00,0x80,
  0xC0,0xE0,0xE0,0xE0,0xC0,0x04,0x09,0xC0,0xE0,0xC0,0xC0,0x00,0xC0,0xE0,0xE0,0xC0,
  0x53,0x2E,0x01,0xE7,0xE7,0xEF,0xEE,0xFE,0xFE,0x7E,0x7E,0x3C,0x10,0x00,0xC0,0xF3,
  0xE0,0x00,0x00,0x03,0x03,0x0F,0x00,0x00,0x80,0xE1,0xE7,0x9F,0x3F,0x3F,0x3F,0x39,
  0x30,0x30,0x38,0x30,0x00,0x00,0x3F,0x3F,0x3F,0x1E,0x06,0x0E,0xFF,0xFF,0x7F,0x15,
  0x0D,0x01,0x08,0x23,0x01,0x02,0x2C,0x03,0x03,0x03,0x03,0x08,0x03,0x0F,0x0F,0x0F,
  0x64,0x01,0x80,0x05,0x01,0x20,0xFE,0x01,0x02,0x05,0x01,0x08,0x6C,0x04,0x80,0x80,
  0x80,0x80,0x03,0x0A,0x80,0x80,0x80,0x80,0x80,0x80,0x80,0x80,0x80,0x80,0x00,0x00,
  0xBB,0x02,0x40,0x80,0x26,0x01,0x40,0x52,0x03,0x80,0x40,0x60,0x03,0x04,0x02,0x0E,
  0xF8,0x80,0x74,0x03,0x03,0x03,0x03,0x08,0x03,0x0F,0x0F,0x0E,0x21,0x01,0x01,0xFF,
  0x00,0x58,0x01,0x08,0x41,0x01,0x04,0x00,0x00,0x00,0x01,0x01,0x8F,0x01,0x20,0x79,
  0x01,0x80,0x58,0x01,0x08,0x23,0x01,0x02,0x39,0x01,0x01,0x5E,0x02,0x10,0x40,0x04,
  0x01,0x80,0x05,0x01,0x20,0xA4,0x01,0x20,0x59,0x01,0x02,0x00,0x00,0x00,0x01,0x01,
  0x8F,0x01,0x20,0xD1,0x01,0x02,0x24,0x01,0x02,0x9E,0x01,0x80,0x05,0x01,0x20,0xFF,
  0x00,0xB5,0x07,0x80,0x80,0x80,0x80,0x80,0x80,0x80,0x00,0x00,0x00,0x01,0x01,0x03,
  0x04,0x40,0x00,0x00,0x80,0x85,0x04,0x40,0x00,0x00,0x20,0xF6,0x01,0x02,0x9E,0x01,
  0x80,0x05,0x01,0x20,0x3A,0x01,0x10,0x17,0x01,0x40,0x7D,0x01,0x44,0x45,0x01,0x20,
  0x7E,0x01,0x40,0x00,0x00,0x00,0x03,0x10,0x00,0x20,0x03,0x01,0x40,0x69,0x03,0x40,
  0x00,0x02,0x0D,0x01,0x10,0x04,0x04,0x50,0x10,0x00,0x20,0x08,0x01,0x20,0x53,0x01,
  0x20,0x0D,0x01,0x10,0x16,0x01,0x80,0x04,0x01,0x80,0x2C,0x01,0x01,0x2E,0x01,0x20,
  0x09,0x01,0x01,0x0A,0x01,0x20,0x07,0x01,0x04,0x05,0x01,0x02,0x52,0x01,0x10,0x0C,
  0x01,0x40,0x23,0x02,0x12,0x02,0x0A,0x01,0x20,0x05,0x03,0x02,0x00,0x80,0x3A,0x01,
  0x08,0x41,0x01,0x80,0x13,0x04,0x04,0x00,0x00,0x10,0x22,0x01,0x40,0x04,0x01,0x40,
  0x47,0x06,0x20,0x02,0x04,0x08,0x00,0x01,0x0B,0x01,0x08,0x04,0x01,0x40,0x0F,0x02,
  0x02,0x01,0x0A,0x01,0x02,0x20,0x01,0x03,0x2F,0x01,0x04,0x0B,0x01,0x02,0x07,0x01,
  0x08,0x11,0x01,0x02,0x15,0x01,0x80,0x00,0x00,0x00,0x01,0x01,0x06,0x01,0x80,0x88,
  0x01,0x20,0x26,0x07,0xC0,0x60,0x40,0x40,0x80,0x40,0xC0,0x27,0x01,0x20,0x41,0x2B,
  0x18,0xFE,0xFF,0xFE,0xC0,0x00,0x80,0xC0,0xC0,0xC0,0xC0,0x00,0x00,0xC0,0x14,0x87,
  0xC0,0xE0,0x0C,0x6C,0x30,0x8C,0x8D,0xF8,0x01,0x1E,0x7E,0xF8,0xC0,0x00,0x04,0x06,
  0x0E,0x3E,0x7C,0xF8,0xF8,0xE0,0xF8,0xFE,0x3E,0x1E,0x08,0x10,0x02,0x02,0x08,0x07,
  0x01,0x20,0x0C,0x01,0x20,0x07,0x01,0x20,0x06,0x01,0x02,0x21,0x26,0x0F,0x1F,0x1F,
  0x1F,0x1F,0x0F,0x03,0x03,0x07,0x3E,0x3E,0x3E,0x3F,0x0F,0x0F,0x01,0x20,0x34,0x3F,
  0x3F,0x07,0x03,0x03,0x03,0x03,0x3F,0x3F,0x3F,0x30,0x00,0x00,0x70,0x78,0x7E,0x3F,
  0x1F,0x07,0x01,0x1F,0x01,0x40,0x3D,0x01,0x20,0xD0,0x01,0x04,0x2E,0x01,0x04,0x2F,
  0x01,0x02,0x20,0x01,0x01,0x43,0x01,0x08,0x26,0x01,0x80,0x00,0x00,0x00,0x01,0x01,
  0x06,0x01,0x80,0x88,0x01,0x20,0x7C,0x01,0x08,0x04,0x01,0x10,0x14,0x07,0x06,0x01,
  0x00,0x00,0x20,0x00,0x80,0x04,0x05,0x40,0x00,0x00,0x20,0x08,0x04,0x04,0x0C,0x00,
  0x00,0x01,0x07,0x01,0x08,0x0A,0x01,0x04,0x11,0x01,0x08,0x23,0x02,0x02,0x04,0x05,
  0x01,0x02,0x19,0x01,0x01,0x08,0x01,0x08,0x04,0x01,0x10,0x03,0x07,0x08,0x00,0x00,
  0x08,0x00,0x04,0x04,0x03,0x02,0x40,0x08,0x05,0x01,0x40,0x17,0x01,0x01,0x2E,0x01,
  0x10,0x11,0x03,0x02,0x00,0x80,0x05,0x01,0x20,0xD0,0x01,0x04,0x2D,0x01,0x02,0x25,
  0x01,0x01,0x2B,0x01,0x02,0x2F,0x01,0x04,0x00,0x00,0x00,0x01,0x01,0x8F,0x01,0x20,
  0x7C,0x01,0x08,0x04,0x01,0x10,0x1A,0x01,0x80,0x35,0x01,0x08,0x23,0x01,0x02,0x9E,
  0x01,0x80,0x05,0x01,0x20,0xD0,0x01,0x04,0x2D,0x01,0x02,0xBE,0x07,0x80,0x80,0x80,
  0x80,0x80,0x80,0x80,0x00,0x00,0xB8,0x03,0x80,0x80,0x80,0x6C,0x2B,0x1E,0xFF,0xFF,
  0xFE,0xE0,0x00,0x80,0xC0,0xC7,0xCF,0xCF,0x4F,0x0F,0xFF,0x3F,0x0E,0x00,0xE0,0x70,
  0x10,0x4D,0xF0,0xFC,0x0E,0x83,0x00,0x00,0x04,0xCE,0x06,0x03,0x01,0x11,0xC1,0x82,
  0x04,0x00,0xA0,0xF8,0xFE,0x3E,0x1E,0x0C,0x56,0x27,0x01,0x0F,0x1F,0x1F,0x1F,0x1F,
  0x0F,0x03,0x03,0x0F,0x3E,0x38,0x31,0x20,0x00,0x00,0x01,0x20,0x3C,0x3F,0x3F,0x0F,
  0x03,0x04,0x00,0x0C,0x00,0x00,0x43,0x04,0x1C,0x1C,0x6F,0x77,0x71,0x7C,0x1F,0x07,
  0x01,0xFF,0x00,0x6D,0x01,0x08,0x00,0x00,0x00,0x01,0x01,0x8F,0x01,0x20,0xAD,0x07,
  0x70,0x04,0x00,0x00,0x02,0x00,0x08,0x1E,0x01,0x08,0x23,0x01,0x02,0x2B,0x01,0x06,
  0x0F,0x01,0x01,0x03,0x01,0x02,0x5E,0x01,0x80,0x05,0x01,0x20,0xD0,0x01,0x04,0x2D,
  0x01,0x02,0x00,0x00,0xFF,0x00,0x0E,0x01,0x08,0x1F,0x20,0xFC,0xFC,0xF9,0x51,0x11,
  0x31,0x33,0x03,0x03,0x06,0x0F,0xDF,0x8F,0x0F,0x0E,0x30,0xF8,0x78,0x00,0x16,0xFE,
  0x16,0xF2,0xF0,0xFB,0xF3,0x03,0x43,0x42,0x40,0x60,0x40,0x60,0x1F,0x7F,0x7F,0x7F,
  0x7E,0x70,0x70,0x78,0x33,0x20,0x00,0x10,0x0F,0x01,0x00,0x00,0x7F,0xFF,0xFF,0x7C,
  0x11,0x0F,0x0D,0x01,0x43,0x43,0xE3,0xE1,0x68,0x68,0x6C,0x20,0xAD,0x01,0x40,0x00,
  0x00,0xFF,0x00,0x09,0x01,0x10,0x07,0x01,0x01,0x1F,0x01,0x20,0x03,0x01,0x80,0x03,
  0x01,0x30,0x03,0x07,0xC8,0x04,0x00,0x00,0x08,0x00,0xE8,0x04,0x05,0xA0,0x00,0x00,
  0x20,0x04,0x1F,0x01,0x20,0x14,0x01,0x20,0x07,0x01,0x04,0x05,0x01,0x02,0x1D,0x01,
  0x01,0x13,0x04,0x01,0x00,0x02,0x40,0x04,0x04,0x80,0x90,0x80,0x40,0x22,0x01,0x40,
  0x23,0x01,0x10,0x11,0x03,0x02,0x00,0x80,0xFF,0x00,0x05,0x02,0x02,0x04,0x05,0x01,
  0x02,0x08,0x01,0x18,0x15,0x01,0x01,0x2B,0x01,0x03,0x2F,0x01,0x04,0x13,0x01,0x08,
  0x2F,0x01,0x80,0x00,0x00,0x00,0x01,0x01,0x8F,0x01,0x20,0x52,0x01,0x40,0x24,0x01,
  0x10,0x04,0x01,0x08,0x20,0x01,0x02,0x03,0x01,0x02,0x0B,0x01,0x04,0x0C,0x01,0x80,
  0x17,0x01,0x08,0x07,0x01,0x20,0x14,0x01,0x20,0x06,0x01,0x02,0x24,0x01,0x21,0x03,
  0x01,0x01,0x0F,0x01,0x62,0x2D,0x01,0x40,0x3D,0x01,0x20,0x4C,0x01,0x40,0xB2,0x01,
  0x04,0x50,0x01,0x01,0x43,0x01,0x08,0x00,0x00,0x07,0x01,0x80,0x7E,0x01,0x08,0xF1,
  0x01,0x20,0x07,0x01,0x20,0x6D,0x01,0x40,0xB6,0x01,0x02,0x86,0x01,0x04,0x50,0x01,
  0x01,0x43,0x01,0x08,0x00,0x00,0xFF,0x00,0x79,0x01,0x20,0x07,0x01,0x20,0x6D,0x01,
  0x40,0xFF,0x00,0x0F,0x01,0x04,0x2E,0x01,0x04,0x50,0x01,0x01,0x43,0x01,0x08,0x0C,
  0x01,0x04,0x00,0x00,0x00,0x05,0xE1,0x80,0x08,0x08,0x02,0x66,0x01,0x20,0x03,0x03,
  0x02,0x0A,0x0A,0x0E,0x14,0x40,0x40,0x02,0x00,0x08,0x28,0x20,0x18,0x14,0x0C,0x08,
  0x11,0x00,0x40,0x00,0x88,0x10,0x00,0x00,0x80,0x4F,0x06,0x40,0x00,0x20,0x00,0x00,
  0x01,0x06,0x03,0x40,0x00,0x40,0x0A,0x01,0x80,0x0F,0x01,0x80,0x03,0x04,0x81,0x00,
  0x00,0x08,0x18,0x01,0xF8,0x03,0x05,0x80,0x20,0x02,0x02,0x02,0x04,0x07,0x60,0x00,
  0x00,0x04,0x00,0x00,0x04,0x05,0x08,0x02,0x00,0x40,0x02,0x00,0x00,0x80,0x08,0x18,
  0x02,0x02,0x20,0x06,0x02,0x40,0x40,0x03,0x01,0x82,0x04,0x02,0x02,0x20,0x08,0x01,
  0x08,0x05,0x01,0x02,0x24,0x10,0x5F,0x00,0x80,0x80,0x80,0x00,0x08,0x00,0x42,0x00,
  0x20,0x00,0x10,0x06,0x00,0x20,0x03,0x07,0x80,0x0A,0x00,0x40,0x00,0x80,0x80,0x04,
  0x02,0x14,0x80,0x13,0x05,0x08,0x90,0x00,0x00,0x01,0x05,0x01,0x01,0x04,0x01,0x40,
  0x03,0x01,0x02,0x1C,0x01,0x04,0x07,0x01,0x80,0x04,0x01,0x08,0x03,0x08,0x20,0x00,
  0x00,0x20,0x00,0x00,0x08,0x10,0x0A,0x01,0x80,0x24,0x04,0x80,0x00,0x00,0x20,0x04,
  0x01,0x10,0x07,0x01,0x10,0x08,0x01,0x01,0x05,0x04,0x01,0x00,0x00,0x40,0x03,0x01,
  0x08,0x1F,0x03,0x04,0x00,0x08,0x05,0x01,0x03,0x07,0x09,0x40,0x04,0x80,0x08,0x00,
  0x00,0x40,0x00,0x80,0x06,0x01,0x40,0x14,0x01,0x20,0x11,0x07,0x04,0x00,0x00,0x04,
  0x00,0x00,0x04,0x16,0x04,0x01,0x00,0x20,0x20,0x28,0x05,0x08,0x00,0x02,0x00,0x08,
  0x04,0x02,0x10,0x10,0x04,0x05,0x20,0x00,0x00,0x02,0x10,0x0B,0x01,0x20,0x08,0x01,
  0x90,0x04,0x04,0x08,0x00,0x00,0x02,0x1B,0x01,0x24,0x04,0x04,0x01,0x00,0x00,0x80,
  0x2F,0x01,0x08,0x09,0x08,0x40,0x00,0x20,0x00,0x09,0x08,0x08,0x09,0x05,0x03,0x80,
  0x00,0x30,0x2E,0x01,0x01,0x00,0x00,0x00,0x75,0x04,0x01,0x01,0x01,0x01,0x03,0x03,
  0x07,0x0F,0x3F,0x7F,0xFF,0xFF,0xFF,0xFF,0xFF,0xFF,0xFF,0xFF,0xFF,0xFF,0xFF,0xFF,
  0xFF,0xFF,0xFF,0xFF,0xFF,0xFF,0xFF,0xFF,0xFF,0xFF,0xFF,0xFF,0xFF,0xFF,0xFF,0xFF,
  0xFF,0xFF,0xFF,0xFF,0xFF,0xFF,0xFF,0xFF,0xFF,0xFF,0xFF,0xFF,0xFF,0xFF,0xFF,0xFF,
  0xFF,0xFF,0xFF,0xFF,0xFF,0xFF,0xFF,0xFF,0xFF,0xFF,0xFF,0xFF,0xFF,0xFF,0xFF,0xFF,
  0xFF,0xFF,0xFF,0xFF,0xFF,0xFF,0xFF,0xFF,0xFF,0xFF,0xFF,0xFF,0xFF,0xFF,0xFF,0xFF,
  0xFF,0xFF,0xFF,0xFF,0xFF,0xFF,0xFF,0xFF,0xFF,0xFF,0xFF,0xFF,0xFF,0xFF,0xFF,0xFF,
  0xFF,0x7F,0x3F,0x3F,0x1F,0x1F,0x9F,0x8F,0x8C,0xC4,0xC4,0xC4,0x44,0x44,0x0B,0x01,
  0x01,0x0B,0x71,0x03,0x07,0x0F,0x07,0x0F,0x3F,0x3F,0x7F,0xFF,0xFF,0xFF,0xFF,0xFF,
  0xFF,0xFF,0xFF,0xFF,0xFF,0xFF,0xFF,0xFF,0xFF,0xFF,0xFF,0xFF,0xFF,0xFF,0xFF,0xFF,
  0xFF,0xFF,0xFF,0xFF,0xFF,0xFF,0xFF,0xFF,0xFF,0xFF,0xFF,0xFF,0xFF,0xFF,0xFF,0xFF,
  0xFF,0xFF,0xFF,0xFF,0xFF,0xFF,0xFF,0xFF,0xFF,0xFF,0xFF,0xFF,0xFF,0xFF,0xFF,0xFF,
  0xFF,0xFF,0xFF,0xFF,0xFF,0xFF,0xFF,0xFF,0xFF,0xFF,0xFF,0xFF,0xFF,0xFF,0xFF,0xFF,
  0xFF,0xFF,0xFF,0xFF,0xFF,0xFF,0xFF,0xFF,0xFF,0xFF,0x3F,0x3F,0x1F,0x1F,0x1F,0x0E,
  0x06,0x07,0x07,0x03,0x03,0x83,0x81,0xC1,0x80,0x00,0x30,0xF0,0x10,0x00,0xE0,0xE0,
  0xE0,0xE0,0xF0,0x70,0x12,0x01,0x80,0x04,0x78,0x01,0x03,0x07,0x0F,0x1F,0x1F,0x3F,
  0x7F,0xFF,0xFF,0xFF,0xFF,0xFF,0xFF,0xFF,0xFF,0xFF,0xFF,0xFF,0xFF,0xFF,0xFF,0xFF,
  0xFF,0x07,0x03,0x01,0x01,0x01,0xC1,0xC1,0xC1,0x81,0x03,0x07,0x0F,0x0F,0x1F,0xFF,
  0xFF,0x03,0x03,0x03,0x03,0x1F,0xFF,0xFF,0x03,0x01,0x01,0x03,0x03,0x41,0x43,0x63,
  0x63,0xF7,0xFF,0xFF,0xFF,0xFF,0xFF,0xFF,0xFF,0xFF,0xFF,0xFF,0xFF,0xFF,0xFF,0xFF,
  0xFF,0xFF,0xFF,0xFF,0xFF,0xFF,0xFF,0xFF,0xF8,0xF8,0x7C,0x1F,0x3F,0x07,0x00,0x80,
  0xC0,0xFC,0xBF,0x3F,0x7F,0x7F,0x7F,0x7C,0xF0,0x00,0x03,0x78,0x3D,0x07,0xE3,0xE1,
  0xF0,0xF8,0xF8,0xFC,0x00,0xC0,0xF0,0xFC,0xFC,0xF8,0xF8,0xF0,0xE0,0xC4,0xC0,0xC0,
  0x80,0x11,0x11,0x01,0x01,0x03,0x07,0x07,0x0F,0x0F,0x1F,0x1F,0x3F,0xFF,0xFF,0xFF,
  0xFF,0xFF,0x80,0x80,0x03,0x0C,0x8F,0x87,0x87,0x81,0xC0,0xC0,0xE0,0xE0,0xF8,0xFF,
  0xDF,0x80,0x03,0x04,0x80,0xFF,0x8F,0x80,0x04,0x2B,0x08,0x08,0x08,0x1C,0xFF,0xFF,
  0xFF,0xFF,0xFF,0xFF,0xFF,0xFF,0xFF,0xFF,0xFF,0xFF,0xFF,0xFF,0xFF,0xFF,0xFF,0xFF,
  0xFF,0xF7,0x67,0x33,0x11,0x00,0xC0,0xE0,0xF0,0xF8,0xFC,0xFE,0xFF,0xFF,0xFF,0x7F,
  0x3F,0x3E,0x1E,0x0E,0x04,0x07,0x1D,0xFF,0xFF,0xFF,0xFF,0xFF,0x00,0xFF,0xFF,0xFF,
  0xFF,0xFF,0xFF,0xFF,0xFF,0xFF,0xFF,0xFF,0xFF,0xFE,0xFE,0xFC,0xF8,0xF8,0xF0,0xE0,
  0xE0,0xC0,0xC0,0x80,0x11,0x7C,0x01,0x03,0x07,0x0F,0x1F,0x3F,0x7F,0xFF,0xFF,0xFF,
  0x7F,0xFF,0xFF,0xFF,0xFF,0xFF,0xFF,0xFF,0xFF,0xFF,0xFF,0xFF,0xFF,0xFF,0xFF,0xFF,
  0xFF,0xFF,0xFF,0xFF,0xFF,0xFF,0xFF,0xFF,0xFF,0xFF,0xFF,0xFF,0xFF,0xFF,0xFF,0xFF,
  0xFF,0xFF,0xFF,0xFF,0xFF,0x7F,0x7F,0x3F,0x1F,0x9F,0xCF,0xC7,0xE3,0xE1,0xF0,0xF8,
  0xFC,0xFF,0xFF,0xFF,0x7F,0x0F,0x0F,0xC7,0xE3,0xF1,0xF8,0xFC,0xFE,0xFF,0xFE,0xFC,
  0xF8,0xF8,0xFE,0xFF,0xFE,0xFC,0xF0,0x80,0x01,0x03,0x07,0x87,0x9F,0x40,0xFF,0xFF,
  0xFF,0xFF,0xFF,0xFF,0xFF,0xFF,0xFF,0xFF,0xFF,0xFF,0xFF,0xFF,0xFF,0xFF,0xFF,0xFF,
  0xFF,0xFF,0xFF,0xFF,0xFF,0xFF,0xFF,0xFF,0xFE,0xFE,0xFC,0xF8,0xF8,0xF0,0xF0,0xE0,
  0xC0,0x80,0x05,0xD0,0x40,0xE0,0xF0,0xF0,0xB0,0x98,0x1C,0x30,0x39,0x39,0x39,0xF9,
  0x71,0x03,0x07,0x07,0x0F,0x1F,0x3F,0x3F,0x7F,0xFF,0xFF,0xFF,0xFF,0xFF,0xFF,0xFF,
  0xFF,0xFF,0xFF,0xFF,0xFF,0xFF,0xFF,0xFF,0xFF,0xFF,0x7F,0x3F,0x1F,0x9F,0x8F,0xC7,
  0xE3,0xF1,0xF8,0xFC,0xFE,0xFF,0xFF,0x7F,0x3F,0x3F,0x3F,0x9F,0x8F,0xC7,0xE3,0xF3,
  0xF9,0xF8,0xFC,0xFE,0xFB,0xFF,0xFF,0xFF,0xFF,0xFF,0xFF,0xFF,0xFF,0xFF,0xFF,0xFF,
  0xFF,0xFF,0xFF,0xFF,0xFF,0x3F,0x00,0x00,0xC7,0xFF,0x00,0x00,0xFF,0xDF,0xDF,0xFF,
  0xFF,0xFF,0xFF,0xFF,0xFF,0xFF,0xFF,0xFF,0xFF,0xFF,0xFF,0xFF,0xFF,0xFF,0xFF,0xFF,
  0xFF,0xFF,0xFF,0xFF,0xFF,0xFF,0xFF,0xFF,0xFF,0xFF,0xFF,0xFF,0xFF,0xFF,0xFF,0xFF,
  0xFE,0xFC,0xF8,0xF0,0xE0,0x01,0x03,0x03,0x07,0x01,0x00,0x00,0x30,0x22,0x42,0x02,
  0x00,0x20,0x00,0x00,0x01,0x02,0x10,0x70,0x00,0x01,0x0F,0x3F,0x3F,0x3F,0x1F,0x1F,
  0x9F,0x9F,0x9F,0xCF,0xCF,0xCF,0xC7,0xE3,0xF1,0xF8,0xFC,0xFE,0x7F,0x3F,0x3F,0x0F,
  0x8F,0xC7,0xE3,0xE3,0xF1,0xF8,0xFC,0xFC,0xFE,0xFF,0xFF,0xFF,0xFF,0xFF,0xFF,0xFF,
  0xFF,0xFF,0xFF,0xFF,0xFF,0xFF,0xFF,0xFF,0xFF,0xFF,0xFF,0xFF,0xFF,0xFF,0xFF,0xFF,
  0xFF,0xFF,0xFF,0xC3,0x04,0x7C,0x06,0x1F,0x20,0x40,0x03,0x3F,0x7F,0xFF,0xFF,0xFF,
  0xFF,0xFF,0xFF,0xFF,0xFF,0xFF,0xFF,0xFF,0xFF,0xFF,0xFF,0xFF,0xFF,0xFF,0xFF,0xFF,
  0xFF,0xFF,0xFF,0xFF,0xFF,0xFF,0xFF,0xFF,0xFF,0xFF,0xFF,0xFF,0xFF,0xFF,0xFF,0xFF,
  0xFF,0xFF,0xFF,0xFF,0xFE,0xFC,0xFC,0xF8,0xF8,0xF0,0xF0,0xF0,0xF8,0xF8,0xFC,0xFC,
  0xFC,0xFC,0x5C,0x00,0x00,0x10,0x3E,0x66,0xC6,0x07,0x06,0x2F,0x27,0x27,0x3F,0x3F,
  0x3F,0xFF,0xCF,0xFF,0xFF,0x7F,0x3F,0x1B,0x81,0xC0,0xE0,0xF8,0xFE,0xFF,0xFF,0xFF,
  0xFF,0xFF,0xFF,0xFF,0xFF,0xFF,0xFF,0xFF,0xFF,0xFF,0xFF,0xFF,0xFF,0xFF,0xFF,0xFF,
  0xFF,0xFF,0xFF,0xFF,0xFF,0xFF,0xFF,0xFF,0xFF,0xFF,0xFF,0xFF,0x7F,0x3F,0x1F,0x0F,
  0x07,0x02,0x00,0x00,0x00,0x00,0x00,0x00,0x00,0x00,0x00,0x00,
};
